baobaclieu.vn,utf-8,utf-8,utf_8
baobariavungtau.com.vn,,utf-8,utf_8
baobinhduong.vn,UTF-8,utf-8,utf_8
baocantho.com.vn,UTF-8,utf-8,utf_8
baochinhphu.vn,utf-8,utf-8,utf_8
baodansinh.vn,utf-8,utf-8,utf_8
baodauthau.vn,utf-8,utf-8,iso8859_11
baodautu.vn,,utf-8,utf_8
baodongnai.com.vn,,utf-8,utf_8
baogiaothong.vn,UTF-8,utf-8,utf_8
baohaiduong.vn,utf-8,utf-8,utf_8
baohatinh.vn,utf-8,utf-8,utf_8
baohoabinh.com.vn,,utf-8,utf_8
baokhanhhoa.vn,,utf-8,utf_8
baolangson.vn,UTF-8,utf-8,utf_8
baomoi.com,utf-8,utf-8,utf_8
baon.hu,UTF-8,utf-8,utf_8
baonghean.vn,utf-8,utf-8,utf_8
baoninhthuan.com.vn,utf-8,utf-8,utf_8
baophapluat.vn,utf-8,utf-8,utf_8
baoquangbinh.vn,,utf-8,utf_8
baoquangnam.vn,utf-8,utf-8,utf_8
baoquangninh.com.vn,,utf-8,utf_8
baoquocte.vn,utf-8,utf-8,utf_8
baosoctrang.org.vn,utf-8,utf-8,utf_8
baotainguyenmoitruong.vn,utf-8,utf-8,utf_8
baothaibinh.com.vn,UTF-8,utf-8,utf_8
baothainguyen.vn,utf-8,utf-8,utf_8
baothanhhoa.vn,utf-8,utf-8,utf_8
baotuyenquang.com.vn,,utf-8,utf_8
baovanhoa.vn,utf-8,utf-8,utf_8
baoxaydung.com.vn,utf-8,utf-8,utf_8
baoyenbai.com.vn,,utf-8,utf_8
barb.ua,UTF-8,utf-8,utf_8
barbara-kraus.com,utf-8,ascii,big5
barbora.ee,,ascii,ascii
barbora.lt,,utf-8,utf_8
barbora.lv,,Windows-1254,utf_8
barcelona.cat,utf-8,UTF-8-SIG,utf_8
bardiauto.ro,UTF-8,utf-8,utf_8
barfoot.co.nz,utf-8,utf-8,utf_8
baria-vungtau.gov.vn,,ascii,ascii
baritoday.it,utf-8,utf-8,utf_8
barjak.net,utf-8,ascii,big5
barks.jp,utf-8,utf-8,utf_8
barlamane.com,UTF-8,utf-8,utf_8
barmer.de,UTF-8,utf-8,utf_8
barnasegenbokverden.no,UTF-8,utf-8,utf_8
barnashus.no,utf-8,utf-8,utf_8
barnebys.se,utf-8,utf-8,utf_8
barnehage.no,UTF-8,utf-8,utf_8
barnesandnoble.com,UTF-8,utf-8,utf_8
barnevakten.no,UTF-8,utf-8,utf_8
barnsemester.se,utf-8,UTF-8-SIG,utf_8
barobirlik.org.tr,utf-8,utf-8,utf_8
barometern.se,utf-8,utf-8,utf_8
barona.fi,UTF-8,utf-8,utf_8
barrandov.tv,UTF-8,utf-8,utf_8
barrons.com,UTF-8,utf-8,utf_8
barta24.com,UTF-8,utf-8,utf_8
bartendersmanifesto.com,utf-8,ascii,big5
bartin.edu.tr,utf-8,utf-8,utf_8
bartleby.com,utf-8,utf-8,utf_8
bartog.si,utf-8,utf-8,utf_8
bartsboekje.com,UTF-8,utf-8,utf_8
bas.bg,UTF-8,utf-8,utf_8
basarisiralamalari.com,UTF-8,utf-8,utf_8
base.gov.pt,,ascii,ascii
baseconnect.in,utf-8,utf-8,utf_8
baselland.ch,utf-8,utf-8,utf_8
bashartek.com,UTF-8,utf-8,utf_8
basicenglishspeaking.com,UTF-8,utf-8,utf_8
basilica.ro,UTF-8,utf-8,utf_8
baskent.edu.tr,,utf-8,utf_8
basket.ee,UTF-8,utf-8,utf_8
basket.lv,UTF-8,utf-8,utf_8
basketnews.lt,UTF-8,utf-8,utf_8
baskino.me,UTF-8,utf-8,utf_8
baskino1.top,,ascii,ascii
bassin.ru,,windows-1251,cp1251
bastabalkana.com,UTF-8,utf-8,utf_8
bat-yam.muni.il,UTF-8,utf-8,utf_8
bata.cz,UTF-8,utf-8,utf_8
batam.go.id,UTF-8,Windows-1254,utf_8
batdongsan.com.vn,UTF-8,utf-8,
batiactu.com,utf-8,utf-8,utf_8
batiproduits.com,UTF-8,utf-8,utf_8
batmagasinet.no,UTF-8,utf-8,utf_8
baucenter.ru,UTF-8,utf-8,utf_8
bauernzeitung.ch,utf-8,utf-8,utf_8
bauhaus.at,UTF-8,utf-8,utf_8
bauhaus.bg,,ascii,ascii
bauhaus.ch,UTF-8,utf-8,utf_8
bauhaus.cz,,utf-8,utf_8
bauhaus.dk,UTF-8,utf-8,utf_8
bauhaus.ee,UTF-8,utf-8,utf_8
bauhaus.es,UTF-8,utf-8,utf_8
bauhaus.fi,UTF-8,utf-8,utf_8
bauhaus.hr,UTF-8,utf-8,utf_8
bauhaus.hu,UTF-8,utf-8,utf_8
bauhaus.info,UTF-8,utf-8,utf_8
bauhaus.no,UTF-8,utf-8,utf_8
bauhaus.se,UTF-8,utf-8,utf_8
bauhaus.si,UTF-8,utf-8,utf_8
bauhof.ee,UTF-8,utf-8,utf_8
baulinks.de,UTF-8,utf-8,utf_8
baumax.cz,,ascii,ascii
baur.de,,utf-8,utf_8
bauska.lv,UTF-8,utf-8,utf_8
bauskasdzive.lv,utf-8,utf-8,utf_8
bauundhobby.ch,UTF-8,utf-8,utf_8
bauwohnwelt.at,,utf-8,utf_8
bawabaa.org,UTF-8,Windows-1254,utf_8
bax-shop.nl,UTF-8,utf-8,utf_8
bayanealyaoume.press.ma,UTF-8,utf-8,utf_8
bayareaecogardens.org,UTF-8,utf-8,utf_8
bayern.de,UTF-8,Windows-1254,iso8859_9
bayerncs.de,utf-8,utf-8,utf_8
bayindirhastanesi.com.tr,utf-8,utf-8,utf_8
bayleys.co.nz,utf-8,Windows-1254,utf_8
bayt.com,UTF-8,utf-8,utf_8
baytdz.com,UTF-8,utf-8,utf_8
bayut.com,utf-8,utf-8,utf_8
bayut.sa,utf-8,Windows-1254,utf_8
bayviewmotel.net,utf-8,ascii,big5
baza-firm.com.pl,iso-8859-1,ascii,ascii
bazaarvietnam.vn,UTF-8,utf-8,utf_8
bazar.at,UTF-8,utf-8,utf_8
bazar.bg,utf-8,utf-8,utf_8
bazar.cz,utf-8,utf-8,utf_8
bazar.sk,UTF-8,utf-8,utf_8
bazaraki.com,utf-8,utf-8,utf_8
bazarek.pl,utf-8,utf-8,utf_8
bazarhorizonte.com.br,utf-8,utf-8,utf_8
bazonline.ch,utf-8,utf-8,utf_8
bazos.cz,UTF-8,utf-8,utf_8
bazos.sk,UTF-8,utf-8,utf_8
bazovo.ru,utf-8,utf-8,utf_8
bazzar.hr,utf-8,utf-8,utf_8
bb-shop.ro,UTF-8,utf-8,utf_8
bb-team.org,UTF-8,utf-8,utf_8
bb.lv,UTF-8,UTF-8-SIG,utf_8
bb.org.bd,UTF-8,utf-8,utf_8
bb.si,utf-8,utf-8,utf_8
bb30.it,,Windows-1252,cp850
bbb.org,,ascii,ascii
bbc.co.uk,,utf-8,utf_8
bbc.com,UTF-8,utf-8,utf_8
bbcgoodfood.com,UTF-8,utf-8,utf_8
bbn.my,iso-8859-1,ascii,ascii
bbonline.sk,UTF-8,utf-8,utf_8
bbva.com,utf-8,utf-8,utf_8
bbva.com.co,UTF-8,utf-8,utf_8
bbva.com.uy,UTF-8,utf-8,utf_8
bbva.mx,UTF-8,utf-8,utf_8
bbvaopenmind.com,,utf-8,utf_8
bc-naklo.si,utf-8,utf-8,utf_8
bc.lt,UTF-8,utf-8,utf_8
bca.co.id,utf-8,ascii,ascii
bcb.gob.bo,UTF-8,Windows-1252,utf_8
bcc.nl,utf-8,ISO-8859-1,utf_8
bcci.bg,,utf-8,utf_8
bccr.fi.cr,utf-8,ascii,
bcf.com.au,UTF-8,utf-8,utf_8
bcgroup-online.com,UTF-8,utf-8,utf_8
bcn.cl,,utf-8,utf_8
bcn.gob.ni,,UTF-8-SIG,utf_8
bcnretail.com,utf-8,utf-8,utf_8
bcp.com.bo,utf-8,utf-8,utf_8
bcr.ro,utf-8,utf-8,utf_8
bd-journal.com,UTF-8,ascii,ascii
bd-pratidin.com,UTF-8,utf-8,utf_8
bd.nl,,ascii,ascii
bdaugava.lv,,utf-8,utf_8
bdb.no,utf-8,utf-8,iso8859_9
bdjobs.com,,utf-8,utf_8
bdnews24.com,UTF-8,utf-8,utf_8
bdprice.com.bd,UTF-8,utf-8,utf_8
bdshop.com,UTF-8,utf-8,utf_8
bdstall.com,UTF-8,utf-8,utf_8
bdsviet.info,UTF-8,,utf_8
bdword.com,,utf-8,utf_8
bdz.bg,UTF-8,utf-8,utf_8
be-healthy.ro,UTF-8,utf-8,utf_8
be.ch,utf-8,utf-8,utf_8
be106.net,UTF-8,ascii,ascii
beams.co.jp,utf-8,utf-8,utf_8
beartai.com,,utf-8,utf_8
beatgogo.it,UTF-8,utf-8,utf_8
beatgogo.pt,UTF-8,utf-8,utf_8
beatosvirtuve.lt,UTF-8,utf-8,utf_8
beatport.com,utf-8,utf-8,utf_8
beaute-test.com,ISO-8859-1,Windows-1252,cp1250
beautetinkyriaki.gr,UTF-8,utf-8,utf_8
beautify.nl,UTF-8,utf-8,utf_8
beautycos.dk,UTF-8,utf-8,utf_8
beautydea.it,UTF-8,utf-8,utf_8
beautyhunter.co.th,UTF-8,utf-8,utf_8
beautynailhairsalons.com,UTF-8,ascii,ascii
beautynesia.id,UTF-8,ascii,ascii
beautypassage.nl,,ascii,ascii
beautyy.cc,,utf-8,utf_8
bebac.com,utf-8,utf-8,utf_8
bebebliss.ro,UTF-8,utf-8,utf_8
bebek.com,UTF-8,utf-8,utf_8
bebesymas.com,UTF-8,Windows-1252,utf_8
bebetei.ro,UTF-8,utf-8,utf_8
bebitus.pt,UTF-8,Windows-1254,utf_8
bebo.club,UTF-8,utf-8,utf_8
bebologija.rs,utf-8,utf-8,utf_8
beck-shop.de,utf-8,utf-8,utf_8
beck.de,,utf-8,utf_8
bectero.com,UTF-8,utf-8,utf_8
bed-and-breakfast.it,UTF-8,Windows-1252,cp1250
bedahlagu123.me,UTF-8,utf-8,utf_8
bedavamobilmp3.net,UTF-8,utf-8,utf_8
bedavamuzik.biz,UTF-8,Windows-1254,utf_8
bedbathandbeyond.ca,,utf-8,utf_8
bedbathandbeyond.com,utf-8,utf-8,utf_8
bedetheque.com,UTF-8,utf-8,utf_8
bedienungsanleitu.ng,utf-8,utf-8,utf_8
bedoemmelse.dk,utf-8,utf-8,
bedrelivsstil.dk,utf-8,utf-8,utf_8
bedrijfsinformatieonline.nl,UTF-8,utf-8,utf_8
bedrijvenmonitor.info,utf-8,ascii,ascii
bedrijvenpagina.nl,,utf-8,utf_8
bedrock.nl,UTF-8,Windows-1252,utf_8
bedste10.dk,UTF-8,utf-8,utf_8
beduka.com,utf-8,utf-8,utf_8
bee.deals,utf-8,,utf_8
bee.pl,ISO-8859-2,ISO-8859-1,iso8859_2
beebom.com,UTF-8,utf-8,utf_8
beecost.vn,utf-8,utf-8,utf_8
beehive.govt.nz,UTF-8,utf-8,utf_8
beeline.am,UTF-8,utf-8,utf_8
beeline.ru,utf-8,utf-8,utf_8
beemart.vn,utf-8,utf-8,utf_8
beenews.com,,ascii,ascii
beesoft.com.br,iso-8859-1,ascii,ascii
befit.bg,UTF-8,utf-8,utf_8
beforeafter.rs,UTF-8,utf-8,utf_8
begin-english.ru,utf-8,utf-8,utf_8
behance.net,utf-8,utf-8,utf_8
behindwoods.com,utf-8,IBM866,utf_8
behir.hu,UTF-8,utf-8,utf_8
beijerbygg.se,UTF-8,utf-8,utf_8
beinconnect.com.tr,,ascii,ascii
beinsports.com,UTF-8,ascii,ascii
beira.pt,UTF-8,Windows-1254,utf_8
beitberl.ac.il,utf-8,ascii,ascii
bekia.es,UTF-8,utf-8,utf_8
beko.com.tr,utf-8,utf-8,utf_8
beko.ro,UTF-8,utf-8,utf_8
bekredito.lt,UTF-8,utf-8,utf_8
belano.rs,UTF-8,utf-8,utf_8
belasmensagens.com.br,UTF-8,utf-8,utf_8
belastingdienst.nl,utf-8,ascii,ascii
belcy.jp,utf-8,utf-8,utf_8
beleske.com,UTF-8,utf-8,utf_8
belesmp3indirelim.co,UTF-8,utf-8,utf_8
belezaesaude.com,UTF-8,utf-8,utf_8
belezaextraordinaria.com.br,utf-8,utf-8,utf_8
belezanaweb.com.br,utf-8,utf-8,utf_8
belfastlive.co.uk,UTF-8,utf-8,utf_8
belfasttelegraph.co.uk,UTF-8,utf-8,utf_8
belfius.be,utf-8,utf-8,utf_8
belgiantrain.be,,utf-8,utf_8
belgium.be,,ascii,ascii
belgiumdigital.com,UTF-8,utf-8,utf_8
belk.com,UTF-8,utf-8,utf_8
bell.ca,UTF-8,ascii,
bellaebello.nl,utf-8,ascii,ascii
bellagiohomesfl.com,utf-8,ascii,big5
bellanaija.com,UTF-8,utf-8,utf_8
bellarose.sk,UTF-8,utf-8,utf_8
bellemaison.jp,,CP932,cp932
bellesdemeures.com,utf-8,ascii,ascii
bellevue-beaune.fr,UTF-8,utf-8,utf_8
belmedic.rs,UTF-8,utf-8,utf_8
belsimpel.nl,UTF-8,utf-8,utf_8
belta.by,UTF-8,utf-8,utf_8
beltip.ru,iso-8859-1,ascii,ascii
bemini.nl,utf-8,ascii,ascii
bemol.com.br,utf-8,utf-8,utf_8
bemolfarma.com.br,utf-8,utf-8,utf_8
bemparana.com.br,UTF-8,utf-8,utf_8
benchmark.pl,UTF-8,utf-8,utf_8
benchmark.rs,UTF-8,utf-8,utf_8
benditofutbol.com,UTF-8,utf-8,utf_8
bendrukeliu.lt,UTF-8,utf-8,utf_8
benesse.co.jp,,utf-8,utf_8
benesse.jp,UTF-8,utf-8,utf_8
benesse.ne.jp,,utf-8,utf_8
benessere360.com,UTF-8,utf-8,utf_8
benessereinofferta.it,UTF-8,Windows-1254,utf_8
benesserenaturaleitalia.it,,Windows-1252,utf_8
benetton.com,UTF-8,utf-8,utf_8
bengo4.com,,ascii,ascii
benh.vn,UTF-8,utf-8,utf_8
benhvien108.vn,utf-8,utf-8,utf_8
benhvienthucuc.vn,UTF-8,utf-8,utf_8
benimisyerim.net,UTF-8,utf-8,utf_8
bennet.com,UTF-8,utf-8,utf_8
benoitbouchez.com,UTF-8,utf-8,utf_8
benu.cz,utf-8,Windows-1254,utf_8
benu.ee,,Windows-1254,utf_8
benu.hu,UTF-8,utf-8,utf_8
benu.lt,,Windows-1254,utf_8
benu.lv,,Windows-1254,utf_8
benu.rs,UTF-8,utf-8,utf_8
benulekaren.sk,utf-8,Windows-1254,utf_8
benyehuda.org,utf-8,utf-8,utf_8
benzinga.com,utf-8,utf-8,utf_8
beo-lab.rs,UTF-8,utf-8,utf_8
beobachter.ch,utf-8,utf-8,utf_8
beobuild.rs,UTF-8,utf-8,utf_8
beofen-tv.co.il,windows-1255,ascii,ascii
beograd.rs,UTF-8,UTF-8-SIG,utf_8
beogradnocu.com,UTF-8,UTF-8-SIG,utf_8
beogradskioglasi.com,UTF-8,utf-8,utf_8
beograduzivo.rs,UTF-8,utf-8,utf_8
beok.co.il,,windows-1255,cp1255
beol.hu,UTF-8,utf-8,utf_8
beosport.com,UTF-8,utf-8,utf_8
beptruong.edu.vn,UTF-8,utf-8,utf_8
beremese.cz,utf-8,utf-8,utf_8
bergamonews.it,UTF-8,utf-8,utf_8
bergen.kommune.no,UTF-8,utf-8,utf_8
bergesbok.no,UTF-8,utf-8,utf_8
bergfex.at,UTF-8,utf-8,utf_8
bergfex.ch,UTF-8,utf-8,utf_8
bergfex.com,UTF-8,utf-8,utf_8
bergfex.de,UTF-8,utf-8,utf_8
bergfex.fr,UTF-8,utf-8,utf_8
bergfex.si,UTF-8,utf-8,utf_8
bergfex.sk,UTF-8,utf-8,utf_8
bergfreunde.de,,,utf_8
bergwelten.com,UTF-8,utf-8,utf_8
bergzeit.at,UTF-8,utf-8,utf_8
bergzeit.ch,UTF-8,utf-8,utf_8
bergzeit.de,UTF-8,utf-8,utf_8
beritagar.id,,ascii,ascii
beritaharian.sg,utf-8,utf-8,utf_8
beritasatu.com,UTF-8,ascii,ascii
beritnordstrand.no,iso-8859-1,ascii,ascii
berkeley.edu,UTF-8,utf-8,utf_8
berlin.de,UTF-8,utf-8,utf_8
berliner-zeitung.de,utf-8,utf-8,utf_8
berlingske.dk,UTF-8,utf-8,utf_8
bern.ch,utf-8,utf-8,utf_8
bernama.com,UTF-8,utf-8,utf_8
bernardcharpenel.com,utf-8,ascii,big5
bernardinai.lt,UTF-8,utf-8,utf_8
berneroberlaender.ch,utf-8,utf-8,utf_8
bernerzeitung.ch,utf-8,utf-8,utf_8
bernhoven.nl,utf-8,utf-8,utf_8
bershka.com,,ascii,ascii
bertrand.pt,UTF-8,utf-8,utf_8
beru.ru,utf-8,utf-8,utf_8
berufsberatung.ch,utf-8,utf-8,utf_8
besednjak.si,utf-8,utf-8,utf_8
besiktaskultursanat.com,UTF-8,utf-8,utf_8
beslist.be,UTF-8,utf-8,utf_8
beslist.nl,UTF-8,utf-8,utf_8
besnopile.rs,,ascii,ascii
besoccer.com,UTF-8,utf-8,utf_8
bespecialteam.com,UTF-8,utf-8,utf_8
besplatka.ua,UTF-8,utf-8,utf_8
best-i-test.nu,utf-8,utf-8,utf_8
best-personal.ro,utf-8,ascii,big5
best.sk,,Windows-1254,cp1250
bestauto.ro,utf-8,ISO-8859-1,utf_8
bestautovest.ro,UTF-8,utf-8,utf_8
bestbuy.com,,ascii,ascii
bestbuy.com.mx,,utf-8,
bestcarweb.jp,UTF-8,utf-8,utf_8
bestcours.net,UTF-8,utf-8,utf_8
bestdataprovider.com,UTF-8,utf-8,utf_8
bestdenki.com.sg,utf-8,utf-8,utf_8
beste.nl,UTF-8,ascii,ascii
bestenu.nl,UTF-8,utf-8,utf_8
besteproduct.nl,UTF-8,utf-8,utf_8
bestie.vn,utf-8,utf-8,utf_8
bestinau.com.au,UTF-8,Windows-1254,utf_8
bestinsingapore.co,UTF-8,ascii,ascii
bestjobs.eu,UTF-8,ascii,ascii
bestkids.ro,utf-8,ISO-8859-1,utf_8
bestkru.com,UTF-8,Windows-1254,utf_8
bestmarkt.hu,UTF-8,utf-8,utf_8
bestmobile.co.il,UTF-8,utf-8,utf_8
bestmovie.it,UTF-8,utf-8,utf_8
besto.bg,UTF-8,utf-8,utf_8
bestpharmacy.gr,UTF-8,utf-8,utf_8
bestpresent.jp,UTF-8,utf-8,utf_8
bestprice.gr,,ascii,ascii
bestprice.vn,UTF-8,utf-8,utf_8
bestpris.no,UTF-8,utf-8,utf_8
bestproducts.com,UTF-8,utf-8,utf_8
bestrecipes.com.au,UTF-8,utf-8,utf_8
bestrestaurants.com.au,utf-8,ascii,ascii
bestreview.asia,UTF-8,utf-8,utf_8
bestreviews.guide,utf-8,utf-8,utf_8
bestselgerklubben.no,UTF-8,utf-8,utf_8
bestsellerbrand.news,UTF-8,utf-8,utf_8
bestshopping.com,utf-8,utf-8,utf_8
bestvalueclean.com.au,UTF-8,ascii,ascii
beta.lt,UTF-8,utf-8,utf_8
beta.rs,utf-8,utf-8,utf_8
betarena.cz,,Windows-1254,utf_8
betaseries.com,UTF-8,utf-8,utf_8
betekenis-definitie.nl,utf-8,utf-8,utf_8
betekenis.be,UTF-8,utf-8,utf_8
betermedia.nl,,ascii,ascii
betexplorer.com,utf-8,utf-8,utf_8
betipulnet.co.il,utf-8,utf-8,
betterhealth.vic.gov.au,utf-8,utf-8,utf_8
bettingexpert.com,utf-8,utf-8,utf_8
betty.bg,UTF-8,utf-8,utf_8
betty.rs,UTF-8,utf-8,utf_8
bettybossi.ch,utf-8,ascii,ascii
bety.cz,utf-8,utf-8,utf_8
betydning-definisjoner.com,utf-8,utf-8,utf_8
bevachip.hu,UTF-8,utf-8,utf_8
bever.nl,utf-8,utf-8,utf_8
bewat.com.ar,iso-8859-1,ascii,ascii
beyazgazete.com,,utf-8,utf_8
beyazperde.com,,ascii,ascii
beycan.net,utf-8,UTF-8-SIG,utf_8
beymen.com,,,utf_8
bezaat.com,UTF-8,utf-8,utf_8
bezeq.co.il,utf-8,utf-8,utf_8
bezformata.com,UTF-8,utf-8,utf_8
bezhladoveni.cz,UTF-8,Windows-1254,utf_8
bezpecnostpotravin.cz,utf-8,utf-8,utf_8
bezplatno.bg,,utf-8,utf_8
bezplatno.net,UTF-8,utf-8,utf_8
bezprawnik.pl,UTF-8,utf-8,utf_8
bezrealitky.cz,UTF-8,utf-8,utf_8
bezrindas.lv,UTF-8,utf-8,cp1251
bezvasport.cz,UTF-8,Windows-1254,utf_8
bfh.ch,UTF-8,utf-8,utf_8
bfi.org.uk,utf-8,utf-8,utf_8
bfm.ru,UTF-8,utf-8,utf_8
bfmtv.com,utf-8,utf-8,utf_8
bfree2work.nl,utf-8,ascii,ascii
bg-mamma.com,UTF-8,ascii,ascii
bg-mania.jp,UTF-8,Windows-1254,utf_8
bg-voice.com,UTF-8,utf-8,utf_8
bg.ac.rs,UTF-8,utf-8,utf_8
bgdnes.bg,utf-8,utf-8,utf_8
bger.ch,UTF-8,utf-8,utf_8
bghlapeta.com,utf-8,utf-8,utf_8
bghotelite.com,,windows-1251,cp1251
bglog.net,utf-8,utf-8,utf_8
bgmaps.com,us-ascii,ascii,ascii
bgnesagency.com,utf-8,utf-8,utf_8
bgnow.eu,UTF-8,utf-8,utf_8
bgonair.bg,UTF-8,utf-8,utf_8
bgoperator.ru,utf-8,utf-8,utf_8
bgpdf.info,UTF-8,utf-8,utf_8
bgpost.bg,UTF-8,utf-8,utf_8
bgr.in,UTF-8,utf-8,utf_8
bgrabotodatel.com,UTF-8,ascii,ascii
bgregistar.com,utf-8,utf-8,utf_8
bgtime.tv,UTF-8,utf-8,utf_8
bgu.ac.il,utf-8,utf-8,
bguchebnik.com,UTF-8,utf-8,utf_8
bgvakancia.com,,utf-8,utf_8
bharian.com.my,UTF-8,ascii,ascii
bhaskar.com,utf-8,utf-8,utf_8
bhc.hu,utf-8,utf-8,utf_8
bhg.com,utf-8,utf-8,utf_8
bhg.com.au,utf-8,utf-8,utf_8
bhinneka.com,utf-8,Windows-1252,utf_8
bhol.co.il,utf-8,utf-8,utf_8
bhorerkagoj.com,UTF-8,utf-8,utf_8
bhphotovideo.com,,ascii,ascii
bhv.fr,UTF-8,ascii,ascii
bi.no,utf-8,utf-8,utf_8
bi.ua,UTF-8,utf-8,utf_8
bia-bg.com,,utf-8,utf_8
bialystokonline.pl,utf-8,utf-8,utf_8
bianet.org,,ascii,ascii
biano.cz,UTF-8,Windows-1254,utf_8
biano.hu,UTF-8,Windows-1254,utf_8
biano.ro,UTF-8,utf-8,utf_8
biano.sk,UTF-8,Windows-1254,utf_8
bib.no,UTF-8,utf-8,utf_8
bibalex.org,utf-8,utf-8,utf_8
bibaleze.si,,utf-8,utf_8
bibamagazine.fr,,ascii,ascii
bibi-star.jp,utf-8,utf-8,utf_8
biblegateway.com,UTF-8,utf-8,utf_8
biblehub.com,,ascii,ascii
biblestudytools.com,utf-8,utf-8,utf_8
biblia.work,UTF-8,utf-8,utf_8
bibliaon.com,ISO-8859-1,ISO-8859-1,cp1252
bibliatodo.com,UTF-8,utf-8,utf_8
biblio.toscana.it,utf-8,Windows-1254,utf_8
bibliocommons.com,utf-8,utf-8,utf_8
biblionetka.pl,utf-8,utf-8,utf_8
bibliotecanacionaldigital.gob.cl,UTF-8,utf-8,utf_8
bibliotek.dk,utf-8,utf-8,utf_8
biblioteka.lv,UTF-8,utf-8,utf_8
biblioteksvagten.dk,UTF-8,utf-8,utf_8
bibliotheek.be,UTF-8,utf-8,utf_8
bibliotheek.nl,UTF-8,ISO-8859-1,utf_8
biblos.si,UTF-8,utf-8,utf_8
bibna.gub.uy,UTF-8,utf-8,utf_8
bibsent.no,UTF-8,utf-8,utf_8
bicikel.com,utf-8,utf-8,utf_8
bidadari.my,UTF-8,utf-8,cp1125
bidorbuy.co.za,UTF-8,utf-8,utf_8
bidspirit.com,UTF-8,ascii,ascii
bidv.com.vn,UTF-8,utf-8,utf_8
biedronka.pl,UTF-8,utf-8,utf_8
bielertagblatt.ch,utf-8,utf-8,utf_8
bielsko.pl,,ISO-8859-1,iso8859_2
bien.hu,UTF-8,utf-8,utf_8
bienici.com,utf-8,utf-8,utf_8
bienpublic.com,utf-8,utf-8,utf_8
bif.rs,UTF-8,utf-8,utf_8
bifarma.com.br,,ascii,ascii
big4.com.au,utf-8,utf-8,
bigbang.si,utf-8,utf-8,utf_8
bigbasket.com,utf-8,utf-8,utf_8
bigbox.ee,UTF-8,ascii,ascii
bigbox.lt,utf-8,utf-8,utf_8
bigbox.lv,utf-8,utf-8,utf_8
bigboystoyscanberra.com.au,,ascii,ascii
bigc.co.th,UTF-8,ascii,ascii
bigc.vn,UTF-8,utf-8,utf_8
bigcommerce.com,utf-8,utf-8,utf_8
bigcyprus.com.cy,,ascii,ascii
bigdeal.co.il,utf-8,utf-8,utf_8
bigdeals.lk,UTF-8,utf-8,utf_8
bigenc.ru,utf-8,utf-8,utf_8
biggo.biz.id,utf-8,Windows-1254,utf_8
biggo.com,UTF-8,utf-8,utf_8
biggo.com.tw,utf-8,Windows-1254,utf_8
biggo.my,utf-8,Windows-1254,utf_8
bigl.ua,utf-8,utf-8,utf_8
biglion.ru,UTF-8,utf-8,utf_8
biglobe.ne.jp,,utf-8,utf_8
bigmir.net,UTF-8,utf-8,utf_8
bigomart.info,utf-8,utf-8,utf_8
bigpicture.ru,UTF-8,utf-8,utf_8
bigreddirectory.com,UTF-8,ascii,ascii
bigw.com.au,utf-8,utf-8,utf_8
bihon.ro,UTF-8,utf-8,utf_8
bijtantetine.nl,,ascii,ascii
bika.net,utf-8,utf-8,utf_8
bike-eshop.cz,iso-8859-2,ISO-8859-1,cp1252
bike-forum.cz,UTF-8,utf-8,utf_8
bike24.de,UTF-8,utf-8,utf_8
bikeboard.at,,ISO-8859-1,cp1250
bikedekho.com,,ascii,ascii
bikeit.gr,utf-8,utf-8,utf_8
biker.ee,UTF-8,utf-8,utf_8
bikeradar.com,UTF-8,utf-8,utf_8
bikeshop.no,utf-8,utf-8,utf_8
bikester.be,UTF-8,utf-8,utf_8
bikester.ch,UTF-8,utf-8,utf_8
bikester.fi,UTF-8,utf-8,utf_8
bikewale.com,utf-8,utf-8,utf_8
bikroy.com,utf-8,utf-8,utf_8
bil24.no,UTF-8,utf-8,utf_8
bilan.ch,UTF-8,utf-8,utf_8
bilbasen.dk,,,utf_8
bild.de,utf-8,utf-8,utf_8
bildderfrau.de,UTF-8,utf-8,utf_8
bileciklim.org,utf-8,ascii,big5
bilesuparadize.lv,utf-8,utf-8,utf_8
bilesuserviss.lv,UTF-8,utf-8,utf_8
bilet.com,UTF-8,utf-8,utf_8
biletall.com,utf-8,utf-8,utf_8
biletbayi.com,utf-8,utf-8,utf_8
biletix.com,,ascii,ascii
biletyna.pl,UTF-8,utf-8,utf_8
bilforumet.no,UTF-8,utf-8,utf_8
bilgalleri.dk,utf-8,utf-8,utf_8
bilgi.edu.tr,utf-8,utf-8,utf_8
bilgi90.com,utf-8,utf-8,utf_8
bilgicik.com,UTF-8,utf-8,utf_8
bilgiustam.com,UTF-8,Windows-1254,utf_8
bilgiyelpazesi.com,,Windows-1252,cp1254
bilhandel.dk,utf-8,utf-8,utf_8
bilia.se,utf-8,utf-8,utf_8
bilibili.com,utf-8,utf-8,utf_8
bilietai.lt,UTF-8,utf-8,utf_8
bilka.dk,UTF-8,utf-8,utf_8
bilkatogo.dk,UTF-8,utf-8,utf_8
bilki.bg,UTF-8,utf-8,utf_8
billa.at,utf-8,utf-8,utf_8
billa.sk,utf-8,utf-8,utf_8
billboard-japan.com,,utf-8,utf_8
billboard.com,utf-8,utf-8,utf_8
billedbladet.dk,utf-8,utf-8,utf_8
billetto.dk,utf-8,utf-8,utf_8
billiger.de,UTF-8,utf-8,utf_8
billigpris.eu,UTF-8,UTF-8-SIG,utf_8
billigvvs.dk,utf-8,utf-8,utf_8
bilmagasinet.dk,utf-8,utf-8,utf_8
bilnorge.no,iso-8859-1,Windows-1252,iso8859_10
biltema.dk,utf-8,utf-8,utf_8
biltema.fi,utf-8,utf-8,utf_8
biltema.no,utf-8,utf-8,utf_8
biltema.se,utf-8,utf-8,utf_8
biltorvet.dk,utf-8,utf-8,utf_8
bilutvs.net,UTF-8,UTF-8-SIG,utf_8
bilweb.se,utf-8,utf-8,utf_8
bilxtra.no,UTF-8,utf-8,utf_8
bim.bg,UTF-8,utf-8,utf_8
bim.com.tr,utf-8,utf-8,utf_8
bima-shop.hr,utf-8,utf-8,utf_8
bimbyworld.com,UTF-8,utf-8,
bimmers.no,UTF-8,utf-8,utf_8
binar.bg,UTF-8,utf-8,utf_8
binbaz.org.sa,UTF-8,utf-8,utf_8
binbin.vn,UTF-8,Windows-1254,utf_8
bing.com,utf-8,utf-8,hp_roman8
binglee.com.au,utf-8,ascii,ascii
bingochezgabi.ro,utf-8,ascii,big5
binhdinh.gov.vn,UTF-8,ascii,ascii
binhphuoc.gov.vn,utf-8,utf-8,utf_8
binnenlandsbestuur.nl,utf-8,utf-8,utf_8
binothaimeen.net,,UTF-8-SIG,utf_8
bintangasik.com,UTF-8,ascii,ascii
binus.ac.id,UTF-8,utf-8,utf_8
bio.edu.ee,,ISO-8859-1,cp1252
biobio.hr,utf-8,utf-8,utf_8
biobiochile.cl,,utf-8,utf_8
bioclinica.ro,utf-8,utf-8,utf_8
biogaya.co.il,UTF-8,utf-8,utf_8
biografiasyvidas.com,,ISO-8859-1,cp1252
biografieonline.it,UTF-8,Windows-1252,utf_8
biografija.org,UTF-8,utf-8,utf_8
biography.com,utf-8,utf-8,utf_8
bioguia.com,UTF-8,utf-8,utf_8
bioklinika.lt,iso-8859-1,ascii,ascii
bioland.sk,UTF-8,utf-8,utf_8
biolib.cz,utf-8,utf-8,utf_8
biolog.pl,UTF-8,utf-8,utf_8
biologianet.com,UTF-8,utf-8,utf_8
biologie-seite.de,UTF-8,utf-8,utf_8
biologydictionary.net,UTF-8,Windows-1252,utf_8
biologyonline.com,,ascii,ascii
biomall.bg,utf-8,utf-8,utf_8
biomedcentral.com,"""UTF-8""",utf-8,utf_8
biomedia.net,UTF-8,utf-8,utf_8
bioneer.ee,utf-8,utf-8,utf_8
biooo.cz,UTF-8,utf-8,utf_8
bior.lv,UTF-8,utf-8,utf_8
biosagenda.nl,UTF-8,utf-8,utf_8
biospajz.rs,UTF-8,utf-8,utf_8
biotechusa.hu,UTF-8,utf-8,utf_8
bip.gov.pl,utf-8,utf-8,utf_8
bip.krakow.pl,UTF-8,utf-8,utf_8
bip.malopolska.pl,UTF-8,utf-8,utf_8
bipa.at,UTF-8,Windows-1254,utf_8
bipa.hr,utf-8,utf-8,utf_8
bipbap.ru,UTF-8,Windows-1254,utf_8
biplan.be,,ascii,ascii
birdeye.com,UTF-8,utf-8,utf_8
birdz.sk,UTF-8,utf-8,utf_8
birgun.net,UTF-8,ascii,ascii
birmilyonnokta.com,UTF-8,utf-8,utf_8
birmingham.ac.uk,utf-8,utf-8,
birminghammail.co.uk,UTF-8,utf-8,utf_8
birmiss.com,UTF-8,utf-8,utf_8
birosag.hu,UTF-8,utf-8,utf_8
birrajebel.it,UTF-8,utf-8,
birthday.se,utf-8,utf-8,utf_8
bis.gov.lv,utf-8,utf-8,utf_8
bisa.com,,ISO-8859-1,cp1252
biscotto.gr,UTF-8,utf-8,utf_8
bishulim.co.il,utf-8,utf-8,utf_8
bisnode.hu,utf-8,utf-8,utf_8
bisnode.pl,utf-8,utf-8,utf_8
bisnode.rs,utf-8,utf-8,utf_8
bissoy.com,UTF-8,ascii,ascii
bistro.sk,UTF-8,utf-8,utf_8
bite.lt,UTF-8,utf-8,utf_8
bite.lv,UTF-8,utf-8,utf_8
biteki.com,UTF-8,utf-8,utf_8
bitepito.hu,windows-1250,ISO-8859-1,cp1250
bitno.net,UTF-8,utf-8,utf_8
biu.ac.il,UTF-8,utf-8,utf_8
biyografi.info,UTF-8,utf-8,utf_8
biz-journal.jp,UTF-8,utf-8,utf_8
biz-manager.com,UTF-8,UTF-8-SIG,utf_8
bizapore.com,,utf-8,utf_8
bizbook.be,UTF-8,utf-8,utf_8
bizbrasov.ro,UTF-8,utf-8,utf_8
bizcommunity.com,utf-8,utf-8,utf_8
bizdb.co.nz,UTF-8,utf-8,utf_8
bizevdeyokuz.com,UTF-8,utf-8,utf_8
bizi.si,utf-8,utf-8,utf_8
bizique.be,,utf-8,utf_8
bizireland.com,,ISO-8859-1,utf_8
bizjournals.com,,ascii,ascii
bizkontakte.com,,utf-8,utf_8
bizlife.rs,UTF-8,Windows-1254,utf_8
bizmakebiz.co.il,utf-8,utf-8,utf_8
bizmalay.com,,utf-8,utf_8
bizmideast.com,,utf-8,utf_8
biznesfinder.pl,utf-8,utf-8,utf_8
biznews.com,UTF-8,utf-8,utf_8
biznis.rs,UTF-8,utf-8,utf_8
bizoo.ro,UTF-8,ascii,ascii
bizorg.su,utf-8,Windows-1254,utf_8
bizportal.co.il,,ascii,ascii
bizreview.co.za,utf-8,utf-8,utf_8
bizseek.co.uk,,utf-8,utf_8
bizsouthasia.com,,utf-8,utf_8
bizzdo.se,utf-8,utf-8,utf_8
bizzness.net,UTF-8,utf-8,utf_8
bjbikers.com,UTF-8,utf-8,utf_8
bjurfors.se,utf-8,utf-8,utf_8
bka.gv.at,UTF-8,utf-8,utf_8
bkk.hu,utf-8,utf-8,utf_8
bkklovehoro.com,,ascii,ascii
bkkmenu.com,UTF-8,utf-8,utf_8
bkmkitap.com,UTF-8,utf-8,utf_8
bkus.lv,utf-8,utf-8,utf_8
bl-portal.com,UTF-8,utf-8,utf_8
bl.uk,utf-8,utf-8,utf_8
blaauwberg.net,,ascii,ascii
blabto.com,UTF-8,ascii,ascii
blackcattheatre.org,utf-8,ascii,big5
blacksheepraw.it,,ascii,ascii
blackwells.co.uk,UTF-8,utf-8,utf_8
blagoevgrad.eu,UTF-8,utf-8,utf_8
blancheporte.sk,UTF-8,utf-8,utf_8
blankzwemmen.nl,utf-8,ascii,ascii
blastingnews.com,UTF-8,utf-8,utf_8
bleacherreport.com,utf-8,Windows-1254,utf_8
bleedingcool.com,utf-8,utf-8,utf_8
blesk.cz,UTF-8,utf-8,utf_8
blessedbeginningsri.com,utf-8,ascii,big5
blic.rs,utf-8,utf-8,utf_8
blick.ch,utf-8,utf-8,utf_8
blik.co.il,utf-8,utf-8,utf_8
blikk.hu,utf-8,utf-8,utf_8
blinker.co.il,,ascii,ascii
blitz.bg,UTF-8,utf-8,utf_8
blitz.pt,UTF-8,utf-8,utf_8
blitzquotidiano.it,UTF-8,utf-8,utf_8
blivakker.no,utf-8,Windows-1254,utf_8
blix.pl,UTF-8,utf-8,utf_8
blizko.pro,UTF-8,utf-8,utf_8
blizko.ru,utf-8,Windows-1254,
bljesak.info,UTF-8,utf-8,utf_8
blockbuster.dk,,ascii,ascii
blockdit.com,utf-8,Windows-1254,utf_8
blocket.se,utf-8,utf-8,
blog.bg,windows-1251,windows-1251,cp1251
blog.google,utf-8,utf-8,utf_8
blog.hu,utf-8,utf-8,utf_8
blog.jp,utf8,utf-8,utf_8
blog.rs,UTF-8,Windows-1254,ptcp154
blog200porcento.com,utf-8,utf-8,utf_8
bloganchoi.com,UTF-8,utf-8,utf_8
blogchiasekienthuc.com,,ascii,ascii
blogdoenem.com.br,UTF-8,utf-8,utf_8
blogdumoderateur.com,UTF-8,utf-8,utf_8
blogg.se,utf-8,utf-8,utf_8
bloggang.com,tis-620,TIS-620,iso8859_11
bloggen.be,,utf-8,utf_8
blogger.ba,UTF-8,Windows-1254,utf_8
blogger.hu,UTF-8,utf-8,utf_8
bloggersdelight.dk,utf-8,ascii,ascii
blogginyou.nl,UTF-8,,ascii
bloggo.nu,UTF-8,utf-8,utf_8
bloggplatsen.se,ISO-8859-1,ISO-8859-1,cp1252
blogi.net,UTF-8,Windows-1252,utf_8
blogit.fi,utf-8,utf-8,utf_8
blogmura.com,UTF-8,Windows-1254,utf_8
blognone.com,,utf-8,utf_8
blogovoditel.com,cp1251,windows-1251,cp1251
blogradio.org,UTF-8,utf-8,utf_8
blogsicilia.it,UTF-8,utf-8,utf_8
blogstar.hu,UTF-8,ascii,ascii
blogthinkbig.com,UTF-8,utf-8,utf_8
blogto.com,utf-8,utf-8,utf_8
blogunik.com,UTF-8,utf-8,utf_8
blokker.nl,UTF-8,utf-8,utf_8
blomsterlandet.se,utf-8,utf-8,utf_8
bloodwoodtree.org.au,UTF-8,ascii,ascii
bloomberg.co.jp,utf-8,utf-8,utf_8
bloomberg.com,utf-8,ascii,
bloomberght.com,,utf-8,utf_8
bloombergquint.com,utf-8,utf-8,cp1125
bloombergtv.bg,UTF-8,utf-8,utf_8
bloomingdales.ae,UTF-8,utf-8,utf_8
bloomling.si,UTF-8,utf-8,iso8859_15
blove.site,iso-8859-1,ascii,ascii
blowmind.com.br,UTF-8,UTF-8-SIG,utf_8
blsak.eu,UTF-8,utf-8,utf_8
blt.se,utf-8,utf-8,utf_8
bluecats.com,UTF-8,utf-8,utf_8
bluecity.dk,UTF-8,utf-8,utf_8
bluehost.com,,utf-8,utf_8
blueprint.ng,UTF-8,utf-8,utf_8
bluesoft.com.br,iso-8859-1,ascii,ascii
bluestacks.com,UTF-8,Windows-1254,utf_8
bluewin.ch,utf-8,Windows-1252,utf_8
bluradio.com,,ascii,ascii
bluray-disc.de,UTF-8,utf-8,utf_8
blutv.com,utf-8,utf-8,utf_8
blv.no,UTF-8,utf-8,utf_8
bmbwf.gv.at,UTF-8,utf-8,utf_8
bme.hu,utf-8,utf-8,utf_8
bmeia.gv.at,utf-8,utf-8,utf_8
bmf.gv.at,UTF-8,utf-8,utf_8
bmi.gv.at,utf-8,utf-8,utf_8
bmj.com,utf-8,utf-8,utf_8
bmkg.go.id,,utf-8,utf_8
bmlrt.gv.at,UTF-8,utf-8,utf_8
bmsc.com.bo,us-ascii,ascii,ascii
bmstores.co.uk,UTF-8,utf-8,utf_8
bmta.co.th,utf-8,utf-8,utf_8
bmw-klubas.lt,,utf-8,utf_8
bmwclub.ee,UTF-8,utf-8,utf_8
bmwklub.sk,UTF-8,utf-8,utf_8
bmwpower-bg.net,utf-8,utf-8,
bmwpower.lv,UTF-8,utf-8,utf_8
bna.bh,utf-8,utf-8,utf_8
bna.com.ar,utf-8,utf-8,utf_8
bnamericas.com,UTF-8,utf-8,utf_8
bnb.bg,,utf-8,utf_8
bnbvv.it,,ascii,ascii
bndestem.nl,UTF-8,utf-8,utf_8
bnews.vn,utf-8,utf-8,utf_8
bnf.fr,UTF-8,utf-8,utf_8
bni.co.id,utf-8,utf-8,
bnm.gov.my,UTF-8,utf-8,utf_8
bnn.in.th,utf-8,utf-8,utf_8
bnn.lv,UTF-8,utf-8,cp1125
bnnbloomberg.ca,utf-8,utf-8,utf_8
bnnvara.nl,utf-8,utf-8,utf_8
bnpparibas.pl,UTF-8,utf-8,utf_8
bnpparibasfortis.be,UTF-8,utf-8,utf_8
bnr.bg,UTF-8,utf-8,utf_8
bnr.nl,UTF-8,utf-8,utf_8
bns.lt,iso-8859-1,ascii,ascii
bnt.bg,UTF-8,utf-8,utf_8
bntnews.bg,UTF-8,utf-8,utf_8
bnz.co.nz,,ascii,ascii
bo-bedre.no,utf-8,utf-8,utf_8
bo.de,utf-8,utf-8,utf_8
boardgamegeek.com,"""UTF-8""",ascii,ascii
boards.ie,utf-8,ascii,ascii
bobby-blade.com,UTF-8,ascii,ascii
bobedre.dk,utf-8,utf-8,utf_8
boboonline.dk,ISO-8859-1,ISO-8859-1,cp1252
bobteilas.lt,UTF-8,utf-8,utf_8
bobvila.com,utf-8,utf-8,utf_8
boc.lk,utf-8,utf-8,utf_8
bocongan.gov.vn,utf-8,utf-8,
bodas.com.mx,UTF-8,utf-8,utf_8
bodas.net,UTF-8,utf-8,utf_8
bodegaaurrera.com.mx,,ascii,ascii
bodeweshuisarts.nl,utf-8,ascii,ascii
bodieko.si,UTF-8,utf-8,utf_8
bodo.ua,UTF-8,Windows-1254,utf_8
body-n-coach.com,utf-8,ascii,big5
bodyandsoul.com.au,UTF-8,utf-8,utf_8
bodylab.dk,,utf-8,utf_8
bodzio.pl,UTF-8,utf-8,utf_8
boe.es,UTF-8,ascii,ascii
boe.gov.sa,utf-8,utf-8,utf_8
boekwinkeltjes.nl,UTF-8,utf-8,utf_8
boerderij.nl,UTF-8,utf-8,utf_8
boerse-express.com,utf-8,utf-8,utf_8
bog-ide.dk,utf-8,utf-8,utf_8
bog.dk,UTF-8,utf-8,utf_8
bog.nu,utf-8,utf-8,utf_8
bogastvozdravja.si,utf-8,utf-8,utf_8
bogota.gov.co,UTF-8,Windows-1252,utf_8
bohatstvo-prirody.sk,UTF-8,utf-8,utf_8
bohemiapc.cz,utf-8,utf-8,utf_8
bohinj.si,UTF-8,utf-8,utf_8
bohus.no,utf-8,Windows-1252,utf_8
bohuslaningen.se,utf-8,utf-8,utf_8
boi.org.il,utf-8,utf-8,
bokadirekt.se,utf-8,utf-8,utf_8
bokborsen.se,UTF-8,utf-8,utf_8
bokelskere.no,utf-8,utf-8,utf_8
bokete.jp,UTF-8,utf-8,utf_8
bokkilden.no,UTF-8,utf-8,utf_8
bokklubben.no,UTF-8,utf-8,utf_8
bokt.nl,UTF-8,utf-8,utf_8
boktips.no,UTF-8,utf-8,utf_8
boktugg.se,UTF-8,Windows-1254,utf_8
boku.ac.at,utf-8,utf-8,utf_8
bokus.com,iso-8859-1,ISO-8859-1,cp1252
bol.com,UTF-8,utf-8,utf_8
bola.com,UTF-8,utf-8,utf_8
bola.net,,ascii,ascii
bolagsfakta.se,utf-8,utf-8,utf_8
bolasport.com,UTF-8,utf-8,utf_8
bolavip.com,UTF-8,utf-8,utf_8
boldsky.com,UTF-8,utf-8,utf_8
bolenzdrav.com,UTF-8,utf-8,utf_8
bolgegundem.com,UTF-8,utf-8,utf_8
bolha.com,utf-8,utf-8,utf_8
boliga.dk,utf-8,Windows-1252,utf_8
boligcenter.dk,utf-8,utf-8,utf_8
boligdeal.dk,utf-8,utf-8,utf_8
bolighed.dk,utf-8,utf-8,utf_8
boligmagasinet.dk,utf-8,utf-8,utf_8
boligpluss.no,utf-8,utf-8,utf_8
boligportal.dk,utf-8,utf-8,utf_8
boligsiden.dk,utf-8,utf-8,utf_8
bolist.se,utf-8,utf-8,utf_8
bolius.dk,utf-8,utf-8,utf_8
bolivia.com,utf-8,utf-8,utf_8
boliviaemprende.com,UTF-8,utf-8,utf_8
boliviaentusmanos.com,UTF-8,utf-8,utf_8
boliviayp.com,UTF-8,utf-8,utf_8
bollywoodhungama.com,UTF-8,utf-8,utf_8
