castillalamancha.es,,utf-8,utf-8
castorama.fr,utf-8,utf-8,utf-8
castorama.pl,utf-8,utf-8,utf-8
castorama.ru,UTF-8,utf-8,utf-8
castro.com,UTF-8,utf-8,utf-8
castroelectronica.pt,utf-8,utf-8,utf-8
cat-house.lv,UTF-8,,utf-8
catalog.bg,,windows-1251,windows-1251
catalogo.med.br,,ISO-8859-1,Windows-1252
catalogodeempresas.cl,iso-8859-1,ascii,ascii
catalogue-24.com,UTF-8,utf-8,utf-8
cataloxy.ru,"""utf-8""",utf-8,utf-8
catawiki.be,utf-8,utf-8,utf-8
catawiki.de,utf-8,utf-8,utf-8
catawiki.dk,utf-8,utf-8,utf-8
catawiki.fi,utf-8,utf-8,utf-8
catawiki.fr,utf-8,utf-8,utf-8
catawiki.it,utf-8,utf-8,utf-8
catawiki.nl,utf-8,utf-8,utf-8
catawiki.no,utf-8,utf-8,utf-8
catawiki.se,utf-8,utf-8,utf-8
catch.co.nz,UTF-8,utf-8,utf-8
catch.com.au,UTF-8,Windows-1252,utf-8
catchnews.com,UTF-8,ascii,utf-8
catdumb.com,UTF-8,utf-8,utf-8
catedu.es,UTF-8,utf-8,utf-8
catena.ro,UTF-8,utf-8,utf-8
catenapascupas.ro,UTF-8,utf-8,utf-8
catharinaziekenhuis.nl,UTF-8,utf-8,utf-8
cathedralcollege.org,UTF-8,ascii,
catho.com.br,utf-8,utf-8,utf-8
catholic.net,,utf-8,utf-8
catholique.fr,UTF-8,Windows-1254,utf-8
catie.ac.cr,utf-8,UTF-8-SIG,UTF-8-SIG
catracalivre.com.br,UTF-8,utf-8,utf-8
causeiq.com,utf-8,ISO-8859-1,utf-8
cautaoferte.ro,UTF-8,Windows-1252,utf-8
cavally.org,UTF-8,ascii,
cawalisse.com,UTF-8,Windows-1254,utf-8
cayshconcierge.org,utf-8,ascii,ascii
cazaofertas.com.mx,UTF-8,utf-8,utf-8
cazeres-arthurimmo.com,utf-8,ascii,ascii
cba.pl,utf-8,utf-8,utf-8
cba24n.com.ar,utf-8,ascii,
cbc-eg.com,UTF-8,utf-8,utf-8
cbc.ca,utf-8,utf-8,utf-8
cbc.rs,UTF-8,utf-8,utf-8
cbdb.cz,UTF-8,utf-8,utf-8
cbfcameroun.org,UTF-8,utf-8,utf-8
cbj.gov.jo,utf-8,utf-8,
cbn.gov.ng,utf-8,ascii,ascii
cbpconstructorsllc.com,utf-8,ascii,ascii
cbr.ru,utf-8,utf-8,
cbs.dk,utf-8,utf-8,utf-8
cbs.gov.il,utf-8,utf-8,
cbs.nl,utf-8,ISO-8859-1,utf-8
cbsl.gov.lk,us-ascii,ascii,ascii
cbslocal.com,UTF-8,utf-8,utf-8
cbsnews.com,UTF-8,ascii,utf-8
cbssports.com,UTF-8,utf-8,utf-8
cbvacc.fr,utf-8,utf-8,utf-8
cca.org.mx,,ascii,ascii
ccb.org.co,UTF-8,utf-8,utf-8
ccbank.bg,UTF-8,utf-8,utf-8
ccc.eu,UTF-8,utf-8,utf-8
ccc.govt.nz,utf-8,utf-8,utf-8
ccea.org.uy,,ascii,ascii
ccespana.cl,UTF-8,utf-8,
cchan.tv,utf-8,Windows-1254,utf-8
ccm.net,UTF-8,utf-8,utf-8
ccma.cat,UTF-8,utf-8,utf-8
ccoo.es,ISO-8859-1,Windows-1252,latin_1
ccpc.ie,UTF-8,Windows-1252,utf-8
cctv.com,utf-8,,utf-8
ccute.cc,UTF-8,utf-8,utf-8
cd.cz,UTF-8,utf-8,utf-8
cda.pl,UTF-8,utf-8,utf-8
cdaction.pl,UTF-8,UTF-8-SIG,UTF-8-SIG
cdageldrop-mierlo.nl,utf-8,ascii,ascii
cdc.gov,,utf-8,
cdd.go.th,UTF-8,Windows-1254,utf-8
cdenv.be,utf-8,utf-8,utf-8
cdep.ro,ISO-8859-2,ISO-8859-1,ISO-8859-2
cdio.cl,UTF-8,ascii,ascii
cdiscount.com,,utf-8,
cdjournal.com,EUC-JP,EUC-JP,euc_jis_2004
cdm.me,UTF-8,ascii,
cdmx.gob.mx,UTF-8,utf-8,utf-8
cdr.cz,,utf-8,utf-8
cdt-babes.ro,UTF-8,UTF-8-SIG,UTF-8-SIG
cea.com.br,utf-8,utf-8,utf-8
ceara.gov.br,UTF-8,Windows-1254,utf-8
cebeo.be,,ascii,latin_1
cec.com.br,utf-8,utf-8,iso8859_15
cecierj.edu.br,UTF-8,utf-8,utf-8
cedars-sinai.org,utf-8,utf-8,
cedeo.fr,UTF-8,utf-8,utf-8
cefarm24.pl,UTF-8,Windows-1254,ptcp154
ceges.org,UTF-8,utf-8,utf-8
ceginfo.hu,UTF-8,utf-8,utf-8
ceibal.edu.uy,UTF-8,utf-8,utf-8
ceip.edu.uy,utf-8,utf-8,utf-8
cekaja.com,UTF-8,utf-8,utf-8
cekin.si,,utf-8,utf-8
cekos.rs,utf-8,utf-8,utf-8
cel.ro,UTF-8,utf-8,utf-8
celakaja.lv,utf-8,utf-8,utf-8
celcom.com.my,utf-8,ascii,
celeberrima.com,UTF-8,utf-8,utf-8
celebritynetworth.com,UTF-8,utf-8,utf-8
celeiro.pt,UTF-8,utf-8,utf-8
celestino.gr,utf-8,utf-8,utf-8
celiakia.sk,,utf-8,utf-8
celje.info,UTF-8,utf-8,utf-8
cell.com,UTF-8,utf-8,utf-8
cellbazaar.com,UTF-8,utf-8,utf-8
cellcom.co.il,,ascii,utf-8
celojumubode.lv,UTF-8,utf-8,utf-8
celostnimedicina.cz,UTF-8,utf-8,utf-8
celotajs.lv,UTF-8,utf-8,utf-8
celsis.lt,UTF-8,utf-8,utf-8
cemaco.com,utf-8,utf-8,utf-8
cena-vykon.cz,UTF-8,utf-8,utf-8
ceneje.si,utf-8,utf-8,
ceneo.pl,utf-8,utf-8,utf-8
ceneolokalnie.pl,utf-8,utf-8,utf-8
cengage.com,,ascii,ascii
cenia.cz,UTF-8,utf-8,utf-8
ceno.lv,UTF-8,,utf-8
cenoteka.rs,UTF-8,utf-8,utf-8
cenowarka.pl,utf-8,utf-8,utf-8
censor.net,UTF-8,ascii,
centar-tehnike.hr,utf-8,utf-8,utf-8
centarzaprirodnumedicinu.com,UTF-8,utf-8,utf-8
centarzdravlja.hr,utf-8,utf-8,utf-8
centauro.com.br,,ascii,ascii
centerblog.net,UTF-8,utf-8,utf-8
centerslo.si,UTF-8,Windows-1254,
centhini-resort.com,utf-8,ascii,ascii
centrakor.com,UTF-8,utf-8,utf-8
central.co.th,utf-8,utf-8,utf-8
centralamericadata.com,UTF-8,UTF-8-SIG,UTF-8-SIG
centralcalaztecs.org,UTF-8,utf-8,utf-8
centraldereservas.com,UTF-8,utf-8,utf-8
centraledesmarches.com,utf-8,utf-8,utf-8
centralindex.com,UTF-8,Windows-1252,utf-8
centralpharmacy.gr,utf-8,utf-8,utf-8
centralpoint.be,UTF-8,ascii,utf-8
centralpoint.nl,,utf-8,utf-8
centre-equestre-prevote.fr,UTF-8,utf-8,utf-8
centrepointstores.com,UTF-8,ascii,
centroaperture.it,UTF-8,ISO-8859-1,
centrocongressipantarei.it,,ascii,ascii
centrodeprensa.org,iso-8859-1,ascii,ascii
centrolinguebenaco.com,UTF-8,utf-8,utf-8
centrometeoitaliano.it,UTF-8,utf-8,utf-8
centrotoys.it,,ascii,ascii
centrovolantini.it,utf-8,utf-8,utf-8
centroxogo.pt,iso-8859-1,ascii,ascii
centrul-provita.ro,UTF-8,utf-8,utf-8
centrulgermanbistrita.ro,utf-8,ascii,ascii
centrum.cz,utf-8,utf-8,utf-8
centrum.sk,UTF-8,utf-8,utf-8
century21.com,UTF-8,utf-8,
century21.fr,utf-8,utf-8,utf-8
century21.pt,utf-8,utf-8,utf-8
century21mexico.com,UTF-8,utf-8,utf-8
cenuklubs.lv,UTF-8,utf-8,utf-8
cenzolovka.rs,UTF-8,utf-8,utf-8
ceon.pl,utf-8,utf-8,utf-8
ceon.rs,utf-8,utf-8,utf-8
cepal.org,utf-8,utf-8,utf-8
cepalmex.com,iso-8859-1,ascii,ascii
cepkolik.com,UTF-8,utf-8,utf-8
ceps.io,utf-8,utf-8,utf-8
ceptenmuzikindir.me,UTF-8,utf-8,utf-8
cercacasa.it,UTF-8,utf-8,utf-8
cercasicasa.it,,utf-8,utf-8
cerebriti.com,UTF-8,utf-8,utf-8
ceriasihat.com,UTF-8,utf-8,
cerist.dz,utf-8,utf-8,utf-8
cermati.com,utf-8,ascii,utf-8
ceroacero.es,,Windows-1252,Windows-1252
cerradodecalderon.es,,ascii,ascii
cervantesvirtual.com,UTF-8,utf-8,utf-8
cervantesycia.com,UTF-8,utf-8,utf-8
cervenykoberec.cz,UTF-8,utf-8,utf-8
cervera.se,utf-8,utf-8,utf-8
ces.edu.co,,utf-8,utf-8
ces.edu.uy,utf-8,utf-8,utf-8
cesis.lv,,utf-8,utf-8
ceskaordinace.cz,UTF-8,utf-8,utf-8
ceskatelevize.cz,UTF-8,UTF-8-SIG,UTF-8-SIG
ceskehory.cz,UTF-8,UTF-8-SIG,UTF-8-SIG
ceskenapady.cz,UTF-8,utf-8,utf-8
ceskenoviny.cz,utf-8,utf-8,utf-8
ceskereality.cz,iso-8859-1,ascii,ascii
ceskestavby.cz,UTF-8,utf-8,utf-8
cesko-katalog.cz,utf-8,utf-8,utf-8
cesky-jazyk.cz,utf-8,utf-8,utf-8
ceskykutil.cz,utf-8,utf-8,utf-8
cestujlevne.com,utf-8,Windows-1254,utf-8
cet.ac.il,utf-8,ascii,
cet.edu.vn,utf-8,utf-8,utf-8
cetinkaya.com.tr,utf-8,utf-8,
cetrogar.com.ar,UTF-8,utf-8,utf-8
ceupe.com,utf-8,GB2312,utf-8
cevirce.com,UTF-8,UTF-8-SIG,UTF-8-SIG
cevirsozluk.com,,utf-8,utf-8
ceylonlanka.info,UTF-8,utf-8,utf-8
ceylontoday.lk,UTF-8,utf-8,utf-8
cez.cz,utf-8,utf-8,utf-8
cfaa-antony.fr,UTF-8,utf-8,utf-8
cfla.gov.lv,UTF-8,utf-8,utf-8
cfr.org,UTF-8,utf-8,utf-8
cfrcalatori.ro,UTF-8,utf-8,utf-8
cgasofa.it,,ascii,ascii
cgd.pt,utf-8,utf-8,
cgiar.org,UTF-8,utf-8,utf-8
cgtn.com,,utf-8,utf-8
ch.ch,UTF-8,utf-8,utf-8
ch10.co.il,UTF-8,utf-8,utf-8
ch3plus.com,utf-8,utf-8,utf-8
ch3thailand.com,UTF-8,utf-8,utf-8
ch7.com,UTF-8,utf-8,utf-8
chabad.info,,ascii,ascii
chabad.org,UTF-8,ascii,
chabad.org.il,,windows-1255,
chacodiapordia.com,,,utf-8
challenge.ma,UTF-8,utf-8,utf-8
challenges.fr,utf-8,utf-8,utf-8
chalupnikovi.com,,ISO-8859-1,windows-1250
chamber.lt,UTF-8,utf-8,utf-8
chamber.lv,UTF-8,utf-8,utf-8
chamber.org.il,utf-8,utf-8,utf-8
chamberlains.co.za,UTF-8,utf-8,
chambersdesignandbuild.com,UTF-8,utf-8,utf-8
chambredesrepresentants.ma,utf-8,utf-8,
chambres-hotes.fr,UTF-8,utf-8,utf-8
champagnevilla.com,utf-8,ascii,ascii
championat.com,utf-8,ascii,ascii
changiairport.com,utf-8,utf-8,utf-8
chanhtuoi.com,UTF-8,utf-8,utf-8
channelionline.com,UTF-8,utf-8,utf-8
channelnewsasia.com,,ascii,ascii
channelranking.com,UTF-8,utf-8,utf-8
channelstv.com,UTF-8,utf-8,utf-8
charika.ma,iso-8859-1,ascii,ascii
charita.cz,UTF-8,utf-8,utf-8
charlot.ee,utf-8,utf-8,utf-8
chartsinfrance.net,iso-8859-1,Windows-1252,cp775
chaseveritt.co.za,utf-8,utf-8,utf-8
chatar-chalupar.cz,UTF-8,utf-8,utf-8
chatelaine.com,UTF-8,utf-8,utf-8
chatlanka.com,UTF-8,ascii,utf-8
chavesnamao.com.br,utf-8,utf-8,utf-8
chceauto.pl,UTF-8,utf-8,utf-8
che.org.il,UTF-8,utf-8,utf-8
cheapies.nz,utf-8,utf-8,utf-8
cheaprialto.news,UTF-8,utf-8,utf-8
cheatsheet.com,UTF-8,utf-8,utf-8
check24.de,UTF-8,utf-8,utf-8
checkatrade.com,UTF-8,ascii,
checkers.co.za,UTF-8,utf-8,utf-8
checkid.co.il,utf-8,utf-8,
checkinchill.com,UTF-8,Windows-1254,utf-8
checkincyprus.com,utf-8,utf-8,utf-8
checkmypostcode.uk,,ascii,utf-8
checko.ru,utf-8,ascii,ascii
checkraka.com,utf-8,utf-8,utf-8
checkreviews-bg.eu,iso-8859-1,ascii,ascii
checkreviews-hu.eu,iso-8859-1,ascii,ascii
checkreviews-sa.online,iso-8859-1,ascii,ascii
chedonna.it,UTF-8,utf-8,utf-8
chedraui.com.mx,UTF-8,utf-8,utf-8
cheerup.jp,utf-8,Windows-1254,utf-8
chef-lavan.co.il,,ascii,ascii
chefaa.com,UTF-8,utf-8,utf-8
chefkoch.de,UTF-8,utf-8,
chefsimon.com,utf-8,utf-8,utf-8
chegg.com,,ascii,utf-8
cheki.co.ke,UTF-8,utf-8,utf-8
chelsea.co.nz,UTF-8,ascii,utf-8
chemie.de,UTF-8,utf-8,utf-8
chemistwarehouse.co.nz,utf-8,utf-8,utf-8
chemistwarehouse.com.au,UTF-8,ascii,
chequeado.com,UTF-8,utf-8,utf-8
cherchons.com,ISO-8859-1,Windows-1252,latin_1
cheridot.com,UTF-8,ascii,utf-8
chernomore.bg,UTF-8,utf-8,utf-8
chernomorie-bg.com,UTF-8,utf-8,utf-8
chesser.ie,UTF-8,utf-8,utf-8
chevalchic.fr,utf-8,utf-8,utf-8
chevroletlebanon.com,utf-8,ascii,ascii
chhiwati.com,iso-8859-1,ascii,ascii
chiaki.vn,UTF-8,utf-8,utf-8
chiangmainews.co.th,UTF-8,utf-8,utf-8
chiangraifocus.com,UTF-8,Windows-1254,utf-8
chiaracifraeventi.it,UTF-8,Windows-1254,utf-8
chiasenhac.vn,UTF-8,utf-8,utf-8
chicagotribune.com,UTF-8,utf-8,utf-8
chicagovoices.org,utf-8,ascii,ascii
chicco.pt,,Windows-1254,utf-8
chickslovefood.com,UTF-8,utf-8,utf-8
chiemtaimobile.vn,utf-8,utf-8,utf-8
chiesacattolica.it,UTF-8,utf-8,
chihuahua.gob.mx,utf-8,utf-8,utf-8
chilango.com,,Windows-1254,utf-8
chile.gob.cl,UTF-8,utf-8,utf-8
chileatiende.gob.cl,,ascii,ascii
chileautos.cl,utf-8,utf-8,utf-8
chiletrabajos.cl,UTF-8,utf-8,utf-8
chilevision.cl,utf-8,utf-8,utf-8
chillchilljapan.com,,utf-8,utf-8
chilli.ee,UTF-8,utf-8,utf-8
chilli.se,,ascii,ascii
chillin.sk,UTF-8,utf-8,utf-8
chillizet.pl,utf-8,utf-8,utf-8
chillpainai.com,UTF-8,utf-8,utf-8
chilltalks.org,utf-8,utf-8,utf-8
chimerarevo.com,UTF-8,utf-8,utf-8
chimica-online.it,,utf-8,utf-8
china.com.cn,UTF-8,utf-8,utf-8
chinadaily.com.cn,,ascii,ascii
chinanews.com,,utf-8,utf-8
chinapdv.com,UTF-8,utf-8,utf-8
chinapress.com.my,UTF-8,ascii,utf-8
chinatimes.com,utf-8,utf-8,utf-8
chinhphu.vn,,ascii,ascii
chintai.net,UTF-8,utf-8,utf-8
chintaistyle.jp,shift_jis,SHIFT_JIS,SHIFT_JIS
chip.com.tr,,utf-8,utf-8
chip.cz,utf-8,utf-8,utf-8
chip.de,UTF-8,utf-8,utf-8
chip.pl,UTF-8,utf-8,utf-8
chip7.pt,UTF-8,ascii,
chipdip.ru,utf-8,utf-8,utf-8
chipest.co.il,utf-8,utf-8,
chipmycat.com,utf-8,ascii,ascii
chipoteka.hr,UTF-8,utf-8,utf-8
chitai-gorod.ru,,ascii,ascii
chitanka.info,UTF-8,utf-8,utf-8
chmi.cz,utf-8,utf-8,utf-8
chobirich.com,Shift_JIS,SHIFT_JIS,GB18030
chobrod.com,utf-8,utf-8,
chocale.cl,UTF-8,utf-8,utf-8
chocochili.net,UTF-8,utf-8,utf-8
chodocu.com,utf-8,utf-8,utf-8
choice.com.au,utf-8,utf-8,utf-8
choicehotels.com,utf-8,utf-8,utf-8
chollo.es,UTF-8,utf-8,utf-8
chollometro.com,UTF-8,Windows-1254,utf-8
chomikuj.pl,utf-8,utf-8,utf-8
chooseklaipeda.lt,UTF-8,utf-8,utf-8
choowap.com,,utf-8,utf-8
chope.co,UTF-8,utf-8,utf-8
chordguitar.net,,ascii,ascii
chordhit.com,UTF-8,Windows-1254,
chordify.net,utf-8,utf-8,utf-8
chordlanka.com,utf-8,ascii,utf-8
chordmun.com,UTF-8,utf-8,utf-8
chordslankalk.com,UTF-8,Windows-1252,latin_1
chordsmelody.com,UTF-8,utf-8,utf-8
chordssrilanka.com,UTF-8,utf-8,utf-8
chordtabs.in.th,UTF-8,utf-8,utf-8
chordtela.com,UTF-8,utf-8,utf-8
chordu.com,UTF-8,ascii,utf-8
chordzaa.com,UTF-8,utf-8,utf-8
chotot.com,utf-8,utf-8,utf-8
chouftv.ma,UTF-8,ascii,
chovatelahospodar.sk,utf-8,utf-8,utf-8
chovzvirat.cz,utf-8,utf-8,utf-8
chowhound.com,utf-8,utf-8,utf-8
chp.co.il,UTF-8,utf-8,utf-8
chr.bg,UTF-8,utf-8,utf-8
chrichri.dk,UTF-8,utf-8,utf-8
christchurchcitylibraries.com,UTF-8,utf-8,utf-8
christian-dogma.com,UTF-8,utf-8,utf-8
christianity.com,utf-8,utf-8,utf-8
christianperret.es,,ascii,ascii
christiantour.ro,UTF-8,ascii,utf-8
christinecanepa.com,utf-8,ascii,ascii
christineodea.com,utf-8,ascii,ascii
christristram.com,utf-8,ascii,ascii
chron.com,UTF-8,utf-8,utf-8
chroniclelive.co.uk,UTF-8,utf-8,
chudesa.net,UTF-8,utf-8,utf-8
chula.ac.th,UTF-8,utf-8,utf-8
chunichi.co.jp,UTF-8,utf-8,utf-8
churchofjesuschrist.org,UTF-8,utf-8,utf-8
chvnoticias.cl,utf-8,utf-8,utf-8
chytralekarna.cz,UTF-8,utf-8,utf-8
chytrazena.cz,cp1250,Windows-1252,windows-1250
chytre-bydleni.cz,utf-8,utf-8,utf-8
cia.gov,,utf-8,utf-8
cian.ru,utf-8,utf-8,utf-8
ciao.ro,UTF-8,utf-8,utf-8
ciatr.jp,UTF-8,utf-8,utf-8
cib.hu,UTF-8,utf-8,utf-8
cibeg.com,,ascii,ascii
cibo360.it,UTF-8,utf-8,utf-8
ciccioscorner.it,UTF-8,utf-8,utf-8
ciceksepeti.com,utf-8,utf-8,utf-8
ciclovivo.com.br,UTF-8,utf-8,utf-8
cidade-brasil.com.br,utf-8,utf-8,utf-8
cidadeverde.com,UTF-8,utf-8,utf-8
cidj.com,UTF-8,Windows-1254,utf-8
ciela.com,UTF-8,utf-8,utf-8
ciela.net,,utf-8,utf-8
ciencuadras.com,,utf-8,utf-8
cienradios.com,UTF-8,utf-8,
cifraclub.com,UTF-8,utf-8,utf-8
cifraclub.com.br,UTF-8,utf-8,utf-8
cifras.com.br,,ISO-8859-1,Windows-1252
cifrus.ru,cp1251,windows-1251,windows-1251
cigna.com,UTF-8,utf-8,utf-8
cima4u.io,UTF-8,utf-8,utf-8
cimalight.io,utf-8,utf-8,utf-8
cimb.com.my,utf-8,utf-8,utf-8
cimri.com,utf-8,Windows-1254,utf-8
cincoquartosdelaranja.com,UTF-8,utf-8,utf-8
cinefilos.it,,ascii,ascii
cinefish.bg,windows-1251,windows-1251,windows-1251
cinema.co.il,,ascii,ascii
cinema.de,UTF-8,utf-8,utf-8
cinemablend.com,utf-8,utf-8,
cinemacafe.net,utf-8,utf-8,utf-8
cinemacomrapadura.com.br,UTF-8,utf-8,utf-8
cinemaexpress.com,UTF-8,utf-8,
cinemagia.ro,UTF-8,utf-8,utf-8
cineman.ch,UTF-8,utf-8,
cinemascomics.com,UTF-8,utf-8,utf-8
cinematoday.jp,UTF-8,utf-8,utf-8
cinematografo.it,UTF-8,utf-8,utf-8
cinematographe.it,UTF-8,utf-8,utf-8
cinenews.be,UTF-8,ascii,utf-8
cineplexx.rs,,utf-8,utf-8
cinepop.com.br,UTF-8,Windows-1254,utf-8
cineserie.com,UTF-8,utf-8,utf-8
cinestaan.com,UTF-8,utf-8,utf-8
cinfa.com,UTF-8,utf-8,utf-8
cinra.net,UTF-8,utf-8,utf-8
cins.rs,UTF-8,utf-8,utf-8
cintamobil.com,utf-8,ISO-8859-1,utf-8
ciperchile.cl,UTF-8,utf-8,utf-8
circleofeleven.de,UTF-8,utf-8,utf-8
circuitsonline.net,ISO-8859-15,ISO-8859-1,iso8859_15
circulaire-en-ligne.ca,UTF-8,utf-8,utf-8
circusparanoia.nl,utf-8,ascii,ascii
cire.pl,iso-8859-2,ISO-8859-1,ISO-8859-2
cirquenrzique.fr,UTF-8,utf-8,utf-8
cisalfasport.it,UTF-8,utf-8,utf-8
cisco.com,,ascii,utf-8
cision.com,utf-8,utf-8,utf-8
cissamagazine.com.br,UTF-8,utf-8,utf-8
citadele.lv,utf-8,utf-8,
citatepedia.ro,windows-1250,Windows-1252,windows-1250
citatum.hu,,ISO-8859-1,ISO-8859-2
citaty.info,utf-8,utf-8,utf-8
citc.gov.sa,utf-8,utf-8,utf-8
citibank.com.sg,,utf-8,utf-8
citiboard.se,UTF-8,utf-8,utf-8
citikey.uk,utf-8,utf-8,utf-8
citilink.ru,utf-8,utf-8,utf-8
citiservi.es,utf-8,utf-8,utf-8
citizen.co.za,UTF-8,utf-8,utf-8
citizensadvice.org.uk,utf-8,UTF-8-SIG,UTF-8-SIG
citizensinformation.ie,utf-8,utf-8,utf-8
citizentv.co.ke,,ascii,ascii
citrus.ua,UTF-8,ascii,
city-center.si,utf-8,utf-8,utf-8
city-data.com,UTF-8,utf-8,
city.chiba.jp,,utf-8,utf-8
city.fi,utf-8,utf-8,utf-8
city.kharkov.ua,UTF-8,utf-8,utf-8
city24.ee,,,utf-8
city24.lv,,,utf-8
cityam.com,UTF-8,utf-8,utf-8
citybee.cz,utf-8,utf-8,utf-8
citybuild.bg,utf-8,utf-8,utf-8
citycenterone.hr,UTF-8,utf-8,utf-8
citycentrebahrain.com,utf-8,utf-8,utf-8
citycentredeira.com,utf-8,utf-8,utf-8
citycentremirdif.com,utf-8,utf-8,utf-8
citydo.com,,utf-8,utf-8
cityexpert.rs,utf-8,ascii,utf-8
citygross.se,,utf-8,
citylife.si,UTF-8,utf-8,utf-8
citylife.sk,utf-8,utf-8,utf-8
citymagazine.rs,UTF-8,utf-8,utf-8
citymagazine.si,UTF-8,utf-8,utf-8
citynews.ca,UTF-8,ascii,utf-8
citynomads.com,UTF-8,utf-8,utf-8
cityoflarnaka.com,UTF-8,Windows-1254,
cityon.pl,,ascii,ascii
cityportal.gr,UTF-8,ascii,
cityreal.lv,utf-8,utf-8,utf-8
citysearch.ae,utf-8,utf-8,utf-8
citytel.bg,utf-8,utf-8,utf-8
cityvago.com,utf-8,utf-8,utf-8
cityzeum.com,utf-8,utf-8,utf-8
ciudad.com.ar,utf-8,utf-8,utf-8
ciudaddemendoza.gob.ar,UTF-8,utf-8,utf-8
civciv.lv,utf-8,Windows-1254,windows-1256
civicesgroup.com,UTF-8,utf-8,utf-8
civico.com,utf-8,utf-8,
civilim.com,utf-8,utf-8,utf-8
civitatis.com,UTF-8,utf-8,utf-8
cjvt.si,UTF-8,utf-8,utf-8
ck12.org,utf-8,utf-8,utf-8
clacso.edu.ar,iso-8859-1,ascii,ascii
clalbit.co.il,utf-8,utf-8,MacCyrillic
clalit.co.il,utf-8,utf-8,
clalitmashlima.co.il,,ascii,ascii
clalitsmile.co.il,UTF-8,utf-8,utf-8
clara.es,utf-8,Windows-1254,utf-8
clare-landmark.com,UTF-8,ascii,
clarin.com,UTF-8,utf-8,
clarity-project.info,UTF-8,ascii,utf-8
clarkselbyauthor.com,utf-8,ascii,ascii
claro.com.ar,utf-8,utf-8,utf-8
claro.com.br,UTF-8,utf-8,utf-8
claro.com.sv,,utf-8,utf-8
claro.cr,,ascii,ascii
clarodelbosque.com,utf-8,ascii,ascii
claroshop.com,,ISO-8859-1,
clasf.co,utf-8,utf-8,utf-8
clasf.co.ve,utf-8,utf-8,utf-8
clasf.co.za,utf-8,ascii,utf-8
clasf.com.ar,utf-8,utf-8,utf-8
clasf.com.br,utf-8,utf-8,utf-8
clasf.es,utf-8,utf-8,utf-8
clasf.it,utf-8,utf-8,utf-8
clasf.mx,utf-8,utf-8,utf-8
clasf.pk,utf-8,ascii,utf-8
clasf.pt,utf-8,utf-8,utf-8
clasificacionde.org,UTF-8,utf-8,utf-8
clasificados.st,UTF-8,utf-8,utf-8
clasohlson.com,UTF-8,utf-8,iso8859_14
classcentral.com,UTF-8,utf-8,utf-8
classes.ru,,ascii,ascii
classicthesaurus.com,utf-8,ascii,utf-8
classroom69.cl,,ascii,ascii
classy-online.jp,UTF-8,utf-8,utf-8
classyprice.com.bd,UTF-8,utf-8,utf-8
claudia.pl,UTF-8,utf-8,utf-8
clcar.org,utf-8,ascii,ascii
cld.bz,utf-8,utf-8,utf-8
cleanpng.com,utf-8,utf-8,utf-8
cleantouch.com.pk,UTF-8,ascii,utf-8
clearnotebooks.com,,ascii,ascii
cleartax.in,utf-8,utf-8,utf-8
cleartrip.ae,,ascii,utf-8
cleartrip.com,,ascii,utf-8
cleveland.com,utf-8,utf-8,utf-8
clevelandclinic.org,utf-8,ascii,utf-8
clicccar.com,UTF-8,utf-8,utf-8
click.in,UTF-8,Windows-1252,utf-8
click.ro,utf-8,utf-8,utf-8
clickatlife.gr,,UTF-8-SIG,UTF-8-SIG
clickbd.com,UTF-8,ISO-8859-1,utf-8
clickcase.it,utf-8,ISO-8859-1,utf-8
clickdisk.com.br,utf-8,UTF-8-SIG,UTF-8-SIG
clickgratis.com.br,UTF-8,utf-8,utf-8
clickneat.gr,UTF-8,utf-8,utf-8
clicks.co.za,UTF-8,utf-8,utf-8
clicrbs.com.br,utf-8,utf-8,cp850
cliffsnotes.com,utf-8,Windows-1252,utf-8
climatempo.com.br,UTF-8,utf-8,utf-8
clinica.bg,UTF-8,utf-8,utf-8
clinicaalemana.cl,utf-8,utf-8,utf-8
clinicabiblica.com,utf-8,utf-8,
clinicalascondes.cl,utf-8,utf-8,cp864
clinicaltrials.gov,UTF-8,ascii,utf-8
clinicauandes.cl,utf-8,utf-8,utf-8
clinicbarcelona.org,UTF-8,utf-8,utf-8
clio.me,UTF-8,utf-8,utf-8
cliomakeup.com,UTF-8,Windows-1254,utf-8
clipart-library.com,UTF-8,utf-8,utf-8
cliquefarma.com.br,UTF-8,Windows-1254,hp_roman8
closermag.fr,utf-8,utf-8,
cloudigirl.com,UTF-8,utf-8,utf-8
cloudways.com,UTF-8,ascii,utf-8
clovis.ro,UTF-8,ascii,utf-8
club-fit.nl,utf-8,ascii,ascii
club-k.net,UTF-8,ascii,utf-8
club.bg,,utf-8,utf-8
clubafaceri.ro,UTF-8,ascii,ISO-8859-2
clube.bz,,utf-8,
clubedohardware.com.br,UTF-8,utf-8,utf-8
clubeextra.com.br,utf-8,utf-8,
clubensayos.com,UTF-8,utf-8,utf-8
clubfirst.news,UTF-8,UTF-8-SIG,UTF-8-SIG
clubic.com,UTF-8,utf-8,utf-8
clublwd.nl,utf-8,ascii,ascii
clubopel.com,,ascii,ISO-8859-2
clubrural.com,UTF-8,utf-8,utf-8
clubsister.com,,ascii,ascii
clubulbebelusilor.ro,UTF-8,utf-8,utf-8
clubulscriitoarelor.ro,utf-8,ascii,ascii
clubz.bg,UTF-8,ascii,utf-8
clue.co.il,UTF-8,utf-8,utf-8
cluj.com,UTF-8,Windows-1254,utf-8
cluj.info,UTF-8,utf-8,utf-8
clustrmaps.com,UTF-8,utf-8,utf-8
cm-lisboa.pt,utf-8,utf-8,utf-8
cm-oeiras.pt,,ascii,latin_1
cm-tv.pt,utf-8,utf-8,utf-8
cm.be,UTF-8,utf-8,utf-8
cm108.com,,ascii,ascii
cma.org.sa,utf-8,utf-8,
cmac.ws,utf-8,ascii,utf-8
cmaptv.org,utf-8,ascii,ascii
cmb.ac.lk,UTF-8,utf-8,utf-8
cmbcleaningservices.nl,utf-8,ascii,ascii
cmcdistribution.com.vn,UTF-8,utf-8,utf-8
cmfchile.cl,iso-8859-1,ascii,ascii
cmhy.city,,utf-8,utf-8
cmjornal.pt,utf-8,utf-8,utf-8
cmoa.jp,UTF-8,utf-8,utf-8
cmobileprice.com,UTF-8,ascii,utf-8
cmore.fi,utf-8,utf-8,utf-8
cmotors.co.il,UTF-8,utf-8,utf-8
cmtv.com.ar,ISO-8859-1,Windows-1252,latin_1
cmu.edu,,utf-8,utf-8
cmz-market.ru,UTF-8,utf-8,utf-8
cna.com.tw,utf-8,utf-8,utf-8
cnas.ro,UTF-8,utf-8,utf-8
cnb.cz,UTF-8,utf-8,
cnbc.com,utf-8,utf-8,utf-8
cnbcarabia.com,UTF-8,utf-8,utf-8
cnbcindonesia.com,UTF-8,ascii,utf-8
cnbctv18.com,utf-8,utf-8,utf-8
cnbguatemala.org,UTF-8,utf-8,utf-8
cndh.org.mx,us-ascii,ascii,ascii
cnet.com,UTF-8,ISO-8859-1,utf-8
cnetfrance.fr,UTF-8,utf-8,utf-8
cnews.cz,UTF-8,utf-8,utf-8
cnews.fr,utf-8,utf-8,utf-8
cnews.ru,UTF-8,utf-8,utf-8
cnhskatingacademy.org,utf-8,ascii,ascii
cnn.com,utf-8,utf-8,utf-8
cnn.gr,utf-8,utf-8,utf-8
cnnbrasil.com.br,utf-8,utf-8,utf-8
cnnchile.com,utf-8,utf-8,utf-8
cnnindonesia.com,UTF-8,utf-8,utf-8
cnnturk.com,,ascii,ascii
cnpj.biz,UTF-8,utf-8,utf-8
cnpj.info,windows-1252,ISO-8859-1,Windows-1252
cnpjs.rocks,,utf-8,utf-8
cnr.it,utf-8,utf-8,utf-8
cnrs.fr,UTF-8,utf-8,utf-8
cnrtl.fr,utf-8,utf-8,utf-8
cntd.ru,UTF-8,utf-8,utf-8
cntraveler.com,utf-8,utf-8,utf-8
co-trip.jp,UTF-8,utf-8,
cobasi.com.br,utf-8,utf-8,utf-8
cobiss.si,,utf-8,utf-8
cobone.com,utf-8,utf-8,utf-8
cobouw.nl,utf-8,utf-8,
cobuilder.com,UTF-8,utf-8,utf-8
coccoc.com,,utf-8,utf-8
coches.com,UTF-8,utf-8,
coches.net,utf-8,utf-8,utf-8
cochrane.org,utf-8,utf-8,utf-8
cocina-casera.com,UTF-8,utf-8,utf-8
cocinacaserayfacil.net,UTF-8,Windows-1254,utf-8
cocinadelirante.com,utf-8,utf-8,
cocinafacil.com.mx,UTF-8,utf-8,utf-8
cocinavital.mx,UTF-8,utf-8,utf-8
cocinayvino.com,UTF-8,utf-8,utf-8
cocinerosargentinos.com,UTF-8,utf-8,utf-8
cocolocala.jp,utf-8,utf-8,
coconala.com,,ascii,ascii
coconuts.co,,ascii,ascii
codecanyon.net,utf-8,utf-8,utf-8
codecheck.info,UTF-8,utf-8,utf-8
codegrepper.com,UTF-8,utf-8,utf-8
codeinwp.com,UTF-8,ascii,
codeproject.com,utf-8,utf-8,utf-8
coderoad.ru,utf-8,utf-8,utf-8
codigo-postal.pt,utf-8,utf-8,utf-8
codigoespagueti.com,,Windows-1254,utf-8
codsana.com,UTF-8,ascii,ascii
coe.int,UTF-8,utf-8,utf-8
coffeear.com,UTF-8,utf-8,utf-8
coggle.it,utf-8,utf-8,utf-8
coin-discount.news,UTF-8,utf-8,utf-8
coisas.com,UTF-8,utf-8,utf-8
coisasdediva.com.br,UTF-8,Windows-1254,utf-8
coj.go.th,UTF-8,utf-8,utf-8
cojestgrane.pl,utf-8,utf-8,utf-8
cokoladaforum.com,utf-8,ascii,ascii
col.org.il,UTF-8,utf-8,utf-8
colabhair.com.au,,ascii,ascii
coladaweb.com,UTF-8,utf-8,utf-8
colbonews.co.il,UTF-8,utf-8,utf-8
coldstorage.com.sg,UTF-8,Windows-1252,utf-8
coldwellbankerhomes.com,utf-8,utf-8,utf-8
coles.com.au,utf-8,utf-8,utf-8
collabo-cafe.com,UTF-8,utf-8,utf-8
collectandgo.be,UTF-8,utf-8,
collegedekho.com,utf-8,utf-8,utf-8
collegedunia.com,utf-8,utf-8,utf-8
collegesearch.in,UTF-8,ISO-8859-1,utf-8
collins.co.uk,utf-8,Windows-1254,utf-8
collinsdictionary.com,UTF-8,ascii,utf-8
colman.ac.il,utf-8,ascii,
colmex.mx,utf-8,utf-8,utf-8
colombia.co,UTF-8,utf-8,utf-8
colombia.com,utf-8,utf-8,utf-8
colombiaaprende.edu.co,UTF-8,utf-8,utf-8
colombiacompra.gov.co,utf-8,utf-8,utf-8
colombo.com.br,UTF-8,utf-8,utf-8
colombo.pt,UTF-8,utf-8,utf-8
colombopage.com,UTF-8,UTF-8-SIG,UTF-8-SIG
colombotelegraph.com,UTF-8,utf-8,utf-8
colon.com.uy,utf-8,utf-8,utf-8
colorlib.com,UTF-8,ascii,ascii
colostate.edu,UTF-8,utf-8,
colourbox.dk,utf-8,utf-8,utf-8
colpensiones.gov.co,,ascii,ascii
colruyt.be,UTF-8,utf-8,utf-8
colsubsidio.com,,ascii,ascii
columbia.co.cr,utf-8,utf-8,utf-8
columbia.edu,UTF-8,utf-8,utf-8
columbusmagazine.nl,UTF-8,utf-8,utf-8
comcom.govt.nz,utf-8,utf-8,utf-8
comertinsaat.com,utf-8,ascii,ascii
comesa.com.gt,iso-8859-1,ascii,ascii
comet.hr,utf-8,utf-8,utf-8
comet.it,UTF-8,utf-8,utf-8
comfor.cz,utf-8,utf-8,utf-8
comfort.bg,WINDOWS-1251,windows-1251,windows-1251
comfortsuitestomball.com,utf-8,ascii,ascii
comfy.ua,,ascii,ascii
comicbook.com,UTF-8,utf-8,utf-8
comidaereceitas.com.br,UTF-8,utf-8,utf-8
comidinhasdochef.com,UTF-8,utf-8,utf-8
comillas.edu,utf-8,utf-8,utf-8
comingsoon.it,UTF-8,ascii,utf-8
comisionnacionaldeproyectos.org,UTF-8,utf-8,windows-1250
commbank.com.au,utf-8,utf-8,utf-8
comment-economiser.fr,UTF-8,utf-8,utf-8
commentcamarche.com,iso-8859-1,ascii,ascii
commentcamarche.net,UTF-8,utf-8,utf-8
commercialguru.com.sg,UTF-8,ascii,utf-8
commeunefleche.com,UTF-8,utf-8,
commonfloor.com,UTF-8,utf-8,utf-8
commonhealth.com.tw,UTF-8,ascii,
commonsensemedia.org,utf-8,utf-8,utf-8
commune-mairie.fr,UTF-8,Windows-1252,utf-8
communes.com,UTF-8,utf-8,utf-8
communitygardenclubofcohasset.org,utf-8,ascii,ascii
communitylaw.org.nz,UTF-8,utf-8,utf-8
como-se-dice.es,iso-8859-1,ascii,utf-8
comolib.com,utf-8,utf-8,utf-8
companies.lv,UTF-8,utf-8,utf-8
companies.sg,UTF-8,utf-8,utf-8
companycheck.co.uk,UTF-8,ascii,utf-8
companyhouse.de,UTF-8,utf-8,utf-8
companyinfo.nl,utf-8,utf-8,utf-8
companywall.hr,utf-8,utf-8,utf-8
companywall.rs,utf-8,utf-8,utf-8
companywall.si,utf-8,utf-8,utf-8
companyweb.be,utf-8,utf-8,utf-8
comparaja.pt,utf-8,utf-8,utf-8
comparaonline.cl,utf-8,ascii,ascii
comparehero.my,UTF-8,Windows-1254,utf-8
compari.ro,utf-8,utf-8,utf-8
comparis.ch,,ascii,ascii
compartirejemplos.blogspot.com,UTF-8,utf-8,
compass.com,utf-8,utf-8,utf-8
compendium.com.ua,UTF-8,utf-8,utf-8
compgamer.com,UTF-8,utf-8,utf-8
compkkart.com,UTF-8,ascii,utf-8
complex.com,utf-8,Windows-1254,utf-8
compra-venta.es,utf-8,utf-8,utf-8
compracerta.com.br,utf-8,Windows-1254,utf-8
compracompras.com,utf-8,utf-8,utf-8
compradiccion.com,UTF-8,utf-8,utf-8
compramais.net,utf-8,utf-8,utf-8
comprasestatales.gub.uy,UTF-8,utf-8,cp775
comprasnet.gov.br,utf-8,utf-8,utf-8
comprasparaguai.com.br,utf-8,utf-8,utf-8
compraspublicas.gob.ec,UTF-8,utf-8,utf-8
comprecar.com.br,UTF-8,utf-8,utf-8
compro-oro-provinciadimilano.it,UTF-8,Windows-1254,utf-8
computable.nl,UTF-8,utf-8,utf-8
computer-wd.com,UTF-8,utf-8,utf-8
computerbase.de,UTF-8,utf-8,utf-8
computerbild.de,,Windows-1252,cp775
computerhope.com,utf-8,ascii,utf-8
computerhoy.com,UTF-8,utf-8,utf-8
computeridee.nl,utf-8,ascii,utf-8
computersalg.dk,utf-8,utf-8,utf-8
computertotaal.nl,utf-8,utf-8,utf-8
computerwoche.de,UTF-8,utf-8,utf-8
computerworld.ch,UTF-8,utf-8,utf-8
computerworld.com,UTF-8,utf-8,utf-8
computerworld.dk,UTF-8,utf-8,utf-8
computerworld.hu,utf-8,utf-8,utf-8
computerworld.pl,UTF-8,utf-8,utf-8
computrabajo.cl,,UTF-8-SIG,UTF-8-SIG
computrabajo.co.cr,,UTF-8-SIG,UTF-8-SIG
computrabajo.com,,UTF-8-SIG,UTF-8-SIG
computrabajo.com.ar,,UTF-8-SIG,UTF-8-SIG
computrabajo.com.co,,UTF-8-SIG,UTF-8-SIG
computrabajo.com.ec,,UTF-8-SIG,UTF-8-SIG
computrabajo.com.mx,,UTF-8-SIG,UTF-8-SIG
computrabajo.com.uy,,UTF-8-SIG,UTF-8-SIG
comsed.net,utf-8,utf-8,utf-8
comu.edu.tr,UTF-8,utf-8,utf-8
comunacamin.ro,utf-8,Windows-1252,utf-8
comunagencia.es,UTF-8,utf-8,utf-8
comune.bologna.it,UTF-8,ascii,utf-8
comune.milano.it,UTF-8,utf-8,utf-8
comune.roma.it,UTF-8,ISO-8859-1,utf-8
comune.torino.it,,ascii,latin_1
comuni-italiani.it,,ISO-8859-1,latin_1
comunicacion.gob.bo,utf-8,utf-8,utf-8
comunicae.es,utf8,utf-8,utf-8
comunicatedepresa.ro,UTF-8,utf-8,utf-8
comunicatorbg.com,UTF-8,utf-8,utf-8
comunidad.madrid,utf-8,utf-8,utf-8
comunidadeculturaearte.com,utf-8,ascii,ascii
comuniecitta.it,,utf-8,utf-8
conad.it,UTF-8,utf-8,utf-8
conadrogach.pl,UTF-8,utf-8,utf-8
conare.ac.cr,,ascii,utf-8
conceito.de,,ascii,ascii
conceitos.com,UTF-8,utf-8,utf-8
concepto.de,UTF-8,utf-8,utf-8
conceptodefinicion.de,UTF-8,utf-8,utf-8
conceptomagenta.mx,utf-8,utf-8,utf-8
concert.ua,UTF-8,utf-8,
concierto.cl,,utf-8,utf-8
conclusion.com.ar,UTF-8,UTF-8-SIG,UTF-8-SIG
concordrsl.com.au,UTF-8,ascii,ascii
concreteplayground.com,UTF-8,utf-8,utf-8
concriterio.gt,UTF-8,utf-8,utf-8
concung.com,utf-8,utf-8,utf-8
concursosnobrasil.com.br,,utf-8,utf-8
concytec.gob.pe,,ascii,latin_1
condonewb.com,utf-8,utf-8,utf-8
conevyt.org.mx,utf-8,GB2312,ISO-8859-5
conexioncapital.co,UTF-8,utf-8,utf-8
confidas.ro,UTF-8,utf-8,utf-8
confido.ee,UTF-8,utf-8,utf-8
confiesoquecocino.com,UTF-8,utf-8,utf-8
conforama.ch,utf-8,utf-8,
conforama.es,utf-8,utf-8,utf-8
conforama.fr,,ascii,ascii
conforama.pt,utf-8,utf-8,utf-8
congan.com.vn,utf-8,utf-8,utf-8
congluan.vn,utf-8,utf-8,utf-8
congly.vn,utf-8,utf-8,utf-8
congreso.gob.gt,,ascii,ascii
congthucmonngon.com,utf-8,utf-8,utf-8
congthuong.vn,utf-8,utf-8,utf-8
congtydoanhnghiep.com,utf-8,utf-8,utf-8
conicet.gov.ar,UTF-8,utf-8,utf-8
conjugacao.com.br,ISO-8859-1,ISO-8859-1,latin_1
conjur.com.br,UTF-8,utf-8,utf-8
conmebol.com,utf-8,utf-8,utf-8
conmishijos.com,utf-8,utf-8,utf-8
connect.de,UTF-8,utf-8,utf-8
connect2india.com,UTF-8,ascii,utf-8
connectnigeria.com,UTF-8,ascii,utf-8
connectparts.com.br,utf-8,utf-8,utf-8
connery.dk,utf-8,utf-8,utf-8
connox.dk,UTF-8,utf-8,utf-8
conozcasucanton.com,UTF-8,utf-8,utf-8
conquistesuavida.com.br,utf-8,utf-8,utf-8
conrad.at,utf-8,utf-8,utf-8
conrad.be,UTF-8,utf-8,utf-8
conrad.ch,utf-8,Windows-1254,utf-8
conrad.cz,UTF-8,utf-8,utf-8
conrad.de,utf-8,Windows-1252,utf-8
conrad.fr,UTF-8,utf-8,utf-8
conrad.hu,UTF-8,utf-8,utf-8
conrad.nl,UTF-8,utf-8,utf-8
conrad.pl,UTF-8,utf-8,utf-8
conrad.se,UTF-8,utf-8,utf-8
conrad.si,UTF-8,utf-8,utf-8
conrad.sk,UTF-8,utf-8,utf-8
conradelektronik.dk,UTF-8,utf-8,utf-8
consalud.es,UTF-8,utf-8,utf-8
consejo.org.ar,UTF-8,utf-8,utf-8
consejosgratis.es,UTF-8,UTF-8-SIG,UTF-8-SIG
consigli.it,UTF-8,utf-8,utf-8
consobaby.com,UTF-8,utf-8,utf-8
consoglobe.com,UTF-8,utf-8,utf-8
consonews.ma,UTF-8,utf-8,utf-8
constantcontact.com,,utf-8,utf-8
construction.co.uk,utf-8,utf-8,utf-8
