geodpro.com,utf-8,ascii,ascii
geoenciclopedia.com,utf-8,utf-8,utf_8
geogebra.org,utf-8,utf-8,utf_8
geograf.bg,utf-8,utf-8,utf_8
geograph.org.uk,ISO-8859-1,ascii,ascii
geoportal360.pl,,utf-8,utf_8
geopunk.co.uk,UTF-8,utf-8,utf_8
geosnews.com,,utf-8,utf_8
geostar.pt,UTF-8,utf-8,utf_8
geoview.info,UTF-8,ISO-8859-1,utf_8
geradovana.lt,utf-8,Windows-1254,utf_8
geraknyga.lt,iso-8859-1,ascii,ascii
gerasanews.com,UTF-8,utf-8,utf_8
gerbeaud.com,UTF-8,utf-8,utf_8
gercekgundem.com,UTF-8,utf-8,utf_8
gerencie.com,UTF-8,utf-8,utf_8
germanijak.hr,utf-8,utf-8,utf_8
germanos.gr,utf-8,utf-8,utf_8
germanos.ro,UTF-8,utf-8,utf_8
gerospaslaugos.lt,UTF-8,utf-8,utf_8
gestion.pe,utf-8,utf-8,utf_8
gestiopolis.com,UTF-8,ascii,ascii
gesund-info.eu,utf-8,utf-8,utf_8
gesundheit.de,UTF-8,utf-8,utf_8
gesundheit.gv.at,UTF-8,utf-8,utf_8
gesundheitsfrage.net,UTF-8,Windows-1252,utf_8
gesundheitskasse.at,UTF-8,utf-8,utf_8
getapro.lv,utf-8,utf-8,utf_8
getatoz.com,UTF-8,ascii,ascii
getaway.co.za,UTF-8,utf-8,utf_8
getbybus.com,utf-8,utf-8,utf_8
getcardable.com,UTF-8,utf-8,utf_8
gethome.pl,utf-8,utf-8,utf_8
getir.com,utf-8,utf-8,utf_8
getit.co.il,,ascii,ascii
getmyuni.com,UTF-8,utf-8,utf_8
getnavi.jp,UTF-8,utf-8,utf_8
getninjas.com.br,utf-8,utf-8,utf_8
getpincode.info,utf-8,ascii,ascii
getprice.com.au,UTF-8,ascii,ascii
getreading.co.uk,UTF-8,utf-8,utf_8
getsurrey.co.uk,UTF-8,utf-8,utf_8
getthedata.com,UTF-8,ISO-8859-1,utf_8
gettyimages.at,utf-8,utf-8,utf_8
gettyimages.be,utf-8,utf-8,utf_8
gettyimages.ca,utf-8,utf-8,utf_8
gettyimages.ch,utf-8,utf-8,utf_8
gettyimages.co.jp,utf-8,utf-8,utf_8
gettyimages.co.nz,utf-8,utf-8,utf_8
gettyimages.co.uk,utf-8,utf-8,utf_8
gettyimages.com,utf-8,utf-8,utf_8
gettyimages.com.au,utf-8,utf-8,utf_8
gettyimages.com.br,utf-8,utf-8,utf_8
gettyimages.com.mx,utf-8,utf-8,utf_8
gettyimages.de,utf-8,utf-8,utf_8
gettyimages.es,utf-8,utf-8,utf_8
gettyimages.fr,utf-8,utf-8,utf_8
gettyimages.ie,utf-8,utf-8,utf_8
gettyimages.in,utf-8,utf-8,utf_8
gettyimages.it,utf-8,utf-8,utf_8
gettyimages.nl,utf-8,utf-8,utf_8
gettyimages.pt,utf-8,utf-8,utf_8
gettyimages.se,utf-8,utf-8,utf_8
getyourguide.dk,utf-8,utf-8,utf_8
gevolgenvanoorlog.nl,utf-8,utf-8,utf_8
gewoonvoorhem.nl,UTF-8,ascii,ascii
gezginler.net,UTF-8,ascii,ascii
gezimanya.com,UTF-8,utf-8,utf_8
gezinomi.com,utf-8,UTF-8-SIG,utf_8_sig
gezondheid.be,UTF-8,utf-8,utf_8
gezondheidenwetenschap.be,utf-8,utf-8,utf_8
gezondheidsnet.nl,utf-8,utf-8,utf_8
gezondheidsplein.nl,UTF-8,utf-8,utf_8
ggwp.id,utf-8,utf-8,utf_8
ghacks.net,UTF-8,utf-8,utf_8
ghanatcradio.com,UTF-8,utf-8,utf_8
ghanely.me,UTF-8,utf-8,utf_8
ghbank.co.th,UTF-8,ascii,ascii
ghgossip.com,UTF-8,utf-8,utf_8
ghidul.ro,UTF-8,ascii,ascii
giadinh.net.vn,utf-8,utf-8,utf_8
giadinhmoi.vn,utf-8,utf-8,utf_8
giaibaitap123.com,utf-8,utf-8,utf_8
giallozafferano.it,UTF-8,utf-8,utf_8
giamgia247.fun,UTF-8,utf-8,utf_8
giancarlorizza.it,UTF-8,ascii,ascii
giant.sg,UTF-8,Windows-1252,utf_8
giaoduc.net.vn,utf-8,utf-8,utf_8
giardinaggio.it,,ISO-8859-1,hp_roman8
giarenua.com,UTF-8,utf-8,utf_8
giatieptucgiam.com,UTF-8,utf-8,utf_8
gibert.com,UTF-8,ascii,ascii
gic.gov.lk,UTF-8,utf-8,utf_8
gidahatti.com,UTF-8,utf-8,utf_8
gidonline.io,,utf-8,utf_8
gids.tv,UTF-8,utf-8,utf_8
gifi.fr,,ascii,ascii
giftly.com,,ascii,ascii
giftrocket.com,utf-8,ascii,ascii
giftssome.news,UTF-8,utf-8,utf_8
giga.de,UTF-8,utf-8,utf_8
gigalekaren.sk,,utf-8,utf_8
gigalekarna.cz,,utf-8,utf_8
gigantti.fi,utf-8,utf-8,utf_8
gigaranking.jp,UTF-8,utf-8,utf_8
gigasport.at,utf-8,utf-8,utf_8
gigatron.rs,utf-8,utf-8,utf_8
gigazine.net,UTF-8,utf-8,utf_8
gildia.pl,utf-8,utf-8,utf_8
gilihaskin.com,UTF-8,ascii,ascii
gimex92.ro,utf-8,ascii,ascii
gimtadieniomuge.lt,iso-8859-1,ascii,ascii
gimvic.org,utf-8,utf-8,utf_8
gimyong.com,UTF-8,utf-8,utf_8
ginasoc.lv,,utf-8,utf_8
gingergeneration.it,UTF-8,utf-8,utf_8
gininetonic.com,utf-8,ascii,ascii
gintarine.lt,utf-8,utf-8,utf_8
gintarobaldai.lt,,utf-8,utf_8
gintsristamecs.lv,UTF-8,utf-8,utf_8
ginza.se,utf-8,utf-8,utf_8
giorgostsoulis.com,utf-8,utf-8,utf_8
giornaledibrescia.it,utf-8,utf-8,utf_8
giorni-orari-di-apertura.it,UTF-8,ascii,ascii
giphy.com,,ascii,ascii
girlscene.nl,UTF-8,utf-8,utf_8
girlschannel.net,UTF-8,utf-8,utf_8
girlstyle.com,utf-8,utf-8,utf_8
girolami.eu,UTF-8,utf-8,utf_8
gisline.no,,ascii,ascii
gitana.lt,utf-8,UTF-8-SIG,utf_8_sig
gitar.nl,utf-8,ascii,ascii
gite-larnau.com,utf-8,ascii,ascii
gites-de-france.com,UTF-8,utf-8,utf_8
gites.fr,UTF-8,utf-8,utf_8
github.com,utf-8,Windows-1254,utf_8
gittigidiyor.com,utf-8,utf-8,utf_8
giustizia.it,utf-8,utf-8,utf_8
givealittle.co.nz,utf-8,ascii,ascii
givemesport.com,utf-8,ascii,ascii
giz.ro,UTF-8,utf-8,utf_8
gizbot.com,UTF-8,utf-8,
gizchina.com,UTF-8,Windows-1254,utf_8
gizmochina.com,UTF-8,ascii,ascii
gizmodo.com,utf-8,utf-8,utf_8
gizmodo.com.au,UTF-8,ascii,ascii
gizmologi.id,UTF-8,utf-8,utf_8
gizzmo.si,UTF-8,utf-8,utf_8
gjengangeren.no,utf-8,Windows-1252,utf_8
gjensidige.no,,utf-8,utf_8
gjerrigknark.com,utf-8,utf-8,utf_8
gjoerdetselv.com,utf-8,utf-8,utf_8
gk.city,UTF-8,utf-8,utf_8
gk24.pl,UTF-8,utf-8,utf_8
gkexams.com,UTF-8,utf-8,utf_8
gkr.hr,utf-8,utf-8,utf_8
gktoday.in,UTF-8,utf-8,utf_8
gl5.ru,UTF-8,utf-8,utf_8
gla.ac.uk,,utf-8,utf_8
gladen.bg,UTF-8,utf-8,utf_8
gladkokken.no,UTF-8,utf-8,utf_8
glami.bg,utf-8,utf-8,utf_8
glami.com.tr,utf-8,utf-8,utf_8
glami.cz,utf-8,utf-8,utf_8
glami.ee,utf-8,utf-8,utf_8
glami.gr,utf-8,utf-8,utf_8
glami.hr,utf-8,utf-8,utf_8
glami.hu,utf-8,utf-8,utf_8
glami.lt,utf-8,utf-8,utf_8
glami.lv,utf-8,utf-8,utf_8
glami.ro,utf-8,utf-8,utf_8
glami.si,utf-8,utf-8,utf_8
glami.sk,utf-8,utf-8,utf_8
glamour.com,UTF-8,utf-8,utf_8
glamour.de,UTF-8,utf-8,utf_8
glamour.es,UTF-8,utf-8,utf_8
glamour.hu,utf-8,utf-8,utf_8
glamour.mx,UTF-8,utf-8,utf_8
glamour.nl,UTF-8,utf-8,utf_8
glamour.pl,UTF-8,utf-8,utf_8
glamour.ru,utf-8,ascii,ascii
glamourmagazine.co.uk,utf-8,Windows-1254,utf_8
glas-javnosti.rs,UTF-8,utf-8,utf_8
glas-koncila.hr,UTF-8,utf-8,utf_8
glas-slavonije.hr,utf-8,utf-8,utf_8
glas.bg,UTF-8,utf-8,utf_8
glas.hr,utf-8,utf-8,utf_8
glasamerike.net,utf-8,utf-8,utf_8
glasgowtimes.co.uk,UTF-8,utf-8,utf_8
glasnews.bg,UTF-8,utf-8,utf_8
glasove.com,UTF-8,utf-8,utf_8
glaspodravine.hr,UTF-8,utf-8,utf_8
glassdoor.be,utf-8,ascii,ascii
glassdoor.ca,utf-8,ascii,ascii
glassdoor.ch,utf-8,ascii,ascii
glassdoor.co.in,utf-8,ascii,ascii
glassdoor.co.nz,utf-8,ascii,ascii
glassdoor.co.uk,utf-8,ascii,ascii
glassdoor.com,utf-8,ascii,ascii
glassdoor.com.ar,utf-8,ascii,ascii
glassdoor.com.au,utf-8,ascii,ascii
glassdoor.com.br,utf-8,ascii,ascii
glassdoor.com.mx,utf-8,ascii,ascii
glassdoor.de,utf-8,ascii,ascii
glassdoor.fr,utf-8,ascii,ascii
glassdoor.ie,utf-8,ascii,ascii
glassdoor.nl,utf-8,ascii,ascii
glassdoor.sg,utf-8,ascii,ascii
glassrpske.com,UTF-8,ascii,ascii
glavbukh.ru,,ascii,ascii
glavcom.ua,utf-8,utf-8,utf_8
glavkniga.ru,utf-8,utf-8,utf_8
glavred.info,UTF-8,utf-8,utf_8
glennhowells.co.uk,UTF-8,ascii,ascii
glints.com,utf-8,utf-8,utf_8
glitter.si,UTF-8,utf-8,utf_8
glo.ua,utf-8,utf-8,utf_8
global-exam.com,UTF-8,utf-8,utf_8
globalbrand.com.bd,UTF-8,utf-8,utf_8
globaldatabase.com,utf-8,utf-8,utf_8
globalhouse.co.th,UTF-8,utf-8,utf_8
globaliza.com,UTF-8,utf-8,utf_8
globalnews.ca,UTF-8,utf-8,utf_8
globalnovine.eu,UTF-8,utf-8,utf_8
globalnyt.dk,utf-8,utf-8,utf_8
globalplaza.hu,utf-8,utf-8,utf_8
globalsources.com,UTF-8,utf-8,utf_8
globaltimes.cn,,utf-8,utf_8
globaltourismconferenceja.com,UTF-8,utf-8,utf_8
globalvillagespace.com,UTF-8,utf-8,utf_8
globenewswire.com,utf-8,utf-8,
globes.co.il,utf-8,UTF-8-SIG,utf_8_sig
globo.com,UTF-8,utf-8,utf_8
globovision.com,UTF-8,utf-8,utf_8
globus-baumarkt.de,UTF-8,utf-8,utf_8
globus.ch,utf-8,utf-8,utf_8
globus.cz,UTF-8,utf-8,utf_8
globus.de,UTF-8,utf-8,utf_8
globus.ru,UTF-8,utf-8,utf_8
glomark.lk,UTF-8,Windows-1252,utf_8
glomdalen.no,utf-8,utf-8,utf_8
glonaabot.at,UTF-8,utf-8,utf_8
glonaabot.de,UTF-8,utf-8,utf_8
glonaabot.it,UTF-8,utf-8,utf_8
gloria.hr,UTF-8,utf-8,utf_8
gloria.rs,UTF-8,utf-8,utf_8
gloriaglam.hr,UTF-8,utf-8,utf_8
glosbe.com,,ascii,ascii
gloswielkopolski.pl,UTF-8,utf-8,utf_8
gloucestershirelive.co.uk,UTF-8,utf-8,utf_8
glovoapp.com,utf-8,utf-8,utf_8
glow.gr,UTF-8,utf-8,utf_8
glowmania.ro,utf-8,utf-8,utf_8
glsone.es,UTF-8,utf-8,utf_8
glu.fi,ISO-8859-1,ISO-8859-1,cp1252
gluhinaglusni-dolenjske.net,utf-8,utf-8,utf_8
glutenfreemama.ru,utf-8,utf-8,utf_8
glz.co.il,,ascii,ascii
gmposts.com,UTF-8,utf-8,utf_8
gmx.at,UTF-8,utf-8,utf_8
gmx.ch,UTF-8,utf-8,utf_8
gnamgnam.it,UTF-8,utf-8,utf_8
gnb.ca,,ascii,ascii
gnb.com.bo,UTF-8,utf-8,utf_8
gnet.tn,UTF-8,utf-8,utf_8
go-kids.nl,utf-8,ISO-8859-1,utf_8
go-sport.com,UTF-8,utf-8,utf_8
go.com,utf-8,utf-8,utf_8
go2allittjoinery.com,utf-8,ascii,ascii
go3.lt,,ascii,ascii
go3.lv,,ascii,ascii
go3.tv,,ascii,ascii
go4it.ro,UTF-8,utf-8,utf_8
go4worldbusiness.com,UTF-8,utf-8,utf_8
goal.com,UTF-8,utf-8,utf_8
goastra.org,utf-8,ascii,ascii
gobernacion.gob.mx,,ascii,ascii
gocar.be,UTF-8,utf-8,utf_8
gocar.gr,utf8,utf-8,utf_8
goconqr.com,utf-8,utf-8,utf_8
godaddy.com,utf-8,utf-8,utf_8
godagimene.lv,utf-8,utf-8,utf_8
godt.no,utf-8,utf-8,utf_8
gody.vn,UTF-8,utf-8,utf_8
godzinyotwarcia24.pl,utf-8,utf-8,utf_8
goen.pl,utf-8,ascii,ascii
goerdetselv.dk,utf-8,utf-8,utf_8
goethe.de,UTF-8,UTF-8-SIG,utf_8_sig
gofeminin.de,UTF-8,utf-8,utf_8
gofin.pl,iso-8859-1,ascii,ascii
gofinland.fi,UTF-8,utf-8,utf_8
gofood.co.id,utf-8,utf-8,utf_8
gofundme.com,UTF-8,utf-8,utf_8
goglasi.com,utf-8,utf-8,utf_8
goguide.bg,UTF-8,utf-8,utf_8
goguynet.jp,UTF-8,utf-8,utf_8
goha.ru,UTF-8,utf-8,utf_8
goharper.org,utf-8,ascii,ascii
gohome.hr,iso-8859-2,ISO-8859-1,iso8859_2
gohome.it,utf-8,utf-8,utf_8
gohome.rs,utf-8,utf-8,utf_8
gohome.si,utf-8,utf-8,utf_8
gohome.sk,utf-8,utf-8,utf_8
goiania.go.gov.br,UTF-8,utf-8,utf_8
goibibo.com,utf-8,utf-8,utf_8
goingapp.pl,,Windows-1254,utf_8
goingelectric.de,UTF-8,utf-8,utf_8
goisrael.com,,ascii,ascii
gojek.com,utf-8,utf-8,utf_8
gokas.lt,iso-8859-1,ascii,ascii
gokid.ro,UTF-8,utf-8,utf_8
gol.bg,UTF-8,utf-8,utf_8
gol24.pl,utf-8,utf-8,utf_8
goldapple.ru,UTF-8,utf-8,utf_8
goldenline.pl,UTF-8,utf-8,utf_8
goldenpages.be,UTF-8,ascii,ascii
goldenpages.bg,UTF-8,utf-8,utf_8
goldenpages.ie,UTF-8,Windows-1252,utf_8
goldiesayers.com,,ascii,ascii
goldstandardsounds.com,utf-8,ascii,ascii
golectures.com,UTF-8,utf-8,utf_8
golem.de,,utf-8,utf_8
golf365.cz,utf-8,ascii,ascii
golfdigest.co.jp,utf-8,utf-8,utf_8
golflandusa.net,iso-8859-1,ascii,ascii
gollotienda.com,UTF-8,utf-8,utf_8
golocal.de,UTF-8,utf-8,utf_8
golvshop.se,utf-8,utf-8,utf_8
gomechanic.in,utf-8,utf-8,utf_8
gomhuriaonline.com,UTF-8,utf-8,utf_8
gomobile.co.il,utf-8,utf-8,utf_8
gondola.be,UTF-8,utf-8,utf_8
gong.bg,UTF-8,utf-8,utf_8
gonhub.com,UTF-8,utf-8,utf_8
gononmarie.fr,UTF-8,utf-8,utf_8
goo-net.com,,EUC-JP,euc_jis_2004
goo.ne.jp,UTF-8,utf-8,utf_8
goobike.com,,Windows-1252,iso8859_5
good-morning.cc,UTF-8,utf-8,utf_8
goodbook.it,UTF-8,Windows-1252,utf_8
gooddoctor.co.id,utf-8,utf-8,utf_8
goodfood.com.au,UTF-8,Windows-1252,utf_8
goodhouse.ru,utf-8,utf-8,utf_8
goodhousekeeping.com,UTF-8,ascii,ascii
goodkitchendesign.com,iso-8859-1,ascii,ascii
goodlifeupdate.com,UTF-8,utf-8,utf_8
goodnews.ee,UTF-8,utf-8,utf_8
goodnewsfromindonesia.id,UTF-8,ISO-8859-1,utf_8
goodpriceth.com,UTF-8,utf-8,utf_8
goodproductth.fun,UTF-8,utf-8,utf_8
goodreads.com,utf-8,utf-8,utf_8
goodreturns.in,UTF-8,utf-8,utf_8
goodrx.com,,ascii,ascii
goods.ru,,utf-8,utf_8
goodsongs.com.ua,utf-8,utf-8,utf_8
goodspress.jp,UTF-8,utf-8,utf_8
goodster.ru,UTF-8,utf-8,utf_8
goodthingsguy.com,iso-8859-1,ascii,ascii
goodtipit.com,UTF-8,utf-8,utf_8
goodto.com,UTF-8,utf-8,utf_8
goodxnews.com,UTF-8,ascii,ascii
goody25.com,UTF-8,utf-8,utf_8
goodyfeed.com,UTF-8,utf-8,utf_8
googl-info.com,UTF-8,utf-8,utf_8
google-info.cn,UTF-8,utf-8,utf_8
google-info.org,UTF-8,utf-8,utf_8
google.ae,utf-8,utf-8,utf_8
google.am,utf-8,utf-8,utf_8
google.at,utf-8,utf-8,utf_8
google.be,utf-8,utf-8,utf_8
google.bg,utf-8,utf-8,utf_8
google.ca,utf-8,utf-8,utf_8
google.ch,utf-8,utf-8,utf_8
google.cl,utf-8,utf-8,utf_8
google.co.ao,utf-8,utf-8,utf_8
google.co.cr,utf-8,utf-8,utf_8
google.co.id,utf-8,utf-8,utf_8
google.co.il,utf-8,utf-8,utf_8
google.co.in,utf-8,utf-8,utf_8
google.co.jp,utf-8,utf-8,utf_8
google.co.ke,utf-8,utf-8,utf_8
google.co.ma,utf-8,utf-8,utf_8
google.co.nz,utf-8,utf-8,utf_8
google.co.th,utf-8,utf-8,utf_8
google.co.uk,utf-8,utf-8,utf_8
google.co.ve,utf-8,utf-8,utf_8
google.co.za,utf-8,utf-8,utf_8
google.com,utf-8,utf-8,utf_8
google.com.ar,utf-8,utf-8,utf_8
google.com.au,utf-8,utf-8,utf_8
google.com.bd,utf-8,utf-8,utf_8
google.com.bh,utf-8,utf-8,utf_8
google.com.bo,utf-8,utf-8,utf_8
google.com.br,utf-8,utf-8,utf_8
google.com.co,utf-8,utf-8,utf_8
google.com.cy,utf-8,utf-8,utf_8
google.com.ec,utf-8,utf-8,utf_8
google.com.eg,utf-8,utf-8,utf_8
google.com.gt,utf-8,utf-8,utf_8
google.com.mx,utf-8,utf-8,utf_8
google.com.my,utf-8,utf-8,utf_8
google.com.ng,utf-8,utf-8,utf_8
google.com.ni,utf-8,utf-8,utf_8
google.com.pk,utf-8,utf-8,utf_8
google.com.sa,utf-8,utf-8,utf_8
google.com.sg,utf-8,utf-8,utf_8
google.com.sv,utf-8,utf-8,utf_8
google.com.tr,utf-8,utf-8,utf_8
google.com.ua,utf-8,utf-8,utf_8
google.com.uy,utf-8,utf-8,utf_8
google.com.vn,utf-8,utf-8,utf_8
google.cz,utf-8,utf-8,utf_8
google.de,utf-8,utf-8,utf_8
google.dk,utf-8,utf-8,utf_8
google.ee,utf-8,utf-8,utf_8
google.es,utf-8,utf-8,utf_8
google.fi,utf-8,utf-8,utf_8
google.fr,utf-8,utf-8,utf_8
google.gr,utf-8,utf-8,utf_8
google.hr,utf-8,utf-8,utf_8
google.hu,utf-8,utf-8,utf_8
google.ie,utf-8,utf-8,utf_8
google.it,utf-8,utf-8,utf_8
google.jo,utf-8,utf-8,utf_8
google.lk,utf-8,utf-8,utf_8
google.lt,utf-8,utf-8,utf_8
google.lv,utf-8,utf-8,utf_8
google.nl,utf-8,utf-8,utf_8
google.no,utf-8,utf-8,utf_8
google.pl,utf-8,utf-8,utf_8
google.pt,utf-8,utf-8,utf_8
google.ro,utf-8,utf-8,utf_8
google.rs,utf-8,utf-8,utf_8
google.ru,utf-8,utf-8,utf_8
google.se,utf-8,utf-8,utf_8
google.si,utf-8,utf-8,utf_8
google.sk,utf-8,utf-8,utf_8
google.tn,utf-8,utf-8,utf_8
googleblog.com,utf-8,utf-8,utf_8
gool.co.il,utf-8,utf-8,utf_8
goossenswonen.nl,UTF-8,ascii,ascii
gooto.com,UTF-8,ISO-8859-1,utf_8
goout.net,utf-8,Windows-1252,utf_8
gooutdoors.co.uk,UTF-8,utf-8,utf_8
goraymi.com,UTF-8,utf-8,utf_8
gordon.ac.il,utf-8,utf-8,utf_8
gordonua.com,UTF-8,utf-8,utf_8
gore-ljudje.si,utf-8,Windows-1254,utf_8
gorenje.com,,utf-8,utf_8
gorenjske-lekarne.si,UTF-8,utf-8,utf_8
gorenjskiglas.si,windows-1250,Windows-1252,cp1250
gorentals.co.nz,,utf-8,utf_8
goriau.com,UTF-8,utf-8,utf_8
gorila.sk,UTF-8,Windows-1254,utf_8
gorod.dp.ua,windows-1251,windows-1251,cp1251
gorodrabot.ru,UTF-8,utf-8,utf_8
gorodwiki.ru,UTF-8,,utf-8
gorp.jp,utf-8,utf-8,utf_8
gorzdrav.org,UTF-8,utf-8,utf_8
gosc.pl,utf-8,utf-8,utf_8
gosgm.com,UTF-8,utf-8,utf_8
goslovakia.sk,utf-8,utf-8,utf_8
gospelmais.com.br,UTF-8,utf-8,utf_8
gospelminds.com,UTF-8,utf-8,utf_8
gospodarski.hr,UTF-8,Windows-1254,utf_8
gospodarzdravlja.com,UTF-8,utf-8,utf_8
goss.ie,UTF-8,ascii,ascii
gossip-tv.gr,utf-8,utf-8,utf_8
gossipetv.com,UTF-8,utf-8,utf_8
gossipstar.com,UTF-8,utf-8,utf_8
gosuslugi.ru,utf-8,utf-8,utf_8
gotas.lt,,utf-8,utf_8
gotchoralography.com,utf-8,ascii,ascii
goteborg.se,UTF-8,utf-8,utf_8
goteborgdirekt.se,UTF-8,utf-8,utf_8
gotest.pk,UTF-8,ascii,ascii
gotland.se,UTF-8,utf-8,utf_8
goto.com.pk,UTF-8,utf-8,utf_8
gotoknow.org,UTF-8,utf-8,utf_8
gotomalls.com,UTF-8,ascii,ascii
gotomanager.com,UTF-8,utf-8,
gotoshop.ua,UTF-8,utf-8,utf_8
gotovim-doma.ru,UTF-8,utf-8,utf_8
gotovim.ru,windows-1251,windows-1251,cp1251
gotquestions.org,,Windows-1252,utf_8
gotravel.co.il,,utf-8,utf_8
gotravel.ee,UTF-8,utf-8,utf_8
gotujmy.pl,UTF-8,utf-8,utf_8
gotvach.bg,utf-8,utf-8,utf_8
gotvacha.com,UTF-8,utf-8,utf_8
gotvetesmen.com,,utf-8,utf_8
goud.ma,UTF-8,utf-8,utf_8
goudengids.be,UTF-8,ascii,ascii
gourmet-note.jp,utf-8,utf-8,utf_8
gourmetandcuisine.com,iso-8859-1,ascii,ascii
gourmettraveller.com.au,utf-8,utf-8,utf_8
gouv.qc.ca,utf-8,utf-8,utf_8
gov-murman.ru,UTF-8,utf-8,utf_8
gov.ao,UTF-8,utf-8,
gov.cz,,ascii,ascii
gov.hr,utf-8,utf-8,utf_8
gov.mb.ca,,ISO-8859-1,cp1250
gov.md,utf-8,utf-8,utf_8
gov.nl.ca,,ascii,ascii
gov.on.ca,,utf-8,utf_8
gov.ro,utf-8,UTF-8-SIG,utf_8_sig
gov.si,utf-8,utf-8,utf_8
gov.sk,utf-8,utf-8,utf_8
gov.spb.ru,utf-8,utf-8,utf_8
gov.wales,,ascii,ascii
govastileto.gr,utf-8,utf-8,utf_8
govdoc.lk,UTF-8,utf-8,utf_8
government.bg,UTF-8,utf-8,utf_8
govextra.gov.il,utf-8,utf-8,utf_8
govilnius.lt,,utf-8,utf_8
govinfo.gov,UTF-8,ascii,ascii
govisitcostarica.co.cr,UTF-8,utf-8,utf_8
govpage.co.za,UTF-8,ascii,ascii
gowheeltheworld.com,UTF-8,utf-8,utf_8
gowork.com,utf-8,utf-8,utf_8
gowork.fr,utf-8,utf-8,utf_8
gowork.pl,utf-8,utf-8,utf_8
goworkabit.com,UTF-8,ascii,ascii
goyellow.de,UTF-8,utf-8,utf_8
gozlemgazetesi.com,,,utf-8
gp.se,utf-8,utf-8,utf_8
gp24.pl,UTF-8,utf-8,utf_8
gpa.uy,utf-8,utf-8,utf_8
gportal.hu,iso-8859-2,Windows-1252,cp1252
gpsbikerroutes.com,utf-8,ascii,ascii
gpwonline.co.za,,ascii,ascii
gq-magazin.de,utf-8,utf-8,utf_8
gq-magazine.co.uk,utf-8,utf-8,utf_8
gq.com,utf-8,utf-8,utf_8
gq.com.au,UTF-8,ascii,ascii
gq.com.mx,utf-8,utf-8,utf_8
gq.com.tr,utf-8,utf-8,utf_8
gq.ru,utf-8,utf-8,utf_8
gqindia.com,utf-8,utf-8,utf_8
gqitalia.it,utf-8,utf-8,utf_8
gqjapan.jp,utf-8,utf-8,utf_8
gqmagazine.fr,utf-8,utf-8,utf_8
gqportugal.pt,utf-8,utf-8,utf_8
gqthailand.com,UTF-8,utf-8,utf_8
gr.ch,us-ascii,ascii,ascii
graaam.com,UTF-8,utf-8,utf_8
graana.com,utf-8,utf-8,utf_8
grab.com,UTF-8,utf-8,utf_8
grabjobs.co,UTF-8,ascii,ascii
grabo.bg,utf-8,utf-8,utf_8
grabone.co.nz,UTF-8,ascii,ascii
grad.bg,utf-8,utf-8,utf_8
grada.cz,utf-8,utf-8,utf_8
gradat.bg,utf-8,utf-8,utf_8
gradeup.co,utf-8,utf-8,utf_8
gradireland.com,utf-8,utf-8,utf_8
gradja.hr,UTF-8,utf-8,utf_8
gradjevinarstvo.rs,utf-8,utf-8,utf_8
gradnja.rs,UTF-8,utf-8,utf_8
gradonacelnik.hr,UTF-8,utf-8,utf_8
gradsubotica.co.rs,UTF-8,utf-8,utf_8
grafical.dk,utf-8,utf-8,utf_8
grailed.com,UTF-8,ascii,ascii
gralon.net,UTF-8,utf-8,utf_8
gram.pl,,utf-8,utf_8
gramaticas.net,UTF-8,utf-8,utf_8
gramedia.com,,ascii,ascii
grameenphone.com,utf-8,UTF-8-SIG,utf_8_sig
gramho.com,UTF-8,ascii,ascii
grammar-monster.com,,Windows-1252,cp1125
grammarbank.com,,utf-8,utf_8
grammarist.com,UTF-8,utf-8,
grammarly.com,UTF-8,utf-8,utf_8
grammartop.com,UTF-8,utf-8,utf_8
gramofona.com,UTF-8,utf-8,utf_8
gramota.ru,windows-1251,windows-1251,cp1251
granadahoy.com,UTF-8,utf-8,utf_8
grancursosonline.com.br,UTF-8,utf-8,utf_8
grandado.com,utf-8,utf-8,utf_8
grandeconsumo.com,UTF-8,utf-8,utf_8
grandidizionari.it,utf-8,utf-8,utf_8
grandmalang.com,utf-8,ascii,ascii
grandprix.co.th,UTF-8,utf-8,utf_8
grani.lv,cp1251,windows-1251,cp1251
granice.pl,ISO-8859-2,Windows-1252,iso8859_2
granmanzana.es,UTF-8,utf-8,utf_8
granngarden.se,utf-8,utf-8,utf_8
grantono.net,UTF-8,Windows-1254,utf_8
grapee.jp,UTF-8,utf-8,utf_8
grassrootsoffood.com,utf-8,ascii,ascii
gratis.com,UTF-8,ascii,ascii
gratiskryssord.no,utf-8,utf-8,utf_8
gratispng.com,utf-8,utf-8,utf_8
gratka.pl,UTF-8,utf-8,utf_8
graubuenden.ch,UTF-8,utf-8,utf_8
graydongo.nl,utf-8,utf-8,utf_8
grays.com,utf-8,utf-8,utf_8
graysonline.com,utf-8,utf-8,utf_8
graz.at,UTF-8,utf-8,utf_8
grazia-magazin.de,utf-8,utf-8,utf_8
grazia.fr,utf-8,utf-8,utf_8
grazia.rs,UTF-8,utf-8,utf_8
grc.ua,utf-8,ascii,ascii
great-pyrenees.lv,UTF-8,utf-8,utf_8
greatbritishchefs.com,utf-8,utf-8,utf_8
greatbritishlife.co.uk,UTF-8,utf-8,utf_8
greatdeals.com.sg,UTF-8,utf-8,utf_8
greatist.com,utf-8,utf-8,utf_8
greatschools.org,utf-8,utf-8,utf_8
greatsong.net,UTF-8,ascii,ascii
greece.com,,utf-8,utf_8
greek-language.gr,UTF-8,utf-8,utf_8
greek-movies.com,UTF-8,utf-8,utf_8
greeka.com,UTF-8,utf-8,utf_8
greekcitytimes.com,UTF-8,utf-8,utf_8
greekgastronomyguide.gr,UTF-8,utf-8,utf_8
greekhotels.gr,us-ascii,ascii,ascii
greeklyrics.gr,UTF-8,utf-8,utf_8
greekonline.gr,ISO-8859-1,ascii,ascii
greelane.com,utf-8,utf-8,utf_8
greenfacts.org,,ascii,ascii
greengazette.co.za,,ISO-8859-1,utf_8
greengeeks.com,,ascii,ascii
greenme.com.br,UTF-8,utf-8,utf_8
greenme.it,UTF-8,utf-8,utf_8
greensnap.jp,UTF-8,Windows-1254,utf_8
greenstyle.it,UTF-8,utf-8,utf_8
greensystems.com.es,UTF-8,utf-8,utf_8
greenweez.com,utf-8,utf-8,utf_8
greginmotion.com,utf-8,ascii,ascii
greitai.lt,UTF-8,ascii,ascii
grenka.ua,utf-8,utf-8,utf_8
grid.id,UTF-8,utf-8,utf_8
gridoto.com,UTF-8,ISO-8859-1,utf_8
griffith.edu.au,utf-8,utf-8,utf_8
grillsportverein.de,UTF-8,Windows-1252,iso8859_9
grin.com,UTF-8,utf-8,utf_8
groby.hu,utf-8,utf-8,utf_8
groene.nl,utf-8,utf-8,utf_8
grokiskis.lt,UTF-8,utf-8,utf_8
groningen.nl,UTF-8,utf-8,utf_8
gronneinneplanter.blogspot.com,UTF-8,utf-8,utf_8
groo.co.il,utf-8,utf-8,utf_8
groove.pl,UTF-8,utf-8,utf_8
groovypost.com,UTF-8,utf-8,utf_8
grotal.com,utf-8,utf-8,utf_8
groundup.org.za,utf-8,utf-8,utf_8
group-abc.ru,utf-8,utf-8,utf_8
group-enr-blog.fr,UTF-8,utf-8,utf_8
groupon.ae,utf-8,utf-8,utf_8
groupon.co.uk,utf-8,utf-8,utf_8
groupon.com,utf-8,utf-8,utf_8
groupon.com.au,utf-8,utf-8,utf_8
groupon.de,utf-8,utf-8,utf_8
groupon.es,utf-8,utf-8,utf_8
groupon.fr,utf-8,utf-8,utf_8
groupon.ie,utf-8,utf-8,utf_8
groupon.it,utf-8,utf-8,utf_8
groupon.nl,utf-8,utf-8,utf_8
groupon.pl,utf-8,utf-8,utf_8
groww.in,utf-8,utf-8,utf_8
grtimes.gr,UTF-8,utf-8,utf_8
grubhub.com,,ascii,ascii
gruda.lt,UTF-8,utf-8,utf_8
grupapsb.com.pl,UTF-8,utf-8,utf_8
grupinis.lt,UTF-8,utf-8,utf_8
grupobancolombia.com,UTF-8,utf-8,utf_8
grupoice.com,UTF-8,utf-8,utf_8
grupolaprovincia.com,UTF-8,utf-8,utf_8
grupovaughan.com,UTF-8,utf-8,utf_8
grupovina.rs,UTF-8,utf-8,utf_8
grupovo.bg,UTF-8,utf-8,utf_8
gruppodinamo.com,UTF-8,utf-8,utf_8
gry-online.pl,,Windows-1254,cp1250
gs24.pl,UTF-8,utf-8,utf_8
gsb.gov.tr,utf-8,utf-8,utf_8
gsfattorini.it,,ascii,ascii
gsmarena.com,utf-8,utf-8,utf_8
gsmarena.com.bd,UTF-8,ascii,ascii
gsmchoice.com,UTF-8,utf-8,utf_8
gsmmaniak.pl,UTF-8,utf-8,utf_8
gsmnet.ro,UTF-8,utf-8,utf_8
gsmonline.pl,,utf-8,utf_8
gsmversus.com,UTF-8,utf-8,utf_8
gsp.ro,UTF-8,utf-8,utf_8
gsu.edu,UTF-8,utf-8,utf_8
gta-neptun.si,iso-8859-1,ascii,ascii
gtanuncios.com,UTF-8,utf-8,utf_8
gtbank.com,,ascii,ascii
gteshops.com,utf-8,utf-8,utf_8
gtgrafics.com,UTF-8,utf-8,utf_8
gtshina.ru,utf-8,utf-8,utf_8
gtyello.com,UTF-8,utf-8,utf_8
gtzmp3.com,utf-8,utf-8,utf_8
gu-global.com,UTF-8,utf-8,utf_8
gu.se,UTF-8,utf-8,
gu.spb.ru,utf-8,utf-8,utf_8
guacapp.com,UTF-8,utf-8,utf_8
guadalajara.gob.mx,utf-8,utf-8,utf_8
guadalupecid.com,utf-8,ISO-8859-1,utf_8
guamnaturealliance.org,utf-8,ascii,ascii
guanajuato.gob.mx,UTF-8,utf-8,utf_8
guao.org,utf-8,utf-8,utf_8
guardian.com.my,UTF-8,utf-8,utf_8
guardian.com.sg,UTF-8,utf-8,utf_8
guardian.ng,UTF-8,utf-8,utf_8
guatecompras.gt,utf-8,utf-8,utf_8
guatemala.com,UTF-8,utf-8,utf_8
guatemaladigital.com,utf-8,utf-8,utf_8
guatevision.com,UTF-8,utf-8,utf_8
gucca.dk,UTF-8,utf-8,utf_8
guchill.com,UTF-8,utf-8,utf_8
gude.sk,,UTF-8-SIG,utf_8_sig
gudriem.lv,utf-8,utf-8,utf_8
guenstiger.de,,,utf-8
guesehat.com,UTF-8,ascii,ascii
guiabbb.cl,iso-8859-1,ascii,ascii
guiabbb.com.ar,iso-8859-1,ascii,ascii
guiabbb.ec,iso-8859-1,ascii,ascii
guiabbb.mx,iso-8859-1,ascii,ascii
guiacomercial.uy,UTF-8,ascii,ascii
guiadacarreira.com.br,UTF-8,utf-8,utf_8
guiadacidade.pt,,ascii,ascii
guiadacozinha.com.br,utf-8,utf-8,utf_8
guiadeargentina.com.ar,UTF-8,utf-8,utf_8
guiadelnino.com,utf-8,utf-8,utf_8
guiademicroempresas.es,UTF-8,utf-8,utf_8
guiafacil.com,UTF-8,utf-8,
guiainfantil.com,UTF-8,utf-8,utf_8
guialis.com.mx,UTF-8,utf-8,utf_8
guialocal.cl,UTF-8,utf-8,utf_8
guialocal.com.ar,UTF-8,utf-8,utf_8
guialocal.com.gt,UTF-8,utf-8,utf_8
guiamais.com.br,UTF-8,utf-8,utf_8
guiame.com.br,utf-8,utf-8,utf_8
guiamexican.com,,ascii,ascii
guiamexico.mx,utf-8,utf-8,utf_8
guianegocios.cl,utf-8,utf-8,utf_8
guiarepsol.com,utf-8,utf-8,utf_8
guias.com.uy,UTF-8,Windows-1254,utf_8
guiatel.com.mx,utf-8,utf-8,utf_8
guiatelefone.com,utf-8,utf-8,utf_8
guiatelefonica.com.ec,UTF-8,utf-8,utf_8
guichevirtual.com.br,utf-8,utf-8,utf_8
guidasicilia.it,UTF-8,utf-8,utf_8
guide-bulgaria.com,UTF-8,utf-8,utf_8
guide-piscine.fr,UTF-8,utf-8,utf_8
guide2dubai.com,utf-8,utf-8,utf_8
guideautoweb.com,utf-8,utf-8,utf_8
guidemesingapore.com,utf-8,utf-8,utf_8
guidesaudi.com,utf-8,utf-8,utf_8
guidestar.org,,ascii,ascii
guidestar.org.il,UTF-8,utf-8,utf_8
guidingtech.com,UTF-8,utf-8,utf_8
guidle.com,UTF-8,utf-8,utf_8
guioteca.com,UTF-8,utf-8,utf_8
guitarthai.com,,TIS-620,iso8859_11
gulasidorna.se,utf-8,utf-8,utf_8
gulbe.lt,UTF-8,utf-8,utf_8
gulbene.lv,,ascii,ascii
gulbenkian.pt,UTF-8,ascii,ascii
gulesider.no,utf-8,utf-8,utf_8
gulet.at,UTF-8,utf-8,utf_8
gulf365.com,,utf-8,utf_8
gulfbusiness.com,UTF-8,utf-8,utf_8
gulfnews.com,UTF-8,utf-8,utf_8
gulftalent.com,UTF-8,ascii,ascii
gulftoday.ae,utf-8,utf-8,utf_8
guliveriokeliones.lt,UTF-8,utf-8,utf_8
gullhojonlineshop.dk,UTF-8,ascii,ascii
gulliver.co.il,,UTF-8-SIG,utf_8_sig
guloggratis.dk,ISO-8859-1,ISO-8859-1,
gumtree.co.za,utf-8,utf-8,utf_8
gumtree.com,utf-8,utf-8,utf_8
gumtree.com.au,UTF-8,ascii,ascii
gumtree.ie,utf-8,utf-8,utf_8
gumtree.pl,utf-8,utf-8,utf_8
gumtree.sg,utf-8,ISO-8859-1,utf_8
gunboyugazetesi.com.tr,UTF-8,utf-8,utf_8
guncelmp3indir.com,UTF-8,utf-8,big5
guncelprojebilgileri.com,utf-8,utf-8,utf_8
gunduzniyetine.com,UTF-8,utf-8,utf_8
gunes.com,utf-8,utf-8,utf_8
gunma-snow.com,UTF-8,utf-8,utf_8
gupy.io,UTF-8,utf-8,utf_8
gurman.eu,UTF-8,UTF-8-SIG,utf_8_sig
gurmandapetit.ro,utf-8,ascii,ascii
gursesgazetesi.com,UTF-8,utf-8,utf_8
guru99.com,utf-8,ascii,ascii
gurupendidikan.co.id,UTF-8,utf-8,utf_8
guruwaraya.lk,UTF-8,utf-8,
gust.si,utf-8,utf-8,utf_8
gustissimo.it,utf-8,utf-8,utf_8
gusto.at,utf-8,utf-8,utf_8
gustos.ro,UTF-8,utf-8,utf_8
gustosaricerca.it,UTF-8,utf-8,utf_8
gutefrage.net,UTF-8,Windows-1252,utf_8
gutekueche.at,UTF-8,utf-8,utf_8
gutekueche.ch,UTF-8,utf-8,utf_8
gutekueche.de,UTF-8,utf-8,utf_8
gutgemacht.at,UTF-8,utf-8,utf_8
guu.vn,utf-8,utf-8,utf_8
guy-hoquet.com,UTF-8,utf-8,utf_8
guyajeux.com,UTF-8,utf-8,utf_8
guzzle.co.za,utf-8,utf-8,utf_8
gva.be,utf-8,utf-8,utf_8
gva.es,,ascii,ascii
gw.govt.nz,us-ascii,ascii,ascii
gyakorikerdesek.hu,UTF-8,utf-8,utf_8
gyerekjatekok.hu,UTF-8,utf-8,utf_8
gyldendal.dk,utf-8,utf-8,utf_8
gyldendal.no,utf-8,utf-8,utf_8
gym-053.nl,UTF-8,utf-8,utf_8
gymbeam.bg,UTF-8,utf-8,utf_8
gymbeam.cz,UTF-8,utf-8,utf_8
gymbeam.si,UTF-8,utf-8,utf_8
gymbeam.sk,UTF-8,utf-8,utf_8
gymglish.com,utf-8,utf-8,utf_8
gymnasium.se,utf-8,utf-8,utf_8
gympass.com,utf-8,utf-8,utf_8
gyogyline.hu,UTF-8,utf-8,utf_8
gyogyszernelkul.com,UTF-8,utf-8,utf_8
gyor.hu,,ascii,ascii
gyorgytea.hu,UTF-8,utf-8,utf_8
gyvenimas.eu,iso-8859-1,ascii,ascii
gzeme.lt,iso-8859-1,ascii,ascii
gzs.si,us-ascii,ascii,ascii
gzt.com,utf-8,Windows-1254,utf_8
h-a.no,UTF-8,utf-8,utf_8
h-alter.org,UTF-8,utf-8,utf_8
h-avis.no,utf-8,utf-8,utf_8
h1g.jp,,utf-8,utf_8
h24info.ma,UTF-8,utf-8,utf_8
h9j.com.br,utf-8,utf-8,utf_8
ha-halden.no,utf-8,Windows-1252,utf_8
ha-makom.co.il,UTF-8,utf-8,utf_8
haapsalu.ee,UTF-8,utf-8,utf_8
haaretz.co.il,utf-8,utf-8,utf_8
haarlemsdagblad.nl,utf-8,utf-8,utf_8
haayal.co.il,,windows-1255,cp1255
habama.co.il,utf-8,utf-8,utf_8
haber.com,UTF-8,utf-8,utf_8
haber3.com,UTF-8,utf-8,utf_8
haber365.com.tr,utf-8,utf-8,utf_8
haber46.com.tr,utf-8,utf-8,utf_8
haber61.net,utf-8,utf-8,utf_8
haber7.com,UTF-8,utf-8,utf_8
haberalanya.com.tr,utf-8,utf-8,utf_8
haberankara.com,UTF-8,utf-8,utf_8
habergazetesi.com.tr,utf-8,utf-8,utf_8
haberglobal.com.tr,UTF-8,utf-8,utf_8
haberler.com,,utf-8,utf_8
haberlerankara.com,UTF-8,ascii,ascii
habernediyor.com,UTF-8,utf-8,utf_8
haberofisi.com.tr,us-ascii,ascii,ascii
haberso.com,UTF-8,utf-8,utf_8
haberts.com,UTF-8,utf-8,utf_8
haberturk.com,,utf-8,utf_8
habervakti.com,UTF-8,utf-8,utf_8
haberver.me,UTF-8,ascii,ascii
haberx.com,UTF-8,utf-8,utf_8
habitaclia.com,,Windows-1252,iso8859_15
habitatpresto.com,UTF-8,utf-8,utf_8
habitissimo.cl,utf-8,utf-8,utf_8
habitissimo.com.br,utf-8,utf-8,utf_8
habitissimo.com.mx,utf-8,utf-8,utf_8
habitissimo.es,utf-8,utf-8,utf_8
habitissimo.it,utf-8,utf-8,utf_8
habitissimo.pt,utf-8,utf-8,utf_8
habous.gov.ma,utf-8,UTF-8-SIG,utf_8_sig
habr.com,UTF-8,utf-8,utf_8
hac.hr,UTF-8,utf-8,utf_8
hacettepe.edu.tr,,utf-8,utf_8
had.si,UTF-8,utf-8,utf_8
hadassah.org.il,utf-8,utf-8,utf_8
hadeland.no,utf-8,utf-8,utf_8
hafelethailand.com,UTF-8,utf-8,utf_8
hagebau.at,UTF-8,utf-8,utf_8
hagebau.de,UTF-8,utf-8,utf_8
hagegal.no,,ascii,ascii
hageland.no,,ascii,ascii
haibunda.com,UTF-8,ascii,ascii
haifa.muni.il,,ascii,ascii
haigekassa.ee,UTF-8,utf-8,utf_8
haiglateliit.ee,,ISO-8859-1,big5hkscs
haihuin2.com,UTF-8,utf-8,utf_8
hail.to,,utf-8,utf_8
haiphong.gov.vn,utf-8,utf-8,utf_8
haipo.co.il,UTF-8,utf-8,utf_8
haiquanonline.com.vn,utf-8,utf-8,utf_8
haisagatim.ro,,ascii,ascii
hak.hr,utf-8,utf-8,utf_8
hakek.net,UTF-8,utf-8,utf_8
hakmarexpress.com.tr,UTF-8,utf-8,
hakolal.co.il,UTF-8,utf-8,utf_8
hala.jo,UTF-8,utf-8,utf_8
halabazaar.com,UTF-8,utf-8,utf_8
halacima.net,UTF-8,utf-8,utf_8
haldorado.hu,utf-8,utf-8,utf_8
halfords.com,UTF-8,utf-8,utf_8
halfords.ie,UTF-8,utf-8,utf_8
halkbank.com.tr,UTF-8,utf-8,utf_8
halkkitabevi.com,utf-8,utf-8,utf_8
halktv.com.tr,UTF-8,utf-8,utf_8
hallandsposten.se,utf-8,utf-8,utf_8
halldulivre.com,iso-8859-1,ascii,ascii
halleyweb.com,ISO-8859-1,ascii,ascii
hallo.lv,utf-8,Windows-1254,iso8859_9
hallowedgaming.com,,utf-8,utf_8
halodoc.com,,ascii,ascii
halonen.fi,UTF-8,utf-8,utf_8
halongpearl.vn,UTF-8,Windows-1254,utf_8
halooglasi.com,utf-8,utf-8,utf_8
halotravel.vn,UTF-8,utf-8,utf_8
halpahalli.fi,UTF-8,utf-8,utf_8
hamal.co.il,utf-8,utf-8,utf_8
hamariweb.com,utf-8,utf-8,utf_8
hamazo.tv,UTF-8,UTF-8-SIG,utf_8_sig
hambaarst.ee,utf-8,utf-8,
hamburg.de,UTF-8,utf-8,utf_8
hameenlinna.fi,UTF-8,utf-8,utf_8
hameensanomat.fi,UTF-8,utf-8,utf_8
hamichlol.org.il,UTF-8,utf-8,utf_8
hamilton.govt.nz,utf-8,utf-8,utf_8
hamk.fi,UTF-8,utf-8,utf_8
hamuesgyemant.hu,utf-8,utf-8,utf_8
handelsbanken.se,UTF-8,utf-8,utf_8
handelsblatt.com,utf-8,utf-8,utf_8
handelsgids.be,utf-8,ascii,ascii
