handelszeitung.ch,utf-8,utf-8,utf-8
handicapenzo.nl,utf-8,utf-8,utf-8
handleidi.ng,utf-8,utf-8,utf-8
handleidingkwijt.com,UTF-8,utf-8,utf-8
hands.net,UTF-8,utf-8,utf-8
hanfa.hr,utf-8,utf-8,utf-8
hang.hu,UTF-8,utf-8,utf-8
hanganmihai.ro,utf-8,ascii,ascii
hange.ee,UTF-8,utf-8,utf-8
hanggiagood.com,UTF-8,utf-8,utf-8
hangngoainhap.com.vn,utf-8,utf-8,utf-8
hania.news,UTF-8,utf-8,
haninge.se,utf-8,utf-8,utf-8
haniotika-nea.gr,,utf-8,utf-8
hanked.ee,utf-8,utf-8,utf-8
hankkija.fi,UTF-8,utf-8,utf-8
hanmoto.com,UTF-8,utf-8,utf-8
hannansoppa.com,iso-8859-1,ascii,ascii
hanoi.gov.vn,UTF-8,utf-8,utf-8
hanoicomputer.vn,UTF-8,Windows-1254,utf-8
hanoimoi.com.vn,utf-8,utf-8,utf-8
hansabay.ee,utf-8,utf-8,utf-8
hansaplant.ee,UTF-8,utf-8,utf-8
hansapost.ee,utf-8,utf-8,utf-8
hant.se,UTF-8,utf-8,utf-8
hanutk.co.il,UTF-8,Windows-1254,utf-8
haon.hu,UTF-8,utf-8,
hapakenya.com,UTF-8,utf-8,utf-8
hapche.bg,utf-8,UTF-8-SIG,UTF-8-SIG
hapijournal.com,UTF-8,utf-8,
hapisga.co.il,UTF-8,utf-8,utf-8
happy.com.tr,utf-8,utf-8,utf-8
happycenter.com.tr,utf-8,utf-8,utf-8
happycow.net,,ascii,ascii
happyfm.es,UTF-8,utf-8,utf-8
happyfresh.co.th,utf-8,utf-8,
happyfresh.id,utf-8,utf-8,utf-8
happykitchen.co.il,UTF-8,Windows-1254,
happymod.com,UTF-8,utf-8,utf-8
happymodern.ru,UTF-8,utf-8,utf-8
happymom.in.th,UTF-8,utf-8,
happyride.se,UTF-8,utf-8,utf-8
happytv.rs,UTF-8,utf-8,
happywedding.in.th,UTF-8,utf-8,utf-8
haps.pl,ISO-8859-2,ISO-8859-1,Windows-1252
hapsalons.nl,UTF-8,utf-8,utf-8
haraj.com,UTF-8,utf-8,utf-8
haraj.com.sa,utf-8,Windows-1254,utf-8
harakahdaily.net,,ISO-8859-1,utf-8
harald-nyborg.dk,UTF-8,utf-8,utf-8
harapanrakyat.com,UTF-8,ISO-8859-1,
harbourviewsuitespib.com,utf-8,ascii,ascii
harcourts.co.nz,utf-8,utf-8,utf-8
harcourts.co.za,utf-8,utf-8,utf-8
hardcoreteam.nl,utf-8,ascii,ascii
hardmob.com.br,UTF-8,ascii,
hardreset.info,utf-8,utf-8,utf-8
hardverapro.hu,utf-8,utf-8,utf-8
hardware.com.br,UTF-8,utf-8,utf-8
hardware.fr,,Windows-1252,latin_1
hardware.info,UTF-8,ascii,utf-8
hardwarebg.com,UTF-8,UTF-8-SIG,
hardwareluxx.de,utf-8,utf-8,utf-8
hardwareonline.dk,utf-8,utf-8,utf-8
hardwarezone.com.sg,UTF-8,utf-8,utf-8
hardworkout.no,utf-8,utf-8,utf-8
hardzone.es,UTF-8,utf-8,utf-8
haredimnet.co.il,utf-8,Windows-1254,MacCyrillic
harel-group.co.il,utf-8,utf-8,utf-8
harga.web.id,UTF-8,utf-8,utf-8
hargano.com,UTF-8,ascii,utf-8
harianaceh.co.id,UTF-8,utf-8,utf-8
harianbhirawa.co.id,iso-8859-1,ascii,ascii
harianjogja.com,UTF-8,ascii,utf-8
haribhoomi.com,utf-8,utf-8,utf-8
haridus.ee,,utf-8,utf-8
hariduskeskus.ee,utf-8,utf-8,utf-8
haritamap.com,UTF-8,utf-8,utf-8
haritane.com,utf-8,utf-8,utf-8
harjuelu.ee,UTF-8,utf-8,utf-8
harku.ee,UTF-8,utf-8,utf-8
harmonet.hu,UTF-8,utf-8,utf-8
harpersbazaar.com,UTF-8,utf-8,utf-8
harpersbazaar.rs,UTF-8,utf-8,utf-8
harpersbazaararabia.com,utf-8,ascii,ascii
harran.edu.tr,utf-8,utf-8,utf-8
harrods.com,UTF-8,Windows-1252,
harrybipedhiking.com,utf-8,ascii,ascii
harta.biz,UTF-8,ISO-8859-1,utf-8
hartlauer.at,UTF-8,utf-8,utf-8
hartman.fi,UTF-8,utf-8,utf-8
hartvannederland.nl,,ascii,utf-8
harvard.edu,UTF-8,utf-8,utf-8
harveynichols.com,UTF-8,ascii,ascii
harveynorman.com.au,UTF-8,utf-8,utf-8
harveynorman.com.my,,ascii,ascii
harveynorman.com.sg,,ascii,ascii
harveynorman.hr,UTF-8,utf-8,utf-8
harveynorman.ie,,ascii,ascii
harveynorman.si,UTF-8,utf-8,utf-8
has-sante.fr,UTF-8,utf-8,utf-8
has.gr,utf-8,utf-8,utf-8
hasaki.vn,UTF-8,utf-8,utf-8
hasanews.com,UTF-8,Windows-1254,utf-8
hashikma-holon.co.il,UTF-8,utf-8,utf-8
hashikma-rishon.co.il,UTF-8,utf-8,utf-8
hashulchan.co.il,UTF-8,utf-8,utf-8
haskovo.info,UTF-8,utf-8,
haskovo.live,UTF-8,utf-8,
haskovo.net,UTF-8,utf-8,utf-8
hasolidit.com,UTF-8,utf-8,utf-8
hastane.com.tr,,Windows-1252,iso8859_9
hasznalati-utasitasok.hu,utf-8,utf-8,utf-8
hasznaltat.hu,utf-8,utf-8,utf-8
hasznaltauto.hu,UTF-8,utf-8,utf-8
hasznaltcuccok.com,UTF-8,utf-8,utf-8
hatalike.jp,Windows-31J,SHIFT_JIS,SHIFT_JIS
hateblo.jp,utf-8,utf-8,utf-8
hatena.ne.jp,utf-8,Windows-1254,utf-8
hatenablog.com,utf-8,utf-8,utf-8
hatenablog.jp,utf-8,utf-8,utf-8
hatenadiary.com,utf-8,utf-8,utf-8
hatenadiary.jp,utf-8,utf-8,utf-8
hatenadiary.org,utf-8,utf-8,utf-8
hatinh.gov.vn,UTF-8,utf-8,utf-8
hatit.net,iso-8859-1,ascii,ascii
hatkara.net,utf-8,utf-8,
hatkara.vn,UTF-8,ascii,
hatla2ee.com,utf-8,utf-8,utf-8
hatyaifocus.com,utf-8,utf-8,utf-8
haufe.de,UTF-8,utf-8,utf-8
haugenbok.no,UTF-8,Windows-1252,utf-8
haus-griessenkarblick.com,utf-8,ascii,ascii
haus.de,UTF-8,utf-8,utf-8
hausarbeiten.de,"""utf-8""",utf-8,utf-8
hausgarten.net,UTF-8,utf-8,utf-8
hausjournal.net,,ascii,ascii
haustechnikdialog.de,utf-8,utf-8,utf-8
hausverstand.at,UTF-8,UTF-8-SIG,UTF-8-SIG
hauzi.sk,utf-8,ascii,utf-8
havan.com.br,UTF-8,utf-8,utf-8
haveabc.dk,utf-8,Windows-1252,utf-8
haveagood.holiday,utf-8,Windows-1254,utf-8
havehalalwilltravel.com,utf-8,utf-8,utf-8
havenyt.dk,iso-8859-1,ISO-8859-1,latin_1
haveselskabet.dk,utf-8,utf-8,utf-8
hawaaworld.com,utf-8,Windows-1254,utf-8
hawahome.com,UTF-8,utf-8,utf-8
hawaii.ee,utf-8,utf-8,utf-8
hawamer.com,UTF-8,utf-8,utf-8
hayadan.org.il,UTF-8,utf-8,utf-8
hayat.ba,UTF-8,utf-8,utf-8
hayatouki.com,UTF-8,utf-8,utf-8
haynhat.vn,utf-8,utf-8,utf-8
haz.de,UTF-8,utf-8,utf-8
haziallat.hu,utf-8,utf-8,utf-8
hazipatika.com,iso-8859-2,ISO-8859-1,ISO-8859-2
hbl.com,,ascii,ascii
hbl.fi,UTF-8,utf-8,utf-8
hbogo.bg,UTF-8,utf-8,utf-8
hbogo.hr,UTF-8,utf-8,utf-8
hbogo.hu,UTF-8,utf-8,utf-8
hbogo.pl,UTF-8,utf-8,utf-8
hbogo.ro,UTF-8,utf-8,utf-8
hbogo.rs,UTF-8,utf-8,utf-8
hbogo.si,UTF-8,utf-8,utf-8
hbr.org,utf-8,utf-8,utf-8
hbtf.com,us-ascii,ascii,ascii
hbvl.be,utf-8,utf-8,utf-8
hc.com.vn,,utf-8,utf-8
hcdn.gob.ar,UTF-8,utf-8,utf-8
hcp.ma,UTF-8,utf-8,utf-8
hcu.ac.th,,ascii,ascii
hd.co.th,utf-8,Windows-1254,utf-8
hd.se,utf-8,utf-8,utf-8
hd01.ru,,utf-8,utf-8
hd9.mobi,UTF-8,Windows-1252,utf-8
hdb.gov.sg,utf-8,Windows-1252,utf-8
hdblog.it,iso-8859-1,Windows-1252,latin_1
hdfcbank.com,UTF-8,utf-8,utf-8
hdfilmcehennemi2.pw,,utf-8,utf-8
hdjum.com,UTF-8,ascii,utf-8
hdmotori.it,iso-8859-1,ISO-8859-1,latin_1
hdsaprevodom.com,,ascii,ascii
hdtvpolska.com,UTF-8,utf-8,utf-8
hdzo.tv,iso-8859-1,ascii,ascii
he2.wiki,,ascii,ascii
headlightmag.com,,utf-8,utf-8
healcentral.org,UTF-8,utf-8,utf-8
health-diet.ru,UTF-8,Windows-1254,utf-8
health-ua.com,UTF-8,utf-8,utf-8
health.com,utf-8,utf-8,utf-8
health.go.ke,UTF-8,utf-8,utf-8
health.gov.au,utf-8,utf-8,utf-8
health.gov.il,utf-8,ascii,ascii
health.gov.lk,UTF-8,ascii,latin_1
health.govt.nz,utf-8,utf-8,utf-8
health.qld.gov.au,utf-8,utf-8,utf-8
health.vic.gov.au,utf-8,utf-8,utf-8
healthcare4ppl.com,UTF-8,ascii,utf-8
healthcarethai.com,UTF-8,utf-8,
healthdirect.gov.au,utf-8,utf-8,utf-8
healthengine.com.au,UTF-8,utf-8,utf-8
healthgrades.com,,,utf-8
healthhub.sg,utf-8,utf-8,
healthline.com,utf-8,utf-8,
healthlinkbc.ca,utf-8,utf-8,utf-8
healthnavigator.org.nz,utf-8,utf-8,utf-8
healthpages.co.nz,UTF-8,utf-8,
healthplus.vn,UTF-8,utf-8,utf-8
healthpoint.co.nz,utf-8,utf-8,utf-8
healthserv.net,utf-8,utf-8,utf-8
healthshare.com.au,utf-8,Windows-1252,utf-8
healthvietnam.vn,UTF-8,utf-8,utf-8
healthycatchups.com,iso-8859-1,ascii,ascii
healthychildren.org,utf-8,utf-8,
healthyfood.com,UTF-8,utf-8,
healthyliving.gr,UTF-8,utf-8,utf-8
healthzaa.com,UTF-8,ascii,utf-8
heart.co.uk,utf-8,utf-8,utf-8
heartbeats.dk,,ascii,ascii
heartofthecity.co.nz,UTF-8,utf-8,utf-8
hearts-yachiyo.jp,UTF-8,UTF-8-SIG,UTF-8-SIG
heathcotes.co.nz,utf-8,utf-8,utf-8
heatmaster.jp,UTF-8,utf-8,utf-8
heavy.com,UTF-8,utf-8,utf-8
heb.com,,ascii,ascii
heb.com.mx,UTF-8,utf-8,utf-8
hebban.nl,,ascii,ascii
hebe.pl,UTF-8,utf-8,utf-8
hebpsy.net,,ascii,ascii
hebrew-academy.org.il,UTF-8,utf-8,utf-8
hebrewbooks.org,utf-8,utf-8,utf-8
hebrewnews.com,UTF-8,utf-8,utf-8
hec.gov.pk,utf-8,utf-8,
hedensted.dk,utf-8,utf-8,utf-8
hediyesepeti.com,UTF-8,utf-8,utf-8
hedvabnastezka.cz,UTF-8,Windows-1254,utf-8
heho.com.tw,UTF-8,utf-8,utf-8
heikedesign.com,UTF-8,ascii,ascii
heili.fi,utf-8,utf-8,utf-8
heilpraxisnet.de,,utf-8,utf-8
heim.jp,utf-8,utf-8,utf-8
heimwerker.de,utf-8,utf-8,utf-8
heinontukku.fi,UTF-8,utf-8,utf-8
heinze.de,UTF-8,utf-8,utf-8
heise.de,UTF-8,Windows-1252,utf-8
heiwerken-pvantwout.nl,utf-8,ascii,ascii
hej.sk,utf-8,utf-8,utf-8
hektapatur.no,,utf-8,utf-8
hel.fi,UTF-8,utf-8,utf-8
helagotland.se,,utf-8,utf-8
helahalsingland.se,utf-8,utf-8,utf-8
helg.no,utf-8,utf-8,utf-8
heli-group.co.il,UTF-8,utf-8,utf-8
helikon.bg,UTF-8,ascii,
helion.pl,,ISO-8859-1,ISO-8859-2
helios-gesundheit.de,utf-8,utf-8,utf-8
helix.ru,utf-8,utf-8,utf-8
hellapoliisi.fi,UTF-8,UTF-8-SIG,UTF-8-SIG
hellasjournal.com,UTF-8,utf-8,utf-8
hellenicaworld.com,,ISO-8859-1,
hellenicparliament.gr,,ascii,ascii
helles-koepfchen.de,,utf-8,utf-8
helleskitchen.org,UTF-8,Windows-1254,utf-8
helloasso.com,utf-8,utf-8,
hellobacsi.com,utf-8,utf-8,utf-8
hellobook.hu,UTF-8,utf-8,utf-8
hellodoktor.com,utf-8,utf-8,utf-8
helloenglish.com,UTF-8,utf-8,utf-8
hellokhunmor.com,utf-8,utf-8,
hellomagazin.rs,UTF-8,utf-8,utf-8
hellomagazine.com,,utf-8,utf-8
hellooha.com,UTF-8,utf-8,utf-8
hellopeter.com,utf-8,ascii,utf-8
hellosehat.com,utf-8,utf-8,utf-8
hellovidek.hu,UTF-8,utf-8,utf-8
hellowork.careers,,UTF-8-SIG,
helloworld.rs,UTF-8,utf-8,utf-8
hellozdrowie.pl,UTF-8,utf-8,utf-8
hellweg.de,UTF-8,utf-8,iso8859_14
helmet.fi,utf-8,utf-8,utf-8
help.ch,UTF-8,utf-8,utf-8
help4arab.com,utf-8,utf-8,utf-8
helpdeskgeek.com,UTF-8,utf-8,utf-8
helpforsmartphone.com,utf-8,utf-8,utf-8
helpmycash.com,UTF-8,utf-8,utf-8
helpnet.ro,utf-8,utf-8,
helppost.gr,UTF-8,utf-8,utf-8
helpster.de,utf-8,utf-8,
helsam.dk,utf-8,ISO-8859-1,utf-8
helse-bergen.no,utf-8,utf-8,utf-8
helse-stavanger.no,utf-8,utf-8,
helsebiblioteket.no,utf-8,utf-8,utf-8
helsebixen.dk,UTF-8,utf-8,utf-8
helsedirektoratet.no,,utf-8,utf-8
helsenett.no,,ascii,ascii
helsenorge.no,utf-8,utf-8,utf-8
helsesmart.no,UTF-8,utf-8,
helsetilsynet.no,utf-8,utf-8,utf-8
helsi.me,,utf-8,
helsingborg.se,UTF-8,utf-8,utf-8
helsinginuutiset.fi,UTF-8,utf-8,utf-8
helsingordagblad.dk,utf-8,utf-8,utf-8
helsinki.fi,UTF-8,utf-8,utf-8
helwecan.com,UTF-8,ascii,ascii
hema.com,UTF-8,utf-8,utf-8
hema.nl,UTF-8,utf-8,utf-8
hembygd.se,utf-8,ascii,utf-8
hemhyra.se,UTF-8,utf-8,utf-8
hemkop.se,UTF-8,utf-8,utf-8
hemnet.se,UTF-8,ascii,
hemtex.se,UTF-8,utf-8,utf-8
hemtrevligt.se,UTF-8,ISO-8859-1,utf-8
hendel.com,UTF-8,utf-8,utf-8
heninthekitchen.com,UTF-8,utf-8,utf-8
henryderexinc.com,UTF-8,utf-8,utf-8
henw.org,UTF-8,utf-8,utf-8
heol.hu,UTF-8,utf-8,utf-8
hep.hr,utf-8,utf-8,utf-8
hepsiburada.com,,ISO-8859-1,utf-8
her.ie,UTF-8,utf-8,
hera.bg,,windows-1251,windows-1251
heraldlive.co.za,utf-8,utf-8,
heraldo.es,UTF-8,Windows-1254,utf-8
heraldodemexico.com.mx,,utf-8,utf-8
heraldscotland.com,UTF-8,utf-8,utf-8
heraldsun.com.au,UTF-8,utf-8,utf-8
herbahaz.hu,UTF-8,utf-8,utf-8
herbandedi.org,utf-8,ascii,ascii
hercegovina.info,utf-8,utf-8,utf-8
heritagehomestayhoian.com,UTF-8,ascii,ascii
herkkusuut.com,UTF-8,utf-8,utf-8
hermesbooks.bg,UTF-8,utf-8,utf-8
herni-svet.cz,utf-8,utf-8,utf-8
herning.dk,utf-8,utf-8,utf-8
herningfolkeblad.dk,UTF-8,utf-8,utf-8
herognu.dk,UTF-8,utf-8,
herold.at,UTF-8,utf-8,utf-8
hertfordshiremercury.co.uk,UTF-8,utf-8,
hervis.at,UTF-8,utf-8,utf-8
hervis.cz,UTF-8,utf-8,utf-8
hervis.hr,UTF-8,utf-8,utf-8
hervis.hu,UTF-8,utf-8,utf-8
hervis.ro,UTF-8,utf-8,utf-8
hervis.si,UTF-8,utf-8,utf-8
herworld.com,UTF-8,utf-8,utf-8
herzindagi.com,UTF-8,utf-8,utf-8
herzliya.muni.il,UTF-8,utf-8,utf-8
hesapkurdu.com,utf-8,utf-8,utf-8
hesaplama.net,UTF-8,ascii,utf-8
hesburger.fi,UTF-8,utf-8,utf-8
hespress.com,UTF-8,ascii,utf-8
hessen.de,utf-8,UTF-8-SIG,UTF-8-SIG
heste-nettet.dk,UTF-8,utf-8,utf-8
hestegalleri.dk,utf-8,utf-8,utf-8
heureka.cz,utf-8,utf-8,utf-8
heureka.sk,utf-8,utf-8,utf-8
heures-douverture.com,UTF-8,utf-8,utf-8
heures.be,,utf-8,utf-8
heures.info,,utf-8,utf-8
heute.at,utf-8,utf-8,utf-8
heuts.nl,UTF-8,utf-8,utf-8
hey-australia.com,iso-8859-1,ascii,ascii
heyjobs.co,utf-8,utf-8,utf-8
heyplaces.nz,iso-8859-1,ascii,ascii
hfocus.org,utf-8,UTF-8-SIG,UTF-8-SIG
hgk.hr,UTF-8,utf-8,utf-8
hgshop.hr,utf-8,utf-8,utf-8
hgtv.com,UTF-8,ascii,
hh.ru,utf-8,ascii,ascii
hi-chef.ru,utf-8,utf-8,utf-8
hi-tech.ua,UTF-8,utf-8,utf-8
hi.lt,iso-8859-1,ascii,ascii
hiamag.com,utf-8,utf-8,
hiapkdownload.com,UTF-8,utf-8,ptcp154
hibapress.com,UTF-8,ascii,ascii
hibid.com,utf-8,utf-8,utf-8
hiclub.bg,utf-8,utf-8,utf-8
hicomm.bg,UTF-8,utf-8,utf-8
hidabroot.org,UTF-8,ascii,
hidalgo.gob.mx,utf-8,utf-8,utf-8
hidastaelamaa.fi,UTF-8,Windows-1254,utf-8
hidmet.gov.rs,UTF-8,utf-8,utf-8
hidubai.com,UTF-8,utf-8,utf-8
hifi-forum.de,ISO-8859-1,Windows-1252,latin_1
hificorp.co.za,UTF-8,ascii,utf-8
hifimov.cc,utf-8,utf-8,utf-8
hifimov.xyz,utf-8,utf-8,utf-8
hifisentralen.no,utf-8,utf-8,utf-8
hifisnap.cc,utf-8,utf-8,utf-8
highsnobiety.com,UTF-8,utf-8,utf-8
highstreetsouthfort.com,utf-8,ascii,ascii
highviewart.com,UTF-8,utf-8,utf-8
hihi2.com,UTF-8,utf-8,utf-8
hiiuleht.ee,UTF-8,utf-8,utf-8
hiiumaa.ee,UTF-8,utf-8,utf-8
hikersbay.com,utf-8,utf-8,utf-8
hiking.sk,utf-8,utf-8,utf-8
hikr.org,UTF-8,utf-8,utf-8
hilan.co.il,utf-8,utf-8,utf-8
hiloved.com,UTF-8,utf-8,utf-8
hinata.me,utf-8,utf-8,utf-8
hinative.com,utf-8,Windows-1254,utf-8
hind.ee,UTF-8,utf-8,utf-8
hindawi.com,utf-8,utf-8,
hindawi.org,utf-8,utf-8,utf-8
hindi2dictionary.com,utf-8,utf-8,utf-8
hindigeetmala.net,UTF-8,ascii,utf-8
hindlish.com,utf-8,utf-8,utf-8
hindustantimes.com,,ascii,ascii
hinhanhsieudep.net,UTF-8,utf-8,utf-8
hinkhoj.com,utf-8,utf-8,utf-8
hinkhojdictionary.com,utf-8,UTF-8-SIG,UTF-8-SIG
hinnavaatlus.ee,UTF-8,utf-8,utf-8
hinta.fi,UTF-8,utf-8,
hintakaari.fi,,ascii,ascii
hintaopas.fi,utf-8,utf-8,utf-8
hintaseuranta.fi,UTF-8,utf-8,utf-8
hiof.no,utf-8,utf-8,utf-8
hipaaspace.com,utf-8,ascii,utf-8
hipages.com.au,utf-8,utf-8,utf-8
hipdir.com,utf-8,utf-8,utf-8
hiperfarma.lt,iso-8859-1,ascii,ascii
hipersuper.pt,UTF-8,utf-8,utf-8
hipertextual.com,utf-8,Windows-1254,utf-8
hipflat.co.th,UTF-8,ascii,
hiphopza.com,UTF-8,utf-8,cp1125
hipo.ro,UTF-8,utf-8,utf-8
hippo.co.za,,ascii,ascii
hippoland.net,UTF-8,utf-8,utf-8
hippson.se,ISO-8859-1,Windows-1252,cp775
hipwee.com,UTF-8,Windows-1254,utf-8
hir.ma,UTF-8,utf-8,utf-8
hirado.hu,,utf-8,utf-8
hirkereso.hu,UTF-8,utf-8,utf-8
hirnavigator.hu,UTF-8,utf-8,utf-8
hirslanden.ch,UTF-8,utf-8,utf-8
hirstart.hu,UTF-8,utf-8,utf-8
hirtv.hu,UTF-8,UTF-8-SIG,UTF-8-SIG
hirufm.lk,UTF-8,utf-8,utf-8
hirunews.lk,UTF-8,utf-8,utf-8
hirutv.lk,UTF-8,utf-8,utf-8
hirvilag.hu,UTF-8,utf-8,utf-8
his-j.com,UTF-8,utf-8,utf-8
his-vacation.com,,utf-8,utf-8
hisadaril.si,utf-8,utf-8,utf-8
hisarhospital.com,UTF-8,utf-8,utf-8
histadrut.org.il,UTF-8,Windows-1254,
histmag.org,utf-8,Windows-1254,utf-8
histoiredesfax.com,,ascii,utf-8
historia.ro,UTF-8,utf-8,utf-8
historianet.fi,utf-8,utf-8,utf-8
historicengland.org.uk,utf-8,utf-8,utf-8
historiek.net,UTF-8,utf-8,
historienet.no,utf-8,utf-8,utf-8
history.com,utf-8,utf-8,utf-8
histrf.ru,utf-8,utf-8,utf-8
hit-channel.com,UTF-8,utf-8,utf-8
hit.ac.il,utf-8,utf-8,utf-8
hit.com.au,utf-8,ascii,
hit.vn,utf-8,utf-8,utf-8
hitachi.co.jp,,SHIFT_JIS,
hitc.com,UTF-8,utf-8,utf-8
hitched.co.uk,UTF-8,utf-8,
hitek.fr,utf-8,utf-8,utf-8
hitekno.com,UTF-8,ascii,utf-8
hites.com,,ascii,ascii
hitgo.sk,UTF-8,utf-8,utf-8
hitit.edu.tr,utf-8,utf-8,utf-8
hitky.sk,UTF-8,utf-8,utf-8
hitmo.me,UTF-8,,utf-8
hitnet.lv,UTF-8,utf-8,utf-8
hitosara.com,UTF-8,utf-8,utf-8
hitovi.ba,utf-8,utf-8,utf-8
hitparade.ch,,Windows-1252,windows-1250
hitrinibg.com,UTF-8,Windows-1254,utf-8
hitta-oppna.se,utf-8,utf-8,utf-8
hitta.se,utf-8,utf-8,
hittamenyn.se,UTF-8,utf-8,utf-8
hivisasa.com,,utf-8,utf-8
hizmethastanesi.com,utf-8,utf-8,utf-8
hjerteforeningen.dk,,ascii,ascii
hk.dk,utf-8,utf-8,utf-8
hk01.com,utf-8,Windows-1254,utf-8
hket.com,UTF-8,utf-8,utf-8
hkm.hr,UTF-8,utf-8,utf-8
hkms.hr,UTF-8,utf-8,utf-8
hkv.hr,utf-8,utf-8,utf-8
hkvschinopgeul.nl,utf-8,utf-8,utf-8
hlavnespravy.sk,UTF-8,utf-8,utf-8
hlavnydennik.sk,UTF-8,utf-8,utf-8
hlb.com.my,UTF-8,utf-8,utf-8
hlebopechka.ru,UTF-8,utf-8,utf-8
hledat.cz,UTF-8,utf-8,utf-8
hledejceny.cz,UTF-8,utf-8,utf-8
hlektronika.gr,ISO-8859-7,ISO-8859-7,ISO-8859-7
hlidacstatu.cz,utf-8,utf-8,utf-8
hlk.hr,utf-8,utf-8,utf-8
hln.be,,ascii,ascii
hls-dhs-dss.ch,UTF-8,utf-8,utf-8
hm-news.co.il,UTF-8,utf-8,utf-8
hm.com,utf-8,utf-8,utf-8
hm.ee,utf-8,utf-8,
hmb.gov.tr,,utf-8,utf-8
hmc.co.il,UTF-8,Windows-1254,utf-8
hmetro.com.my,UTF-8,ascii,utf-8
hmi-basen.dk,,utf-8,utf-8
hmsaatyemen.com,,utf-8,ptcp154
hmu.gr,utf-8,utf-8,utf-8
hmv.co.jp,Shift_JIS,SHIFT_JIS,SHIFT_JIS
hmv.com,utf-8,utf-8,utf-8
hn.se,utf-8,utf-8,utf-8
hna.de,utf-8,utf-8,
hnammobile.com,UTF-8,utf-8,utf-8
hnb.com.ua,utf-8,utf-8,utf-8
hnb.hr,UTF-8,utf-8,utf-8
hnb.net,utf-8,utf-8,utf-8
hnonline.sk,UTF-8,utf-8,utf-8
hns-cff.hr,utf-8,utf-8,utf-8
hoanghamobile.com,utf-8,utf-8,utf-8
hoanmysaigon.com,UTF-8,Windows-1254,utf-8
hoatieu.vn,utf-8,UTF-8-SIG,UTF-8-SIG
hobbielektronika.hu,UTF-8,utf-8,utf-8
hobbikert.hu,utf-8,utf-8,utf-8
hobbyconsolas.com,utf-8,utf-8,mac_latin2
hobbycraft.co.uk,utf-8,utf-8,utf-8
hobbyhall.fi,utf-8,utf-8,utf-8
hobbykafe.com,UTF-8,utf-8,utf-8
hobbyklubben.no,UTF-8,utf-8,utf-8
hobbylobby.com,,ascii,ascii
hobbyselection.news,UTF-8,utf-8,utf-8
hobe.cc,UTF-8,utf-8,utf-8
hobynaradi.cz,utf-8,utf-8,utf-8
hoc24.vn,UTF-8,Windows-1254,utf-8
hoc247.net,UTF-8,utf-8,utf-8
hoc360.net,UTF-8,utf-8,utf-8
hoccachlam.com,UTF-8,utf-8,utf-8
hochi.news,UTF-8,utf-8,utf-8
hochiminhcity.gov.vn,UTF-8,ascii,utf-8
hochu.ua,UTF-8,ascii,utf-8
hocketoanhaiphong.com,utf-8,ascii,ascii
hockeyslovakia.sk,utf-8,utf-8,utf-8
hocmai.vn,UTF-8,utf-8,utf-8
hocuknjigu.hr,utf-8,utf-8,utf-8
hod-hasharon.muni.il,UTF-8,utf-8,utf-8
hoeffner.de,utf-8,utf-8,utf-8
hoepli.it,utf-8,utf-8,utf-8
hofer.at,utf-8,utf-8,utf-8
hofer.si,utf-8,utf-8,utf-8
hoff.ru,UTF-8,utf-8,utf-8
hogarmania.com,,utf-8,utf-8
hogom.com,UTF-8,Windows-1254,utf-8
hogyan-kell.com,,utf-8,utf-8
hogyankell.hu,UTF-8,utf-8,utf-8
hoidap247.com,utf-8,Windows-1254,utf-8
hojeemdia.com.br,utf-8,utf-8,utf-8
hojko.com,UTF-8,utf-8,utf-8
hokej.cz,utf-8,utf-8,utf-8
hokejportal.net,UTF-8,utf-8,utf-8
hokify.at,utf-8,utf-8,utf-8
hokkaido-np.co.jp,UTF-8,utf-8,utf-8
hokkoku.co.jp,,,utf-8
hokuohkurashi.com,UTF-8,utf-8,utf-8
hola.com,,ascii,utf-8
holatelcel.com,UTF-8,Windows-1254,utf-8
holbaek.dk,utf-8,utf-8,utf-8
holdinn.com,utf-8,utf-8,utf-8
holidaycheck.at,utf-8,utf-8,utf-8
holidaycheck.ch,utf-8,utf-8,utf-8
holidaycheck.de,utf-8,utf-8,utf-8
holidayhouses.co.nz,utf-8,ISO-8859-1,utf-8
holidaysbeauty.com,UTF-8,utf-8,utf-8
holidify.com,ISO-8859-1,ascii,utf-8
holistic.si,UTF-8,utf-8,utf-8
holland.com,utf-8,utf-8,utf-8
hollandandbarrett.com,,utf-8,
hollandandbarrett.nl,,utf-8,utf-8
hollandremigratie.nl,utf-8,utf-8,utf-8
hollywoodlife.com,UTF-8,utf-8,utf-8
hollywoodreporter.com,UTF-8,utf-8,utf-8
holmes.bg,,windows-1251,windows-1251
holodilnik.ru,windows-1251,,utf-8
holon.muni.il,utf-8,utf-8,
holvi.com,,ascii,ascii
homa.pt,UTF-8,utf-8,utf-8
home-dzine.co.za,,utf-8,utf-8
home-max.bg,UTF-8,utf-8,utf-8
home-you.com,UTF-8,utf-8,utf-8
home.blog,UTF-8,ascii,utf-8
home.co.th,UTF-8,ascii,utf-8
home.co.za,,ascii,utf-8
home.dk,utf-8,utf-8,utf-8
home.pl,,utf-8,utf-8
home24.de,utf-8,utf-8,utf-8
home4you.ee,UTF-8,utf-8,utf-8
homeadvisor.com,UTF-8,ascii,utf-8
homeanddecor.com.sg,UTF-8,utf-8,utf-8
homeandsmart.de,UTF-8,utf-8,utf-8
homebargains.co.uk,utf-8,utf-8,utf-8
homebase.co.uk,UTF-8,Windows-1254,utf-8
homebook.pl,utf-8,utf-8,utf-8
homebydleni.cz,UTF-8,utf-8,
homecenter.co.il,,ascii,utf-8
homecenter.com.co,utf-8,utf-8,utf-8
homecentre.com,UTF-8,ascii,
homechoice.co.za,UTF-8,ascii,utf-8
homedeco.nl,utf-8,utf-8,utf-8
homedepot.ca,,ascii,ascii
homedepot.com.mx,,ascii,latin_1
homedy.com,utf-8,utf-8,utf-8
homegate.ch,,utf-8,
homehardware.ca,,utf-8,utf-8
homeincube.cz,UTF-8,utf-8,utf-8
homeinfo.hu,UTF-8,utf-8,utf-8
homeless.co.il,utf-8,utf-8,utf-8
homelook.it,utf-8,utf-8,utf-8
homelux.ro,UTF-8,utf-8,utf-8
homely.com.au,utf-8,utf-8,utf-8
homemate-research-station.com,UTF-8,utf-8,utf-8
homemate-research.com,UTF-8,utf-8,utf-8
homemate.co.jp,UTF-8,utf-8,utf-8
homenayoo.com,UTF-8,utf-8,utf-8
homeone.com.au,UTF-8,utf-8,utf-8
homepal.it,utf-8,utf-8,utf-8
homepro.co.th,UTF-8,utf-8,utf-8
homes.bg,utf-8,utf-8,utf-8
homes.co.jp,utf-8,utf-8,utf_16_be
homes.com,,ISO-8859-1,utf-8
homesentry.co,UTF-8,utf-8,utf-8
homeshop.dk,utf-8,utf-8,utf-8
homeshopping.pk,UTF-8,utf-8,utf-8
homestars.com,,ascii,ascii
homestolove.co.nz,,ascii,ascii
homestolove.com.au,utf-8,utf-8,
homestoreandmore.ie,UTF-8,utf-8,utf-8
hometownlocator.com,UTF-8,utf-8,utf-8
homework.lv,utf-8,utf-8,utf-8
homezol.co.il,UTF-8,utf-8,utf-8
homezz.ro,UTF-8,Windows-1252,utf-8
homify.cl,utf-8,utf-8,utf-8
homify.co.th,utf-8,utf-8,utf-8
homify.com.ar,utf-8,utf-8,utf-8
homify.com.br,utf-8,utf-8,utf-8
homify.com.mx,utf-8,utf-8,utf-8
homify.com.tr,utf-8,utf-8,utf-8
homify.it,utf-8,utf-8,utf-8
homify.pt,utf-8,utf-8,utf-8
hon.co.il,UTF-8,utf-8,utf-8
hondenpage.com,UTF-8,utf-8,utf-8
hondoscenter.com,,,utf-8
honestdocs.id,utf-8,Windows-1254,utf-8
honestjohn.co.uk,utf-8,utf-8,utf-8
honeykidsasia.com,UTF-8,ascii,utf-8
hongkiat.com,UTF-8,ascii,utf-8
hongngochospital.vn,UTF-8,utf-8,utf-8
hongpak.in.th,UTF-8,utf-8,utf-8
honto.jp,UTF-8,utf-8,utf-8
honvedelem.hu,UTF-8,utf-8,utf-8
hooandja.ee,utf-8,utf-8,utf-8
hood.de,UTF-8,utf-8,
hoodspot.fr,iso-8859-1,ascii,ascii
hoogvliet.com,,ascii,ascii
hoonsmart.com,UTF-8,utf-8,utf-8
hootsuite.com,utf-8,utf-8,utf-8
hoouri.com,UTF-8,Windows-1254,utf-8
hooxs.com,UTF-8,utf-8,utf-8
hopamchuan.com,UTF-8,,utf-8
hopamviet.vn,UTF-8,utf-8,utf-8
hopeinenomena.fi,UTF-8,utf-8,utf-8
hopkinsmedicine.org,UTF-8,utf-8,utf-8
hops.id,UTF-8,utf-8,utf-8
horaire.com,UTF-8,utf-8,utf-8
horairesdouverture24.fr,iso-8859-1,Windows-1252,latin_1
horario.ninja,,ascii,utf-8
horeca.lv,utf-8,UTF-8-SIG,UTF-8-SIG
horecanytt.no,UTF-8,utf-8,utf-8
horisont.ee,UTF-8,ascii,utf-8
horizont.at,UTF-8,utf-8,utf-8
horizont.net,UTF-8,Windows-1254,utf-8
hornbach.at,UTF-8,utf-8,utf-8
hornbach.ch,UTF-8,utf-8,utf-8
hornbach.cz,UTF-8,utf-8,utf-8
hornbach.de,UTF-8,utf-8,utf-8
hornbach.nl,UTF-8,utf-8,utf-8
hornbach.ro,UTF-8,utf-8,utf-8
hornbach.se,UTF-8,utf-8,utf-8
hornbach.sk,UTF-8,utf-8,utf-8
horofar.com,UTF-8,utf-8,
horosvaz.cz,UTF-8,utf-8,utf-8
horsens.dk,utf-8,utf-8,utf-8
hortes.ee,UTF-8,utf-8,utf-8
horticom.ee,UTF-8,utf-8,utf-8
horydoly.cz,utf-8,UTF-8-SIG,UTF-8-SIG
hosocongty.vn,UTF-8,utf-8,utf-8
hosognato.it,,ascii,ascii
hospital-mmk.ru,,ascii,ascii
hospitaldaluz.pt,,utf-8,
hospitalitaliano.org.ar,,utf-8,utf-8
hospitalsenhedmidt.dk,utf-8,utf-8,utf-8
hospitalsiriolibanes.org.br,utf-8,utf-8,utf-8
hosptm.ro,UTF-8,utf-8,utf-8
hosteltur.com,UTF-8,utf-8,utf-8
hostgator.com,,utf-8,
hostinger.com,UTF-8,utf-8,utf-8
hot.co.il,UTF-8,utf-8,utf-8
hotarena.net,UTF-8,utf-8,utf-8
hotcourses.ae,UTF-8,utf-8,utf-8
hotcourses.in.th,UTF-8,utf-8,utf-8
hotdeal.vn,UTF-8,utf-8,utf-8
hoteis.com,utf-8,utf-8,utf-8
hotel.com.au,UTF-8,ascii,
hotel.cz,UTF-8,utf-8,utf-8
hotel.de,utf-8,utf-8,windows-1250
hotel4u.co.il,,windows-1255,windows-1255
hotelandplace.com,iso-8859-1,ascii,ascii
hotelaristoncastrocaro.it,,ascii,ascii
hotelcareer.ch,UTF-8,utf-8,utf-8
hoteles.com,utf-8,utf-8,utf-8
hoteles.net,UTF-8,utf-8,utf-8
hotelgardencourt.com,utf-8,ascii,ascii
hotelguides.com,,Windows-1252,
hotelguru.ro,UTF-8,utf-8,utf-8
hoteliermiddleeast.com,utf-8,ascii,ascii
hoteljob.vn,UTF-8,utf-8,utf-8
hotelleriesuisse.ch,utf-8,utf-8,utf-8
hotelmix.bg,UTF-8,utf-8,utf-8
hotelmix.es,UTF-8,utf-8,utf-8
hotelmix.it,UTF-8,utf-8,utf-8
hotelmix.ro,UTF-8,utf-8,utf-8
hotelplan.ch,utf-8,utf-8,
hotelplanner.com,UTF-8,utf-8,utf-8
hotelpurva.com,utf-8,ascii,ascii
hotels.co.il,UTF-8,utf-8,utf-8
hotels.com,utf-8,utf-8,utf-8
hotels.ng,UTF-8,ascii,utf-8
hotels24.ua,UTF-8,utf-8,utf-8
hotelscombined.co.il,UTF-8,utf-8,MacCyrillic
hotelscombined.com.au,UTF-8,utf-8,utf-8
hotelscombined.gr,UTF-8,utf-8,utf-8
hotelsline.com,UTF-8,utf-8,
hotelsline.gr,,ISO-8859-7,ISO-8859-7
hotely.cz,UTF-8,utf-8,utf-8
hotelypenziony.cz,UTF-8,Windows-1254,utf-8
hotelzodiacobolsena.site,UTF-8,,utf-8
hotfrog.co.nz,,ascii,ascii
hotfrog.com.au,,ascii,ascii
hotjobsng.com,UTF-8,Windows-1252,utf-8
hotline.ua,utf8,ascii,ascii
hotmart.com,utf-8,utf-8,utf-8
hotnews.bg,,utf-8,utf-8
hotnews.ro,utf-8,utf-8,utf-8
hotnigerianjobs.com,,ascii,utf-8
hotpads.com,utf-8,ascii,utf-8
hotpepper.jp,UTF-8,utf-8,utf-8
hotpress.com,UTF-8,utf-8,
hotsale.com.ar,utf-8,Windows-1254,
hotsport.rs,UTF-8,utf-8,utf-8
hotstar.com,,Windows-1252,utf-8
hotukdeals.com,UTF-8,utf-8,utf-8
hours.be,,utf-8,utf-8
housebeautiful.com,UTF-8,utf-8,utf-8
housebrand.com,,utf-8,utf-8
housesforsaletorent.co.uk,UTF-8,utf-8,utf-8
housing.com,utf-8,utf-8,utf-8
housing.gov.sa,utf-8,utf-8,utf-8
housing.sa,utf-8,utf-8,utf-8
houstonchronicle.com,UTF-8,utf-8,utf-8
houzz.co.uk,utf-8,utf-8,utf-8
houzz.com,utf-8,utf-8,utf-8
houzz.com.au,utf-8,utf-8,utf-8
houzz.de,utf-8,utf-8,utf-8
houzz.dk,utf-8,utf-8,utf-8
houzz.es,utf-8,utf-8,utf-8
houzz.fr,utf-8,utf-8,hp_roman8
houzz.ie,utf-8,utf-8,utf-8
houzz.it,utf-8,utf-8,utf-8
houzz.ru,utf-8,utf-8,utf-8
houzz.se,utf-8,utf-8,utf-8
how10.com,iso-8859-1,ascii,ascii
howiyapress.com,UTF-8,utf-8,utf-8
howmanysyllables.com,UTF-8,utf-8,
howstuffworks.com,UTF-8,ascii,utf-8
howtogeek.com,UTF-8,utf-8,utf-8
howtopronounce.com,UTF-8,utf-8,utf-8
hoxa.hu,UTF-8,Windows-1254,utf-8
hoy.es,,ascii,ascii
hp.com,utf-8,utf-8,utf-8
hpb.hr,utf-8,utf-8,utf-8
hpplus.jp,UTF-8,utf-8,utf-8
hrackyshop.sk,,utf-8,utf-8
hradeckralove.org,,utf-8,utf-8
hrady.cz,UTF-8,utf-8,utf-8
hranaipice.net,UTF-8,utf-8,utf-8
hranavrt.xyz,UTF-8,ascii,utf-8
hribi.net,utf-8,utf-8,utf-8
hromadske.ua,utf-8,Windows-1254,utf-8
hronokuhinja.rs,UTF-8,utf-8,utf-8
hrpdf.info,UTF-8,utf-8,utf-8
hrportal.hu,UTF-8,utf-8,utf-8
hrportfolio.hr,windows-1250,Windows-1252,windows-1250
hrs.com,UTF-8,utf-8,utf-8
hrs.de,utf-8,utf-8,utf-8
hrsd.gov.sa,,ascii,ascii
hrt-romania.ro,utf-8,ascii,ascii
hrt.hr,utf-8,utf-8,utf-8
hrturizam.hr,UTF-8,utf-8,utf-8
hrvaska.net,utf-8,UTF-8-SIG,UTF-8-SIG
hrvatska-danas.com,UTF-8,utf-8,utf-8
hrvatskitelekom.hr,UTF-8,ascii,
hrw.org,iso-8859-1,ascii,ascii
hs.fi,utf-8,utf-8,utf-8
hsb.se,utf-8,utf-8,utf-8
hsbc.com.sg,utf-8,utf-8,utf-8
hsbc.lk,utf-8,utf-8,utf-8
hse.ie,utf-8,utf-8,utf-8
hse.ru,utf-8,utf-8,utf-8
hsfo.dk,utf-8,utf-8,utf-8
hsl.fi,utf-8,utf-8,utf-8
hslu.ch,utf-8,utf-8,utf-8
hsoub.com,,utf-8,utf-8
ht.no,UTF-8,utf-8,utf-8
htgetrid.com,UTF-8,UTF-8-SIG,UTF-8-SIG
htk.dk,utf-8,utf-8,utf-8
htmag.co.il,UTF-8,utf-8,utf-8
htr.ch,utf-8,utf-8,utf-8
htz.hr,UTF-8,utf-8,utf-8
htzone.co.il,UTF-8,ascii,
hu-berlin.de,utf-8,utf-8,utf-8
hu.edu.jo,utf-8,utf-8,utf-8
hu.nl,utf-8,utf-8,utf-8
huachiewtcm.com,UTF-8,utf-8,utf-8
huanqiu.com,UTF-8,utf-8,utf-8
huapood.com,UTF-8,utf-8,utf-8
huawei.com,utf-8,utf-8,utf-8
hubo.be,UTF-8,utf-8,utf-8
hubo.nl,UTF-8,utf-8,utf-8
hubspot.com,UTF-8,utf-8,utf-8
hubspot.es,UTF-8,utf-8,utf-8
hudo.com,UTF-8,ascii,utf-8
hudy.cz,utf-8,utf-8,utf-8
huelvainformacion.es,UTF-8,utf-8,utf-8
huff.ro,UTF-8,utf-8,utf-8
huffingtonpost.ca,,ascii,latin_1
huffingtonpost.co.uk,,ascii,latin_1
huffingtonpost.es,,ascii,latin_1
huffingtonpost.fr,,ascii,latin_1
huffingtonpost.gr,,ascii,latin_1
huffingtonpost.jp,,ascii,latin_1
huffpost.com,,ascii,latin_1
hugendubel.de,UTF-8,utf-8,utf-8
huggies.com.vn,utf-8,utf-8,utf-8
huisjeinlimburg.nl,utf-8,utf-8,utf-8
huislijn.nl,UTF-8,Windows-1252,utf-8
huispedia.nl,UTF-8,ascii,utf-8
huistuinenklus.nl,utf-8,ascii,ascii
huisvlijt.com,UTF-8,utf-8,utf-8
huizenzoeker.nl,UTF-8,ISO-8859-1,utf-8
huji.ac.il,,ascii,ascii
hujiang.com,utf-8,utf-8,utf-8
hukumonline.com,utf-8,utf-8,utf-8
hul2israel.com,,utf-8,
hulahop.pl,UTF-8,utf-8,utf-8
hullcitytigers.com,utf-8,utf-8,utf-8
hulldailymail.co.uk,UTF-8,utf-8,utf-8
hulu.jp,utf-8,utf-8,
humaninc.nl,utf-8,ascii,ascii
humanitas.it,,utf-8,utf-8
humanitas.lt,UTF-8,utf-8,utf-8
humanitas.net,UTF-8,utf-8,utf-8
humanitas.ro,UTF-8,utf-8,utf-8
humanite.fr,utf-8,utf-8,utf-8
humenne.sk,UTF-8,utf-8,utf-8
humo.be,UTF-8,utf-8,utf-8
hundegalleri.dk,utf-8,utf-8,utf-8
hunden.no,,utf-8,utf-8
hundepension-bayreuth.com,utf-8,ascii,ascii
hundesonen.no,UTF-8,Windows-1252,utf-8
hungama.com,UTF-8,utf-8,utf-8
hungaricana.hu,utf-8,utf-8,utf-8
hungerstation.com,utf-8,utf-8,
hungry.dk,,utf-8,utf-8
hungrygowhere.com,UTF-8,utf-8,utf-8
hungrygowhere.my,UTF-8,utf-8,utf-8
hunker.com,utf-8,utf-8,utf-8
huntoffice.ie,UTF-8,utf-8,utf-8
huongnghiepaau.com,utf-8,utf-8,utf-8
hup.hr,utf-8,utf-8,utf-8
hup.hu,UTF-8,Windows-1254,utf-8
hupdfs.com,UTF-8,utf-8,utf-8
hupont.hu,utf-8,utf-8,utf-8
huramobil.cz,,Windows-1254,windows-1250
hurb.com,utf-8,utf-8,utf-8
huren.nl,UTF-8,ascii,utf-8
hurriyet.com.tr,utf-8,utf-8,utf-8
hurriyetemlak.com,UTF-8,ascii,
hurtigmums.dk,UTF-8,utf-8,utf-8
hus.fi,UTF-8,utf-8,utf-8
husbilsklubben.se,utf-8,utf-8,utf-8
huseierne.no,utf-8,utf-8,utf-8
husmanhagberg.se,utf-8,utf-8,utf-8
husplushave.dk,iso-8859-1,ascii,ascii
husvagnochcamping.se,utf-8,utf-8,utf-8
huurwoningen.nl,UTF-8,utf-8,utf-8
huuto.net,UTF-8,utf-8,utf-8
huutokaupat.com,UTF-8,utf-8,utf-8
huwiki.org,UTF-8,utf-8,utf-8
huzursayfasi.com,UTF-8,utf-8,utf-8
hvg.hu,utf-8,utf-8,utf-8
hvidovre.dk,utf-8,utf-8,utf-8
hvl.no,utf-8,utf-8,utf-8
hwaml.com,UTF-8,utf-8,utf-8
hwp.com.tr,UTF-8,utf-8,utf-8
hwsw.hu,UTF-8,utf-8,utf-8
hwupgrade.it,iso-8859-1,Windows-1252,windows-1250
hwzone.co.il,UTF-8,utf-8,
hyatok.com,UTF-8,utf-8,utf-8
hyatoky.com,UTF-8,utf-8,utf-8
hybrid.cz,utf-8,utf-8,utf-8
hybriddistribution.dk,UTF-8,ascii,ascii
hydroponicsbc.com,UTF-8,ascii,
hygeia.gr,UTF-8,utf-8,utf-8
hyggeonkel.dk,UTF-8,utf-8,utf-8
hygglo.no,utf-8,ascii,
hygglo.se,utf-8,ascii,
hypebeast.com,UTF-8,utf-8,utf-8
hypeness.com.br,UTF-8,utf-8,utf-8
hyperinzerce.cz,utf-8,utf-8,utf-8
hyperreality.cz,UTF-8,utf-8,utf-8
hypotheses.org,UTF-8,utf-8,utf-8
hyvaterveys.fi,utf-8,Windows-1254,utf-8
hyvinkaa.fi,utf-8,UTF-8-SIG,UTF-8-SIG
hyvinvoinnin.fi,utf-8,utf-8,utf-8
hzjz.hr,UTF-8,utf-8,utf-8
hzpp.hr,utf-8,utf-8,utf-8
hzscr.cz,UTF-8,utf-8,utf-8
hzzo.hr,UTF-8,utf-8,utf-8
i-apteka.pl,utf-8,utf-8,utf-8
i-cure.gr,,ascii,ascii
i-moviehd.com,UTF-8,utf-8,utf-8
i-o-m.co.jp,UTF-8,utf-8,utf-8
i-tech.ac.id,UTF-8,Windows-1252,utf-8
i-voce.jp,utf-8,utf-8,utf-8
i.ua,windows-1251,windows-1251,windows-1251
