lagazettedescommunes.com,UTF-8,utf-8,utf_8
lagazzettadelmezzogiorno.it,UTF-8,utf-8,utf_8
lagen.nu,utf-8,utf-8,utf_8
lagerhaus.at,UTF-8,utf-8,utf_8
laget.se,utf-8,utf-8,utf_8
lagonika.gr,UTF-8,ascii,ascii
lagranderecre.fr,utf-8,utf-8,utf_8
lagraninmobiliaria.com,utf-8,utf-8,utf_8
lags.cz,UTF-8,utf-8,utf_8
lagu.to,UTF-8,utf-8,utf_8
lagu123.fun,UTF-8,utf-8,utf_8
lagu123.top,UTF-8,utf-8,utf_8
lagu9.mobi,UTF-8,ascii,ascii
laguanz.com,,ascii,ascii
laguia.online,UTF-8,utf-8,utf_8
laguiadeargentina.com,UTF-8,utf-8,utf_8
laguna.rs,UTF-8,utf-8,utf_8
lahamag.com,UTF-8,utf-8,utf_8
lahaonline.com,,ISO-8859-9,cp1256
lahiomutsi.fi,UTF-8,Windows-1254,utf_8
lahitapiola.fi,UTF-8,utf-8,utf_8
lahkihnog-naokrog.si,UTF-8,utf-8,utf_8
lahora.com.ec,UTF-8,utf-8,utf_8
lahoredictionary.com,UTF-8,utf-8,utf_8
lahti.fi,UTF-8,utf-8,utf_8
laichau.gov.vn,UTF-8,utf-8,utf_8
laiki.lv,UTF-8,Windows-1254,utf_8
laikrastisplunge.lt,UTF-8,utf-8,utf_8
laimoon.com,UTF-8,utf-8,utf_8
lainformacion.com,UTF-8,utf-8,utf_8
laisvalaikiodovanos.lt,UTF-8,utf-8,utf_8
laizquierdadiario.cl,utf-8,utf-8,utf_8
laizquierdadiario.com,utf-8,utf-8,utf_8
lajoliemaison.fr,UTF-8,utf-8,utf_8
lajornadacultural.com,UTF-8,utf-8,utf_8
lajumate.ro,UTF-8,Windows-1254,utf_8
lakartidningen.se,UTF-8,utf-8,utf_8
lakaskultura.hu,UTF-8,utf-8,utf_8
lakberinfo.hu,UTF-8,utf-8,utf_8
lakeland.co.uk,UTF-8,utf-8,utf_8
lakemedelsboken.se,UTF-8,utf-8,utf_8
lakemedelsverket.se,utf-8,ascii,ascii
lakesidestorage.biz,utf-8,ascii,ascii
lakii.com,windows-1256,ISO-8859-9,cp1256
lakkapaa.com,,ascii,ascii
lakodokola.com,,utf-8,utf_8
lakome2.com,UTF-8,utf-8,utf_8
lakomnik.bg,,utf-8,utf_8
lakorn.asia,UTF-8,,
lakpura.com,utf-8,utf-8,utf_8
lalafo.az,utf-8,Windows-1254,utf_8
lalafo.kg,utf-8,Windows-1254,utf_8
lalafo.rs,utf-8,utf-8,utf_8
lalamoulati.net,UTF-8,utf-8,utf_8
lalanguefrancaise.com,utf-8,utf-8,utf_8
laleggepertutti.it,UTF-8,utf-8,utf_8
lalena.ro,UTF-8,utf-8,
laliberte.ch,UTF-8,utf-8,utf_8
lalibrairie.com,UTF-8,utf-8,utf_8
lalibre.be,utf-8,utf-8,utf_8
lallina.it,UTF-8,ascii,ascii
lalsace.fr,utf-8,utf-8,utf_8
lamaistas.lt,UTF-8,utf-8,utf_8
lamangano.net,UTF-8,utf-8,utf_8
lamchame.com,utf-8,utf-8,utf_8
lamenteesmaravillosa.com,utf-8,utf-8,utf_8
lametayel.co.il,utf-8,utf-8,utf_8
lameuse.be,utf-8,utf-8,utf_8
lamire.jp,UTF-8,utf-8,utf_8
lamoda.pl,utf-8,utf-8,utf_8
lamoda.ru,utf-8,utf-8,utf_8
lamoda.ua,utf-8,utf-8,utf_8
lamontagne.fr,UTF-8,utf-8,utf_8
lampopumput.info,,ascii,ascii
lamudi.co.id,UTF-8,utf-8,utf_8
lamudi.com.mx,,ascii,ascii
lamudi.pk,UTF-8,ascii,ascii
lanacion.com.ar,utf-8,utf-8,utf_8
lanazione.it,,utf-8,utf_8
lance.com.br,UTF-8,utf-8,utf_8
lancs.live,UTF-8,utf-8,utf_8
land-oberoesterreich.gv.at,UTF-8,utf-8,utf_8
land.gov.il,utf-8,utf-8,utf_8
land.se,UTF-8,utf-8,
landbote.ch,utf-8,utf-8,utf_8
landbrugnet.dk,utf-8,utf-8,utf_8
landbrugsavisen.dk,,ascii,ascii
landi.ch,utf-8,utf-8,utf_8
landleyskok.se,utf-8,utf-8,utf_8
landwirt.com,UTF-8,utf-8,utf_8
langenscheidt.com,UTF-8,utf-8,utf_8
langhub.com,utf-8,utf-8,utf_8
langrenn.com,utf-8,utf-8,utf_8
langson.gov.vn,UTF-8,utf-8,utf_8
langua.de,iso-8859-1,ISO-8859-1,cp1250
lank.fr,UTF-8,utf-8,utf_8
lanka77.com,UTF-8,utf-8,utf_8
lankaad.lk,UTF-8,utf-8,utf_8
lankabusinessnews.com,iso-8859-1,ascii,ascii
lankabusinessonline.com,UTF-8,Windows-1254,utf_8
lankabuysell.com,UTF-8,utf-8,utf_8
lankadictionary.com,utf-8,utf-8,utf_8
lankaholidays.com,,ISO-8859-1,cp1252
lankapropertyweb.com,UTF-8,utf-8,utf_8
lankava.lt,utf-8,utf-8,utf_8
lankayp.com,UTF-8,utf-8,utf_8
lanmakres.com,UTF-8,utf-8,utf_8
lannasport.se,utf-8,utf-8,utf_8
lannoo.be,utf-8,utf-8,utf_8
lanouvellerepublique.fr,utf-8,utf-8,utf_8
lans.or.jp,UTF-8,utf-8,utf_8
lansberg.de,,utf-8,utf_8
lansfast.se,utf-8,utf-8,utf_8
lansforsakringar.se,utf-8,utf-8,utf_8
lansi-savo.fi,UTF-8,utf-8,utf_8
lansi-uusimaa.fi,UTF-8,utf-8,utf_8
lansivayla.fi,UTF-8,utf-8,utf_8
lansstyrelsen.se,UTF-8,utf-8,utf_8
lanterne.jp,,utf-8,utf_8
lantmannenagro.fi,utf-8,utf-8,utf_8
lanueva.com,utf-8,utf-8,utf_8
lanuovasardegna.it,utf-8,utf-8,utf_8
laodong.vn,UTF-8,utf-8,utf_8
laola1.at,utf-8,utf-8,utf_8
laopinion.com,UTF-8,utf-8,utf_8
laopinion.com.co,UTF-8,utf-8,utf_8
laopinioncoruna.es,UTF-8,utf-8,utf_8
laopiniondemalaga.es,UTF-8,utf-8,utf_8
laopiniondemurcia.es,UTF-8,utf-8,utf_8
laosprocessservers.com,utf-8,ascii,ascii
lap.hu,UTF-8,utf-8,utf_8
lapagina.com.sv,UTF-8,utf-8,utf_8
lapatilla.com,UTF-8,utf-8,utf_8
lapatria.bo,UTF-8,utf-8,utf_8
lapatria.com,utf-8,utf-8,utf_8
lapensiuni.ro,ISO-8859-1,ISO-8859-1,cp1250
lapinkansa.fi,utf-8,utf-8,utf_8
lapolar.cl,UTF-8,utf-8,utf_8
lapoliticaonline.com,,Windows-1252,iso8859_15
laposte.fr,UTF-8,utf-8,utf_8
lapphap.vn,utf-8,utf-8,utf_8
laprensa.com.ar,utf-8,utf-8,utf_8
laprensa.com.ni,UTF-8,utf-8,utf_8
laprensa.com.uy,utf-8,utf-8,utf_8
laprensa.hn,utf-8,utf-8,utf_8
laprensagrafica.com,UTF-8,utf-8,utf_8
lapresse.ca,UTF-8,utf-8,utf_8
lapresse.tn,,ascii,ascii
laprocure.com,utf-8,utf-8,utf_8
laprovence.com,utf-8,utf-8,utf_8
laprovincia.es,UTF-8,utf-8,utf_8
laptopmag.com,UTF-8,utf-8,utf_8
lapunk.hu,UTF-8,,utf-8
larafarm.ro,,ascii,ascii
larazon.es,utf-8,utf-8,utf_8
lardocelar.pt,UTF-8,utf-8,utf_8
laredoute.be,utf-8,ascii,ascii
laredoute.ch,utf-8,ascii,ascii
laredoute.co.uk,utf-8,utf-8,utf_8
laredoute.fr,utf-8,ascii,ascii
laredoute.pt,utf-8,ascii,ascii
laregion.es,UTF-8,utf-8,utf_8
larena.it,utf-8,utf-8,utf_8
larepublica.co,utf-8,utf-8,utf_8
larepublica.ec,UTF-8,utf-8,utf_8
larepublica.net,UTF-8,ascii,ascii
larepublica.pe,utf-8,utf-8,utf_8
larevueautomobile.com,UTF-8,utf-8,utf_8
largestcompanies.com,utf-8,utf-8,utf_8
largus.fr,utf-8,utf-8,utf_8
larioja.com,UTF-8,utf-8,utf_8
larioja.org,utf-8,utf-8,utf_8
larissanet.gr,UTF-8,utf-8,utf_8
larnakaonline.com.cy,UTF-8,Windows-1254,utf_8
larousse.fr,utf-8,utf-8,utf_8
laroussecocina.mx,UTF-8,Windows-1252,utf_8
las2orillas.co,iso-8859-1,ascii,ascii
lasalle.edu.co,UTF-8,utf-8,utf_8
lasallista.edu.co,,utf-8,utf_8
lasempresas.com.co,UTF-8,UTF-8-SIG,utf_8_sig
lasexta.com,UTF-8,utf-8,utf_8
lasicilia.it,UTF-8,utf-8,utf_8
lasillarota.com,utf-8,utf-8,utf_8
lasillavacia.com,utf-8,utf-8,utf_8
lasoo.com.au,utf-8,utf-8,utf_8
lasprovincias.es,UTF-8,utf-8,utf_8
lassana.com,UTF-8,utf-8,utf_8
lasso.dk,utf-8,utf-8,utf_8
last.fm,utf-8,utf-8,utf_8
lastampa.it,,utf-8,utf_8
lastega.ee,utf-8,utf-8,utf_8
lastehaigla.ee,,utf-8,utf_8
lastminute.co.nz,utf-8,utf-8,utf_8
lastminute.com,utf-8,utf-8,utf_8
lastminute.com.au,utf-8,utf-8,utf_8
lastminute.de,utf-8,utf-8,utf_8
lastprice.co.il,,utf-8,utf_8
lasu-info.com,UTF-8,Windows-1252,utf_8
lasy.gov.pl,utf-8,utf-8,utf_8
lasyre.dk,,ascii,ascii
lataifas.ro,UTF-8,utf-8,utf_8
latam.com,,ascii,ascii
lateja.cr,UTF-8,utf-8,utf_8
latene.ee,utf-8,utf-8,utf_8
latentacion.com.uy,,ascii,ascii
latercera.com,utf-8,utf-8,utf_8
latestdeals.co.uk,utf-8,Windows-1254,utf_8
latestly.com,UTF-8,utf-8,
latestnigeriannews.com,UTF-8,ISO-8859-1,cp1125
latimes.com,,ascii,ascii
latino-vibes.ro,utf-8,ascii,ascii
latinoplaces.com,UTF-8,,utf-8
latostadora.com,UTF-8,utf-8,utf_8
latribuna.cl,,utf-8,utf_8
latribune.ca,utf-8,utf-8,utf_8
latribune.fr,UTF-8,utf-8,utf_8
latrobe.edu.au,utf-8,utf-8,utf_8
latvenergo.lv,,utf-8,utf_8
latvia.travel,utf-8,utf-8,utf_8
latviatravel.lv,,utf-8,utf_8
latviesi.com,,utf-8,utf_8
latvija.lv,utf-8,utf-8,utf_8
laudato.hr,UTF-8,utf-8,utf_8
laughlinlens.com,utf-8,ascii,ascii
laukutikls.lv,utf-8,utf-8,utf_8
laulud.ee,utf-8,utf-8,utf_8
lauraadamache.ro,UTF-8,utf-8,utf_8
lauralaurentiu.ro,UTF-8,utf-8,utf_8
laurasava.ro,UTF-8,Windows-1254,utf_8
laurasbakery.nl,UTF-8,Windows-1254,utf_8
laurelregan.com,utf-8,ascii,ascii
laurelridgepac.org,utf-8,ascii,ascii
lauritz.com,utf-8,ascii,ascii
lausanne.ch,UTF-8,utf-8,utf_8
laut.de,UTF-8,utf-8,utf_8
lav-det-selv.dk,utf-8,utf-8,utf_8
lavancelle.com,UTF-8,utf-8,utf_8
lavandas.lv,utf-8,ascii,ascii
lavanguardia.com,UTF-8,utf-8,utf_8
lavasteingrill.org,utf-8,ascii,ascii
lavenir.net,utf-8,utf-8,utf_8
laverdad.es,UTF-8,utf-8,utf_8
laverdadnoticias.com,UTF-8,utf-8,utf_8
laverdadonline.com,UTF-8,utf-8,utf_8
lavieimmo.com,utf-8,utf-8,utf_8
lavkababuin.com,utf-8,utf-8,utf_8
lavkarbo.no,utf-8,utf-8,utf_8
lavoixdunord.fr,utf-8,utf-8,utf_8
lavorincasa.it,UTF-8,utf-8,utf_8
lavoz.com.ar,utf-8,Windows-1254,utf_8
lavozdeasturias.es,iso-8859-1,ISO-8859-1,cp1252
lavozdegalicia.es,iso-8859-1,ISO-8859-1,cp1252
lavozdelsandinismo.com,UTF-8,utf-8,utf_8
lavozdetarija.com,UTF-8,utf-8,utf_8
lavozdigital.es,,ascii,ascii
lawandorder.gr,UTF-8,utf-8,utf_8
lawguide.co.il,,windows-1255,cp1255
lawinsider.com,UTF-8,utf-8,utf_8
lawline.se,UTF-8,UTF-8-SIG,utf_8_sig
lawsociety.ie,utf-8,UTF-8-SIG,utf_8_sig
lawson.co.jp,UTF-8,UTF-8-SIG,utf_8_sig
lawspot.gr,utf-8,utf-8,utf_8
layalina.com,UTF-8,utf-8,utf_8
laylita.com,UTF-8,utf-8,utf_8
laylo.me,UTF-8,utf-8,utf_8
lazada.co.id,utf-8,utf-8,utf_8
lazada.co.th,utf-8,utf-8,utf_8
lazada.com.my,utf-8,utf-8,utf_8
lazada.com.ph,utf-8,utf-8,utf_8
lazada.sg,utf-8,utf-8,utf_8
lazada.vn,utf-8,utf-8,utf_8
lazara.bg,UTF-8,utf-8,utf_8
lazezh.com,UTF-8,utf-8,utf_8
lazi.vn,UTF-8,UTF-8-SIG,utf_8_sig
lazimbana.com,UTF-8,utf-8,utf_8
lb.lt,utf-8,utf-8,utf_8
lb.ua,UTF-8,utf-8,utf_8
lbb.in,utf-8,Windows-1254,utf_8
lbcgroup.tv,utf-8,utf-8,
lc.nl,utf-8,utf-8,utf_8
lcdtvthailand.com,UTF-8,utf-8,utf_8
lci.fr,utf-8,utf-8,utf_8
lcwaikiki.com,utf-8,utf-8,utf_8
lcwu.edu.pk,utf-8,utf-8,utf_8
ld.lt,utf-8,utf-8,utf_8
ldd.go.th,,ascii,ascii
ldlc.com,UTF-8,utf-8,utf_8
ldz.lv,utf-8,utf-8,utf_8
le-calligraphe.com,UTF-8,utf-8,utf_8
le-citazioni.it,utf-8,utf-8,utf_8
le-site-de.com,UTF-8,utf-8,utf_8
le360.ma,,ascii,ascii
leaders.com.tn,utf-8,utf-8,utf_8
leadersnet.at,UTF-8,utf-8,utf_8
leading-talents.com,utf-8,ascii,ascii
leaguelane.com,UTF-8,utf-8,utf_8
leak.pt,UTF-8,utf-8,utf_8
leaneen.com,UTF-8,Windows-1254,utf_8
learn.in.th,UTF-8,utf-8,utf_8
learnattack.de,UTF-8,utf-8,utf_8
learncbse.in,UTF-8,utf-8,utf_8
learnenglish.de,utf-8,ISO-8859-1,utf_8
learnenglish.nu,UTF-8,ascii,ascii
learnenglish100.com,UTF-8,utf-8,
learnenglishteam.com,UTF-8,Windows-1254,utf_8
learnersdictionary.com,UTF-8,utf-8,utf_8
learningall.com,UTF-8,ISO-8859-1,utf_8
learnsideinfocademy.xyz,,ascii,ascii
leather20.com,UTF-8,Windows-1254,utf_8
leave4less.dk,,ascii,ascii
lebiscuit.com.br,utf-8,utf-8,utf_8
lebonbon.fr,UTF-8,utf-8,utf_8
leboncoin.fr,utf-8,ISO-8859-1,utf_8
leboutique.com,utf-8,Windows-1254,utf_8
lechenie.bg,UTF-8,utf-8,utf_8
lecho.be,,utf-8,utf_8
lecker.de,utf-8,utf-8,utf_8
leclerc.com.pl,utf-8,utf-8,utf_8
leclercvoyages.com,UTF-8,utf-8,utf_8
leclubdesbonsvivants.com,iso-8859-1,Windows-1252,iso8859_15
leconomiste.com,utf-8,utf-8,utf_8
leconomistemaghrebin.com,UTF-8,utf-8,utf_8
lecturas.com,utf-8,Windows-1254,utf_8
lecturisiarome.ro,UTF-8,utf-8,utf_8
leda.kharkov.ua,utf-8,utf-8,utf_8
ledauphine.com,utf-8,utf-8,utf_8
ledenicheur.fr,utf-8,utf-8,utf_8
ledesk.ma,UTF-8,ascii,ascii
ledevoir.com,utf-8,utf-8,utf_8
ledigajobb.se,utf-8,utf-8,utf_8
ledo.hr,UTF-8,utf-8,utf_8
ledroit.com,utf-8,utf-8,utf_8
leeds.ac.uk,UTF-8,utf-8,utf_8
leenbakker.be,utf-8,utf-8,utf_8
leenbakker.nl,utf-8,utf-8,utf_8
leesharing.com,UTF-8,utf-8,utf_8
lefigaro.fr,UTF-8,utf-8,utf_8
leforem.be,UTF-8,utf-8,utf_8
legacy.com,UTF-8,ascii,ascii
legalaffairs.gov.bh,utf-8,utf-8,
legalaid.gov.ua,UTF-8,utf-8,utf_8
legalapp.gov.co,utf-8,utf-8,utf_8
legaldesk.dk,utf-8,utf-8,utf_8
legalis.hr,UTF-8,utf-8,utf_8
legalplace.fr,UTF-8,utf-8,utf_8
legalworld.bg,UTF-8,utf-8,utf_8
leganerd.com,UTF-8,utf-8,utf_8
legatechnics.com,UTF-8,ascii,ascii
lege5.ro,utf-8,utf-8,utf_8
legeakademiet.dk,UTF-8,utf-8,utf_8
legeaz.net,UTF-8,utf-8,utf_8
legeforeningen.no,utf-8,utf-8,utf_8
legeland.dk,ISO-8859-1,ISO-8859-1,cp1252
legelisten.no,utf-8,utf-8,utf_8
legemiddelhandboka.no,UTF-8,utf-8,utf_8
legemiddelverket.no,utf-8,utf-8,
legestart.ro,,utf-8,utf_8
legetoejseksperten.dk,,utf-8,utf_8
leggo.it,UTF-8,utf-8,utf_8
legiaodosherois.com.br,UTF-8,utf-8,utf_8
legifrance.gouv.fr,,ascii,ascii
legimi.pl,utf-8,UTF-8-SIG,utf_8_sig
legislation.gov.au,utf-8,ascii,ascii
legislation.gov.uk,utf-8,utf-8,utf_8
legislation.govt.nz,utf-8,ascii,ascii
legislation.tn,,ascii,ascii
legisweb.com.br,ISO-8859-1,ISO-8859-1,cp1252
legit.ng,UTF-8,utf-8,utf_8
legit9ja.com,UTF-8,utf-8,utf_8
lego.com,,utf-8,utf_8
lehmanns.de,utf-8,utf-8,utf_8
lehtiluukku.fi,UTF-8,utf-8,utf_8
leia.ee,UTF-8,utf-8,utf_8
leiaja.com,utf-8,utf-8,utf_8
leicestermercury.co.uk,UTF-8,utf-8,utf_8
leidschdagblad.nl,utf-8,utf-8,utf_8
leiner.at,UTF-8,utf-8,utf_8
leismunicipais.com.br,UTF-8,utf-8,utf_8
leitura.com.br,utf-8,utf-8,utf_8
leiturinha.com.br,UTF-8,utf-8,utf_8
leitv.it,UTF-8,utf-8,utf_8
lejdd.fr,UTF-8,utf-8,utf_8
lejournaldelamaison.fr,,ascii,ascii
lejsl.com,utf-8,Windows-1254,utf_8
lek.si,utf-8,utf-8,utf_8
lekar.bg,UTF-8,utf-8,utf_8
lekar.sk,,utf-8,utf_8
lekarenstm.sk,UTF-8,utf-8,utf_8
lekarenvkocke.sk,iso-8859-1,ascii,ascii
lekarinfo.com,UTF-8,utf-8,utf_8
lekarna-plavz.com,UTF-8,utf-8,utf_8
lekarna-soca.si,UTF-8,utf-8,utf_8
lekarna.cz,utf-8,utf-8,utf_8
lekarnamackovec.si,UTF-8,utf-8,utf_8
lekarnanaklik.si,utf-8,utf-8,utf_8
lekarnar.com,utf-8,utf-8,utf_8
lekarnickekapky.cz,utf-8,utf-8,utf_8
lekarzebezkolejki.pl,UTF-8,utf-8,utf_8
lekdedonline.com,UTF-8,utf-8,utf_8
lekekassen.no,UTF-8,utf-8,utf_8
lekfarm.ua,utf-8,utf-8,utf_8
lekhaporabd.com,,ascii,ascii
lekia.se,utf-8,utf-8,utf_8
lekkerensimpel.com,UTF-8,utf-8,utf_8
lekkertafelen.nl,UTF-8,utf-8,utf_8
lekkervanbijons.be,utf-8,utf-8,utf_8
lekkeslaap.co.za,UTF-8,utf-8,utf_8
lekmer.no,utf-8,utf-8,utf_8
lekmer.se,utf-8,utf-8,utf_8
lekom.sk,UTF-8,utf-8,utf_8
lektire.hr,UTF-8,utf-8,utf_8
lektire.rs,UTF-8,utf-8,utf_8
lektur.id,UTF-8,ISO-8859-1,utf_8
lekuva.net,UTF-8,utf-8,utf_8
lelong.com.my,utf-8,utf-8,iso8859_9
lelum.pl,UTF-8,utf-8,utf_8
lelynx.fr,utf-8,utf-8,utf_8
lematin.ch,utf-8,utf-8,utf_8
lematin.ma,UTF-8,utf-8,utf_8
lemedecin.fr,UTF-8,utf-8,utf_8
lemillericette.it,,ascii,ascii
lemon.sa,utf-8,utf-8,utf_8
lemona.lt,utf-8,ascii,ascii
lemonde.fr,UTF-8,utf-8,utf_8
lemongrad.com,UTF-8,utf-8,utf_8
lemonilo.com,utf-8,ascii,ascii
lemoniteur.fr,UTF-8,utf-8,utf_8
lemora.lt,utf-8,utf-8,utf_8
lemu.dk,utf-8,utf-8,utf_8
lendavainfo.com,UTF-8,utf-8,utf_8
lenehans.ie,UTF-8,ascii,ascii
lenivakucharka.sk,UTF-8,utf-8,utf_8
lenouvelliste.ch,UTF-8,utf-8,utf_8
lenovo.com,,ascii,ascii
lensa.com,utf-8,utf-8,utf_8
lenta.com,,ascii,ascii
lenta.ru,utf-8,utf-8,utf_8
lentavasika.fi,utf-8,ascii,ascii
lento.pl,UTF-8,utf-8,utf_8
leo.org,UTF-8,Windows-1252,utf_8
leonardo.ru,windows-1251,windows-1251,cp1251
leonoticias.com,UTF-8,utf-8,utf_8
lepaisrecna.rs,utf-8,utf-8,utf_8
leparisien.fr,utf-8,utf-8,utf_8
leparking.be,UTF-8,utf-8,utf_8
leparking.fr,UTF-8,utf-8,utf_8
lepetitjournal.com,UTF-8,utf-8,utf_8
lepoint.fr,UTF-8,utf-8,utf_8
lepotaizdravlje.rs,UTF-8,utf-8,utf_8
lepotica.rs,UTF-8,utf-8,utf_8
leprogres.fr,utf-8,utf-8,utf_8
lepsiden.sk,UTF-8,utf-8,utf_8
lequipe.fr,utf-8,utf-8,utf_8
lerepairedesmotards.com,iso-8859-15,ISO-8859-1,iso8859_15
lernhelfer.de,utf-8,utf-8,utf_8
lerobert.com,utf-8,utf-8,utf_8
leroymerlin.co.za,UTF-8,utf-8,utf_8
leroymerlin.com.br,UTF-8,ascii,ascii
leroymerlin.com.cy,utf-8,utf-8,utf_8
leroymerlin.es,UTF-8,utf-8,utf_8
leroymerlin.fr,utf-8,ascii,ascii
leroymerlin.gr,utf-8,utf-8,utf_8
leroymerlin.it,utf-8,utf-8,utf_8
leroymerlin.pl,UTF-8,utf-8,utf_8
leroymerlin.pt,UTF-8,utf-8,utf_8
leroymerlin.ro,utf-8,ascii,ascii
leroymerlin.ru,,ascii,ascii
leroymerlin.ua,UTF-8,utf-8,utf_8
lesaffaires.com,utf-8,utf-8,utf_8
lesclesdumidi.com,UTF-8,utf-8,utf_8
lesechos.fr,utf-8,Windows-1252,utf_8
leseco.ma,UTF-8,utf-8,utf_8
lesestoff.ch,iso-8859-1,ascii,ascii
lesfoodies.com,utf-8,utf-8,utf_8
lesinrocks.com,UTF-8,utf-8,utf_8
lesiteimmo.com,UTF-8,utf-8,utf_8
lesiteinfo.com,UTF-8,ascii,ascii
leskompi.com,UTF-8,Windows-1252,utf_8
leslibraires.ca,,utf-8,utf_8
leslibraires.fr,utf-8,utf-8,utf_8
lesmots-leschoses.fr,iso-8859-1,ascii,ascii
lesnumeriques.com,UTF-8,Windows-1254,utf_8
lesoir.be,utf-8,Windows-1254,utf_8
lesoleil.com,utf-8,utf-8,utf_8
lespac.com,,ascii,ascii
lespeillasses.com,utf-8,ascii,ascii
lessaisons.fr,utf-8,utf-8,utf_8
lest-eclair.fr,utf-8,utf-8,utf_8
lesy.sk,utf-8,utf-8,utf_8
lesyndromedelamonnaie.fr,UTF-8,utf-8,utf_8
leszallasom.hu,utf-8,utf-8,utf_8
leta.lv,UTF-8,utf-8,utf_8
letakomat.sk,UTF-8,utf-8,utf_8
letakonosa.si,UTF-8,utf-8,utf_8
letelegramme.fr,UTF-8,utf-8,utf_8
letemps.ch,UTF-8,utf-8,utf_8
letemsvetemapplem.eu,,utf-8,utf_8
letgo.com,utf-8,utf-8,utf_8
letidor.ru,utf-8,utf-8,utf_8
letonika.lv,utf-8,utf-8,utf_8
letoshop.gr,utf-8,utf-8,utf_8
letoshop.rs,utf-8,utf-8,utf_8
letras.com,utf-8,utf-8,utf_8
letras.com.br,UTF-8,utf-8,utf_8
letras.mus.br,utf-8,utf-8,utf_8
letras2.com,UTF-8,utf-8,utf_8
letras4u.com,utf-8,utf-8,utf_8
letrasavila.com,ISO-8859-1,ISO-8859-1,cp1252
letrasbd.com,utf-8,Windows-1252,utf_8
letrasdemusicas.fm,utf-8,utf-8,utf_8
letraseningles.es,,utf-8,utf_8
letrasmania.com,UTF-8,utf-8,utf_8
letrasweb.com.br,UTF-8,utf-8,utf_8
lets-rebuild.com,,ascii,ascii
letsbookhotel.com,utf-8,utf-8,utf_8
letsgoback.nl,utf-8,utf-8,utf_8
lettera43.it,UTF-8,ascii,ascii
letterboxd.com,utf-8,Windows-1254,utf_8
letternay.blogspot.com,UTF-8,ascii,ascii
lettuceclub.net,utf-8,utf-8,utf_8
letu.ru,UTF-8,utf-8,utf_8
letudiant.fr,utf-8,utf-8,utf_8
leukerecepten.nl,UTF-8,utf-8,utf_8
leumit.co.il,utf-8,utf-8,utf_8
levante-emv.com,UTF-8,utf-8,utf_8
levelup.com,UTF-8,utf-8,utf_8
levi-itzhak.co.il,utf-8,utf-8,
levif.be,UTF-8,utf-8,utf_8
levladaat.org,,utf-8,utf_8
levneknihy.cz,utf-8,UTF-8-SIG,utf_8_sig
levykauppax.fi,,utf-8,utf_8
lewebpedagogique.com,UTF-8,utf-8,utf_8
lex.bg,windows-1251,windows-1251,cp1251
lex.dk,utf-8,utf-8,utf_8
lexico.com,utf-8,utf-8,utf_8
lexico.pt,ISO-8859-1,ISO-8859-1,cp1252
lexigram.gr,UTF-8,utf-8,utf_8
lexilogos.com,,utf-8,utf_8
lexisnexis.at,UTF-8,utf-8,utf_8
lexivox.org,UTF-8,utf-8,utf_8
lexlink.eu,ISO-8859-1,ISO-8859-1,
lexology.com,utf-8,utf-8,utf_8
lexpress.fr,UTF-8,utf-8,utf_8
leyderecho.org,UTF-8,utf-8,utf_8
lezizyemeklerim.com,UTF-8,utf-8,utf_8
lezzet.com.tr,utf-8,utf-8,utf_8
lezzetler.com,UTF-8,utf-8,iso8859_9
lf-hestedag.dk,,ascii,ascii
lfm.ch,UTF-8,utf-8,utf_8
lg.com,UTF-8,utf-8,utf_8
lhf.lv,,ascii,ascii
lhl.no,utf-8,utf-8,utf_8
lhobxo.co,UTF-8,utf-8,utf_8
lhotellerie-restauration.fr,,Windows-1252,iso8859_15
lhv.ee,UTF-8,utf-8,utf_8
liaa.gov.lv,UTF-8,utf-8,utf_8
lib.ru,koi8-r,KOI8-R,koi8_r
libble.de,utf-8,utf-8,utf_8
libelle-lekker.be,UTF-8,utf-8,utf_8
libelle.be,UTF-8,utf-8,utf_8
libelle.nl,UTF-8,utf-8,utf_8
liberecky-kraj.cz,,utf-8,utf_8
libero.dk,utf-8,UTF-8-SIG,utf_8_sig
libero.fi,utf-8,UTF-8-SIG,utf_8_sig
libero.it,UTF-8,utf-8,utf_8
libero.pe,utf-8,ascii,ascii
libero.se,utf-8,UTF-8-SIG,utf_8_sig
liberoportal.hr,UTF-8,utf-8,utf_8
liberoquotidiano.it,UTF-8,utf-8,utf_8
libertaddigital.com,,utf-8,utf_8
libertatea.ro,UTF-8,utf-8,utf_8
libertateapentrufemei.ro,UTF-8,utf-8,utf_8
libguides.com,UTF-8,ascii,ascii
libis.lt,UTF-8,utf-8,utf_8
libraccio.it,utf-8,utf-8,utf_8
librairiepointdecote.fr,utf-8,utf-8,utf_8
libramemoria.com,utf-8,utf-8,utf_8
librariadelfin.ro,UTF-8,utf-8,utf_8
librarie.net,UTF-8,utf-8,utf_8
libraries.co.il,UTF-8,Windows-1254,ptcp154
library.org.il,UTF-8,utf-8,utf_8
library.sk,,utf-8,utf_8
librarything.es,UTF-8,utf-8,utf_8
libremercado.com,,utf-8,utf_8
libreriadelau.com,utf-8,utf-8,utf_8
libreriamo.it,UTF-8,utf-8,utf_8
libreriauniversitaria.it,utf-8,utf-8,utf_8
libretexts.org,utf-8,ISO-8859-1,utf_8
libri.hu,iso-8859-2,ISO-8859-1,cp1250
libris.nl,utf-8,utf-8,utf_8
libris.ro,UTF-8,ascii,ascii
libro.at,,utf-8,utf_8
libver.gr,UTF-8,utf-8,utf_8
liceunet.ro,utf-8,utf-8,utf_8
lichngaytot.com,utf-8,utf-8,utf_8
lichtenstadt.com,iso-8859-1,ascii,ascii
licitationen.dk,UTF-8,utf-8,utf_8
licuo.com.ar,,ascii,ascii
lider.cl,,utf-8,utf_8
lider.media,UTF-8,utf-8,utf_8
liderhaber.org,utf-8,ascii,ascii
liderpnevmatik.si,utf-8,utf-8,utf_8
lidl-shop.be,UTF-8,utf-8,utf_8
lidl-shop.cz,utf-8,utf-8,utf_8
lidl-shop.nl,utf-8,utf-8,utf_8
lidl-shop.sk,utf-8,utf-8,utf_8
lidl-sklep.pl,utf-8,utf-8,utf_8
lidl.bg,UTF-8,utf-8,utf_8
lidl.ch,UTF-8,utf-8,utf_8
lidl.cz,UTF-8,utf-8,utf_8
lidl.de,UTF-8,Windows-1254,utf_8
lidl.dk,UTF-8,utf-8,utf_8
lidl.es,UTF-8,utf-8,utf_8
lidl.fi,UTF-8,utf-8,utf_8
lidl.hr,UTF-8,utf-8,utf_8
lidl.hu,UTF-8,utf-8,utf_8
lidl.ie,UTF-8,utf-8,utf_8
lidl.lt,UTF-8,utf-8,utf_8
lidl.nl,UTF-8,utf-8,utf_8
lidl.pl,UTF-8,utf-8,utf_8
lidl.pt,UTF-8,utf-8,utf_8
lidl.ro,UTF-8,utf-8,utf_8
lidl.rs,UTF-8,utf-8,utf_8
lidl.si,UTF-8,utf-8,utf_8
lidl.sk,UTF-8,utf-8,utf_8
lidovky.cz,windows-1250,Windows-1254,cp1250
lidyana.com,UTF-8,utf-8,utf_8
liebenswert-magazin.de,utf-8,utf-8,utf_8
lieferando.at,UTF-8,ascii,ascii
lieferando.de,UTF-8,ascii,ascii
liekinfo.sk,utf-8,utf-8,utf_8
liekr.com,UTF-8,utf-8,utf_8
lieky24.sk,utf-8,utf-8,utf_8
lieliskadavana.lv,utf-8,Windows-1254,utf_8
liemessa.fi,UTF-8,Windows-1254,utf_8
liepaja.edu.lv,utf-8,utf-8,utf_8
liepaja.lv,utf-8,utf-8,utf_8
liepajasslimnica.lv,utf-8,utf-8,utf_8
liepajniekiem.lv,UTF-8,utf-8,utf_8
liepu.lv,UTF-8,utf-8,utf_8
lietuva.gov.lt,utf-8,utf-8,utf_8
lietuvai.lt,UTF-8,utf-8,utf_8
lietuve.lt,UTF-8,utf-8,utf_8
lietuviu-anglu.com,UTF-8,utf-8,utf_8
lietuviuzodynas.lt,utf-8,utf-8,utf_8
lif.co.id,,ascii,ascii
life.fi,utf-8,utf-8,utf_8
life.hu,UTF-8,utf-8,utf_8
life.lk,UTF-8,utf-8,utf_8
life.no,us-ascii,ascii,ascii
life.ro,UTF-8,utf-8,utf_8
life.ru,utf-8,utf-8,utf_8
lifebites.bg,UTF-8,utf-8,utf_8
lifebutiken.se,utf-8,utf-8,utf_8
lifecell.ua,utf-8,utf-8,utf_8
lifecooler.com,UTF-8,utf-8,utf_8
lifeder.com,UTF-8,ascii,ascii
lifee.cz,UTF-8,utf-8,utf_8
lifegate.it,UTF-8,utf-8,utf_8
lifehack.org,UTF-8,ascii,ascii
lifehacker.com,utf-8,utf-8,utf_8
lifehacker.com.au,UTF-8,ascii,ascii
lifehacker.jp,UTF-8,utf-8,utf_8
lifehacker.ru,utf-8,Windows-1254,utf_8
lifeline.de,UTF-8,utf-8,utf_8
lifemobile.lk,UTF-8,Windows-1252,utf_8
lifeonline.bg,UTF-8,utf-8,utf_8
lifepal.co.id,utf-8,utf-8,utf_8
lifepharmacy.co.nz,utf-8,ascii,ascii
lifepr.de,UTF-8,utf-8,utf_8
lifepressmagazin.com,UTF-8,utf-8,utf_8
lifestore.bg,UTF-8,utf-8,utf_8
lifestyle.bg,UTF-8,utf-8,utf_8
lifestyleasia.com,,ascii,ascii
lifestyleblock.co.nz,utf-8,utf-8,utf_8
lifestylesports.com,UTF-8,utf-8,utf_8
lifewire.com,utf-8,utf-8,utf_8
lifo.gr,UTF-8,utf-8,utf_8
liga.net,UTF-8,utf-8,
ligaportal.at,utf-8,utf-8,utf_8
ligatne.lv,UTF-8,utf-8,utf_8
ligavam.lv,UTF-8,utf-8,utf_8
ligazakon.net,utf-8,utf-8,utf_8
ligazakon.ua,UTF-8,utf-8,utf_8
ligdol.co.il,utf-8,utf-8,utf_8
ligeher.nu,utf-8,utf-8,utf_8
light-dark.net,UTF-8,utf-8,utf_8
lightinthebox.com,utf-8,utf-8,utf_8
ligoo.ch,UTF-8,utf-8,utf_8
ligos.lt,UTF-8,utf-8,utf_8
lihtneturul.news,UTF-8,utf-8,utf_8
liigume.ee,utf-8,utf-8,utf_8
lijepa.hr,UTF-8,utf-8,utf_8
lijfstijlrotterdam.nl,utf-8,ascii,ascii
likaclub.eu,utf-8,utf-8,utf_8
likarni.com,UTF-8,utf-8,utf_8
likebalaton.hu,UTF-8,utf-8,utf_8
likechocolate.net,,ascii,ascii
likefilmdb.ru,UTF-8,utf-8,utf_8
likesx.com,UTF-8,utf-8,utf_8
liki24.com,UTF-8,utf-8,utf_8
likicontrol.com.ua,utf8,utf-8,utf_8
likumi.lv,utf-8,utf-8,utf_8
lilly.rs,utf-8,utf-8,utf_8
lillydrogerie.bg,UTF-8,utf-8,utf_8
lily.fi,utf-8,utf-8,utf_8
lima-carrelage.com,utf-8,ascii,ascii
limango.de,utf-8,Windows-1254,utf_8
limango.pl,utf-8,utf-8,utf_8
limasollunaci.com,UTF-8,utf-8,utf_8
limbazi.lv,utf-8,utf-8,utf_8
limburger.nl,utf-8,utf-8,utf_8
limedika.lt,utf-8,utf-8,utf_8
limerick.ie,UTF-8,utf-8,utf_8
limerickleader.ie,,,utf-8
limerickpost.ie,UTF-8,utf-8,utf_8
limeroad.com,utf-8,utf-8,utf_8
limia.jp,UTF-8,utf-8,utf_8
limis.lt,UTF-8,utf-8,utf_8
limmattalerzeitung.ch,utf-8,utf-8,utf_8
limortiroche.com,UTF-8,UTF-8-SIG,utf_8_sig
limudnaim.co.il,UTF-8,ascii,ascii
limundo.com,UTF-8,utf-8,utf_8
linava.lt,UTF-8,utf-8,utf_8
lincolnshirelive.co.uk,UTF-8,utf-8,utf_8
linda.nl,utf-8,utf-8,utf_8
lindaikejisblog.com,,ascii,ascii
lindasbakskola.se,UTF-8,utf-8,utf_8
lindastuhaug.no,UTF-8,Windows-1252,utf_8
lindasvirtuve.lv,UTF-8,Windows-1254,utf_8
lindependant.fr,UTF-8,utf-8,utf_8
lindex.com,utf-8,utf-8,utf_8
line.me,UTF-8,utf-8,
lineblog.me,utf8,Windows-1254,utf_8
ling.pl,UTF-8,utf-8,utf_8
lingea.cz,UTF-8,utf-8,utf_8
lingea.sk,UTF-8,utf-8,utf_8
lingokids.com,UTF-8,Windows-1252,utf_8
lingolia.com,,ascii,ascii
lingua.com,UTF-8,utf-8,utf_8
linguahouse.com,utf-8,ascii,ascii
linguapress.com,,utf-8,utf_8
linguee.cl,"""iso-8859-15""",ISO-8859-1,iso8859_15
linguee.co,"""iso-8859-15""",ISO-8859-1,iso8859_15
linguee.com,"""iso-8859-15""",ISO-8859-1,iso8859_15
linguee.com.ar,"""iso-8859-15""",ISO-8859-1,iso8859_15
linguee.com.br,"""iso-8859-15""",ISO-8859-1,iso8859_15
linguee.cz,"""utf-8""",utf-8,utf_8
linguee.de,"""iso-8859-15""",ISO-8859-1,iso8859_15
linguee.es,"""iso-8859-15""",ISO-8859-1,iso8859_15
linguee.fr,"""iso-8859-15""",ISO-8859-1,iso8859_15
linguee.gr,"""utf-8""",utf-8,utf_8
linguee.hu,"""utf-8""",utf-8,utf_8
linguee.it,"""utf-8""",utf-8,utf_8
linguee.jp,"""utf-8""",utf-8,utf_8
linguee.mx,"""iso-8859-15""",ISO-8859-1,iso8859_15
linguee.nl,"""utf-8""",utf-8,utf_8
linguee.pe,"""iso-8859-15""",ISO-8859-1,iso8859_15
linguee.pl,"""utf-8""",utf-8,utf_8
linguee.pt,"""iso-8859-15""",ISO-8859-1,iso8859_15
linguee.ru,"""utf-8""",utf-8,utf_8
linguee.se,"""utf-8""",utf-8,utf_8
linio.cl,UTF-8,utf-8,utf_8
linio.com.co,UTF-8,utf-8,utf_8
linio.com.mx,UTF-8,utf-8,utf_8
linio.com.pe,UTF-8,utf-8,utf_8
linkedin.cn,utf-8,utf-8,utf_8
linkedin.com,utf-8,utf-8,utf_8
linkfang.org,UTF-8,ISO-8859-1,utf_8
linkiesta.it,iso-8859-1,ascii,ascii
linkly.co.il,utf-8,utf-8,utf_8
linkomanija.online,utf-8,utf-8,utf_8
linkoping.se,utf-8,utf-8,utf_8
linkos.cz,UTF-8,utf-8,utf_8
linkpc.net,UTF-8,ascii,ascii
links.hr,utf-8,utf-8,utf_8
linternaute.com,UTF-8,utf-8,utf_8
linternaute.fr,UTF-8,utf-8,utf_8
linuskarlsson.com,utf-8,ascii,ascii
linustechtips.com,UTF-8,Windows-1252,utf_8
linuxhint.com,UTF-8,utf-8,utf_8
linz.at,UTF-8,utf-8,utf_8
linz.govt.nz,utf-8,utf-8,utf_8
lionshome.at,utf-8,utf-8,utf_8
lionshome.co.uk,utf-8,ascii,ascii
lionshome.de,utf-8,utf-8,utf_8
lionshome.es,utf-8,utf-8,utf_8
lionshome.fr,utf-8,Windows-1254,cp1252
lionshome.it,utf-8,utf-8,utf_8
lionshome.nl,utf-8,utf-8,utf_8
lior-electric.co.il,UTF-8,utf-8,utf_8
lipi.go.id,iso-8859-1,ascii,ascii
lipscosme.com,utf-8,Windows-1254,utf_8
liputan6.com,UTF-8,utf-8,utf_8
liquidazona.com,UTF-8,utf-8,utf_8
lira.hu,UTF-8,utf-8,utf_8
lirabrannon.com,utf-8,ascii,ascii
lirik.web.id,UTF-8,utf-8,utf_8
lirumlarumleg.dk,utf-8,utf-8,utf_8
lisboa.pt,utf-8,utf-8,utf_8
lisboasecreta.co,UTF-8,utf-8,utf_8
list-org.com,,ascii,ascii
list.am,UTF-8,ascii,ascii
list.co.uk,UTF-8,utf-8,utf_8
list.in.ua,UTF-8,utf-8,utf_8
list.vn,,ascii,ascii
listaamarela.com.br,UTF-8,utf-8,utf_8
listadoempresaschile.com,iso-8859-1,ascii,ascii
listamais.com.br,utf-8,utf-8,utf_8
listatudo.com.br,utf-8,utf-8,utf_8
listedcompany.com,,ascii,ascii
listelist.com,UTF-8,Windows-1252,utf_8
listex.info,utf-8,utf-8,utf_8
listindiario.com,utf-8,utf-8,utf_8
listminut.be,utf-8,utf-8,utf_8
listreadjpfile.xyz,,utf-8,utf_8
litcentrum.sk,utf-8,utf-8,utf_8
litera.ro,UTF-8,utf-8,utf_8
literama.sk,UTF-8,utf-8,utf_8
literatura.lv,UTF-8,utf-8,utf_8
literaturairmenas.lt,iso-8859-1,ascii,ascii
liternet.bg,cp1251,windows-1251,cp1251
lithuania.travel,UTF-8,utf-8,utf_8
litmir.me,UTF-8,utf-8,utf_8
litnorhogar.com.uy,utf-8,utf-8,utf_8
litoralulromanesc.ro,utf-8,utf-8,utf_8
litrail.lt,UTF-8,utf-8,utf_8
litres.ru,utf-8,utf-8,utf_8
litteraturbanken.se,UTF-8,utf-8,utf_8
litteraturmagazinet.se,utf-8,utf-8,utf_8
litteratursiden.dk,UTF-8,utf-8,utf_8
littledayout.com,UTF-8,utf-8,utf_8
littlestepsasia.com,UTF-8,ascii,ascii
lituanistika.lt,UTF-8,utf-8,utf_8
liu.se,utf-8,utf-8,utf_8
livada-batraneasca.ro,utf-8,ascii,ascii
livani.lv,,utf-8,utf_8
liveabout.com,utf-8,ascii,ascii
livecamcroatia.com,,utf-8,utf_8
livecity.pl,,utf-8,utf_8
livedoor.com,utf-8,utf-8,utf_8
livedoor.jp,utf-8,utf-8,utf_8
livefans.jp,UTF-8,utf-8,utf_8
livefutbol.com,UTF-8,utf-8,utf_8
livehindustan.com,,ascii,ascii
liveinternet.ru,utf-8,utf-8,utf_8
livejapan.com,UTF-8,Windows-1254,cp775
livejournal.com,utf-8,Windows-1254,utf_8
livelaw.in,utf-8,utf-8,utf_8
livelo.com.br,UTF-8,ascii,ascii
livelovegetoutside.com,utf-8,ascii,ascii
livemaster.ru,UTF-8,utf-8,utf_8
livemint.com,UTF-8,utf-8,utf_8
liveriga.com,UTF-8,utf-8,utf_8
liverpool.com.mx,utf-8,Windows-1254,utf_8
liverpoolecho.co.uk,UTF-8,utf-8,utf_8
livescience.com,UTF-8,utf-8,utf_8
livescore.cz,UTF-8,ascii,ascii
livescores.biz,UTF-8,ascii,ascii
livesoccertv.com,utf-8,utf-8,utf_8
livesport.cz,UTF-8,utf-8,gb18030
livestrong.com,utf-8,utf-8,utf_8
livetsgoda.se,,ascii,ascii
liveworksheets.com,,utf-8,utf_8
liviacorsetti.it,,ascii,ascii
living.cz,UTF-8,utf-8,utf_8
living.jp,UTF-8,UTF-8-SIG,utf_8_sig
livingathome.de,utf-8,utf-8,utf_8
livinginsider.com,UTF-8,Windows-1254,utf_8
livinn.lt,UTF-8,utf-8,utf_8
livios.be,,ascii,ascii
livique.ch,UTF-8,Windows-1254,utf_8
livrariacultura.com.br,utf-8,utf-8,utf_8
livrariadavila.com.br,utf-8,utf-8,utf_8
livro.pl,UTF-8,ascii,ascii
livrosgratis.com.br,,ISO-8859-1,cp1252
livsmedelsverket.se,us-ascii,ascii,ascii
liza.ua,UTF-8,utf-8,utf_8
lizapanelim.com,UTF-8,utf-8,utf_8
lizsheridan.info,UTF-8,,utf-8
lja.mx,UTF-8,ascii,ascii
ljekarna-pablo.hr,utf-8,utf-8,utf_8
ljekarna-rijeka.hr,utf-8,utf-8,utf_8
ljekarna.hr,,ascii,ascii
ljekarnaonline.hr,utf-8,utf-8,utf_8
ljekarnasdz.hr,utf-8,utf-8,utf_8
ljekarne-prima-farmacia.hr,utf-8,utf-8,utf_8
ljepotaizdravlje.ba,UTF-8,utf-8,utf_8
ljepotaizdravlje.hr,UTF-8,utf-8,utf_8
ljevak.hr,,ascii,ascii
ljhooker.com.au,utf-8,utf-8,utf_8
ljhookerhomeloans.com.au,UTF-8,utf-8,utf_8
ljse.si,utf-8,utf-8,utf_8
ljubljana.si,utf-8,utf-8,utf_8
ljudochbild.se,UTF-8,utf-8,utf_8
lki.lt,iso-8859-1,ascii,ascii
lklyrics.com,UTF-8,utf-8,utf_8
lko.at,UTF-8,utf-8,utf_8
lko.lt,UTF-8,utf-8,utf_8
lkpp.go.id,UTF-8,Windows-1252,utf_8
llevatilde.es,UTF-8,utf-8,utf_8
llkc.lv,utf-8,utf-8,utf_8
lloydsapotek.se,UTF-8,utf-8,utf_8
llti.lt,UTF-8,ascii,ascii
llu.lv,UTF-8,utf-8,utf_8
lm.gov.lv,UTF-8,utf-8,utf_8
lm.lt,utf-8,utf-8,utf_8
lm.pl,UTF-8,utf-8,utf_8
lma.lv,UTF-8,utf-8,utf_8
lmaga.jp,UTF-8,utf-8,utf_8
lmaleidykla.lt,utf-8,utf-8,utf_8
lmarabic.com,UTF-8,utf-8,utf_8
lmdiario.com.ar,utf-8,utf-8,utf_8
lmneuquen.com,UTF-8,utf-8,utf_8
lmra.bh,utf-8,utf-8,utf_8
lmt.lv,UTF-8,utf-8,utf_8
lmvasociacija.lv,UTF-8,utf-8,utf_8
ln-online.de,UTF-8,utf-8,utf_8
lnb.lt,utf-8,utf-8,utf_8
lndb.lv,UTF-8,utf-8,
lne.es,UTF-8,utf-8,utf_8
lnk.lt,,utf-8,utf_8
lnkc.gov.lv,,utf-8,utf_8
lnkc.lt,utf-8,utf-8,utf_8
lnmm.lv,utf-8,utf-8,utf_8
lns.lv,,utf-8,utf_8
lnu.edu.ua,UTF-8,utf-8,utf_8
lnu.se,utf-8,utf-8,utf_8
lnwshop.com,UTF-8,utf-8,utf_8
loanstreet.com.my,utf-8,utf-8,utf_8
lobakmerah.com,UTF-8,utf-8,utf_8
lobbes.nl,UTF-8,utf-8,utf_8
lobbyist-firm.com,utf-8,ascii,ascii
lobster-union.at,UTF-8,utf-8,utf_8
loc.gov,UTF-8,utf-8,utf_8
loc8nearme.com,UTF-8,ascii,ascii
local.ch,utf-8,utf-8,utf_8
local.com,UTF-8,utf-8,iso8859_14
localbusinesspages.ie,utf-8,utf-8,utf_8
locale.online,UTF-8,ascii,ascii
localenterprise.ie,utf-8,utf-8,utf_8
locallife.ie,,Windows-1252,cp1125
localmint.com,utf-8,ISO-8859-1,utf_8
localplace.jp,UTF-8,utf-8,utf_8
localplumber346.com,utf-8,ascii,ascii
localsearch.ae,UTF-8,utf-8,utf_8
localsearch.com.au,utf-8,Windows-1254,utf_8
