media1.hu,,utf-8,utf_8
media2.pl,UTF-8,utf-8,utf_8
mediacafe.bg,UTF-8,utf-8,utf_8
mediacorp.sg,utf-8,utf-8,utf_8
mediaexpert.pl,UTF-8,utf-8,utf_8
mediafax.ro,UTF-8,utf-8,utf_8
mediagolcup.es,UTF-8,utf-8,utf_8
mediaguru.cz,utf-8,utf-8,utf_8
mediaindonesia.com,UTF-8,ascii,ascii
mediakatalogas.lt,UTF-8,utf-8,utf_8
mediaklikk.hu,,utf-8,utf_8
mediakonsumen.com,UTF-8,ascii,ascii
medialeaks.ru,utf-8,utf-8,utf_8
mediamarkt.at,UTF-8,ISO-8859-1,
mediamarkt.be,UTF-8,ISO-8859-1,utf_8
mediamarkt.ch,UTF-8,Windows-1252,utf_8
mediamarkt.com.tr,UTF-8,utf-8,utf_8
mediamarkt.de,UTF-8,ISO-8859-1,
mediamarkt.es,UTF-8,utf-8,
mediamarkt.gr,UTF-8,utf-8,utf_8
mediamarkt.hu,UTF-8,utf-8,utf_8
mediamarkt.nl,UTF-8,utf-8,utf_8
mediamarkt.pl,,ascii,ascii
mediamarkt.pt,utf-8,utf-8,utf_8
mediamarkt.se,UTF-8,utf-8,utf_8
mediamart.vn,utf-8,utf-8,utf_8
medianauka.pl,UTF-8,utf-8,utf_8
medianet.at,utf-8,utf-8,utf_8
medianews.bg,UTF-8,utf-8,utf_8
mediaonemarketing.com.sg,UTF-8,utf-8,utf_8
mediapart.fr,UTF-8,utf-8,utf_8
mediaplustn.com,UTF-8,utf-8,utf_8
mediapool.bg,utf-8,utf-8,utf_8
mediar.cz,UTF-8,utf-8,utf_8
medias24.com,UTF-8,utf-8,utf_8
mediaset.it,utf-8,utf-8,
mediaspeed.net,,utf-8,utf_8
mediately.co,utf-8,utf-8,utf_8
mediawatch.dk,UTF-8,utf-8,utf_8
mediaworld.it,UTF-8,utf-8,utf_8
medibas.se,utf-8,utf-8,utf_8
medicalmedia.co.il,utf-8,utf-8,utf_8
medicalnewstoday.com,utf-8,utf-8,utf_8
medicalnote.jp,utf-8,utf-8,utf_8
medicalonline.hu,UTF-8,utf-8,utf_8
medicalpark.com.tr,utf-8,utf-8,utf_8
medicana.com.tr,utf-8,utf-8,utf_8
medichub.ro,UTF-8,utf-8,utf_8
medicifamiglia.it,,ascii,ascii
medicin.dk,utf-8,utf-8,utf_8
medicina.lt,UTF-8,utf-8,utf_8
medicina.ru,UTF-8,Windows-1254,utf_8
medicinanet.com.br,utf-8,utf-8,utf_8
medicine.bg,UTF-8,Windows-1254,iso8859_11
medicine.lv,UTF-8,utf-8,utf_8
medicineh.com,UTF-8,ascii,ascii
medicinenet.com,,ascii,ascii
medicines.org.uk,utf-8,Windows-1252,utf_8
medicinfo.nl,,ascii,ascii
medicitalia.it,UTF-8,utf-8,utf_8
medico.co.il,UTF-8,utf-8,utf_8
medicoresponde.com.br,UTF-8,utf-8,utf_8
medicover.hu,UTF-8,utf-8,utf_8
medicover.pl,utf-8,utf-8,utf_8
medicover.ro,utf-8,utf-8,utf_8
medicoverkorhaz.hu,UTF-8,utf-8,utf_8
medicum.ee,UTF-8,utf-8,utf_8
mediereaturistica.ro,utf-8,ascii,ascii
medigraphic.com,,ISO-8859-1,cp850
medigroup.rs,utf-8,utf-8,utf_8
medik-on.ro,UTF-8,utf-8,utf_8
medik.rs,UTF-8,utf-8,utf_8
medikalakademi.com.tr,UTF-8,utf-8,utf_8
medikamente-per-klick.de,UTF-8,utf-8,utf_8
medikaments.lv,utf-8,utf-8,utf_8
medimagazin.com.tr,UTF-8,utf-8,utf_8
medimfarm.ro,utf-8,utf-8,utf_8
medimops.de,UTF-8,ascii,ascii
medindia.net,,Windows-1252,iso8859_9
medinfo.bg,UTF-8,utf-8,utf_8
mediotejo.net,,ascii,ascii
mediotiempo.com,UTF-8,utf-8,utf_8
medipol.com.tr,utf-8,utf-8,utf_8
medis.pt,utf-8,utf-8,utf_8
medischcontact.nl,UTF-8,ascii,ascii
medisite.fr,utf-8,utf-8,utf_8
medistore.sk,UTF-8,utf-8,utf_8
medium.com,utf-8,utf-8,utf_8
mediuutiset.fi,,utf-8,utf_8
medixa.org,utf-8,utf-8,utf_8
medizinfuchs.de,utf-8,utf-8,utf_8
medjimurje.hr,utf-8,utf-8,utf_8
medlabgr.blogspot.com,UTF-8,utf-8,utf_8
medlatec.vn,utf-8,utf-8,utf_8
medley.life,utf-8,utf-8,utf_8
medlicker.com,utf-8,utf-8,utf_8
medlife.ro,UTF-8,utf-8,utf_8
medlineplus.gov,,utf-8,utf_8
medliv.se,UTF-8,utf-8,utf_8
medme.pl,UTF-8,utf-8,utf_8
mednet.co.il,UTF-8,utf-8,utf_8
mednutrition.gr,utf-8,utf-8,utf_8
medonet.pl,utf-8,utf-8,utf_8
medonline.co.il,utf-8,UTF-8-SIG,utf_8_sig
medpages.info,UTF-8,utf-8,utf_8
medpertise.de,UTF-8,utf-8,utf_8
medpex.de,ISO-8859-15,ISO-8859-1,iso8859_15
medplus.vn,UTF-8,utf-8,utf_8
medplusmart.com,iso-8859-1,ascii,ascii
medreviews.co.il,utf-8,Windows-1254,utf_8
meds.se,utf-8,utf-8,utf_8
medscape.com,UTF-8,utf-8,utf_8
medsi.ru,UTF-8,utf-8,utf_8
medthai.com,UTF-8,utf-8,utf_8
medunigraz.at,utf-8,utf-8,utf_8
meduniwien.ac.at,utf-8,utf-8,utf_8
meduza.io,utf-8,Windows-1254,utf_8
medvedkiigrace.si,UTF-8,utf-8,utf_8
medyabar.com,UTF-8,utf-8,utf_8
medyafaresi.com,UTF-8,utf-8,utf_8
medyagazete.com,UTF-8,utf-8,utf_8
medyaradar.com,UTF-8,utf-8,utf_8
medyascope.tv,UTF-8,utf-8,utf_8
meemessasinhalasongs.com,iso-8859-1,ascii,ascii
meemodel.com,UTF-8,utf-8,utf_8
meeyland.com,utf-8,utf-8,utf_8
meezanbank.com,UTF-8,utf-8,utf_8
mef.gub.uy,UTF-8,utf-8,utf_8
mefst.hr,utf-8,utf-8,utf_8
mega-image.ro,utf-8,utf-8,utf_8
mega.lt,UTF-8,utf-8,utf_8
mega.pk,UTF-8,ascii,ascii
mega.tn,UTF-8,utf-8,utf_8
megabon.eu,utf-8,utf-8,utf_8
megacurioso.com.br,utf-8,utf-8,utf_8
megaflis.no,utf-8,utf-8,utf_8
megafon-news.co.il,UTF-8,utf-8,utf_8
megafon.ru,utf-8,utf-8,utf_8
megafon.tv,,utf-8,utf_8
megahome.bg,UTF-8,utf-8,utf_8
megaknihy.cz,utf-8,utf-8,utf_8
megaknihy.sk,utf-8,utf-8,utf_8
megalyrics.ru,utf-8,utf-8,utf_8
meganoticias.cl,UTF-8,utf-8,utf_8
megapesni.cc,utf-8,ascii,ascii
megapixel.cz,utf-8,Windows-1254,utf_8
megaport.hu,,utf-8,utf_8
megapraca.pl,utf-8,utf-8,utf_8
megasport.co.il,UTF-8,utf-8,utf_8
megatone.net,utf-8,ascii,ascii
megaturg.ee,UTF-8,utf-8,utf_8
megatv.com,utf-8,utf-8,utf_8
megaubytko.cz,utf-8,utf-8,utf_8
megaubytovanie.sk,utf-8,utf-8,utf_8
meget.kiev.ua,utf-8,utf-8,utf_8
meglio.it,UTF-8,utf-8,utf_8
megogo.net,utf-8,utf-8,utf_8
megveszlak.hu,utf-8,utf-8,utf_8
megyeriszabolcskerteszete.hu,UTF-8,utf-8,utf_8
mehilainen.fi,utf-8,utf-8,utf_8
meic.go.cr,,utf-8,utf_8
meiemaa.ee,,utf-8,utf_8
meijer.com,,ascii,ascii
meillakotona.fi,utf-8,utf-8,utf_8
meilleurduchef.com,utf-8,utf-8,utf_8
meilleursagents.com,utf-8,utf-8,utf_8
mein-deal.com,UTF-8,Windows-1254,utf_8
mein-mmo.de,UTF-8,utf-8,utf_8
mein-schoener-garten.de,UTF-8,utf-8,utf_8
meinbezirk.at,UTF-8,utf-8,utf_8
meinestadt.de,,ascii,ascii
meinprospekt.de,UTF-8,utf-8,utf_8
meioemensagem.com.br,UTF-8,utf-8,utf_8
meionorte.com,UTF-8,ascii,ascii
meiosepublicidade.pt,UTF-8,UTF-8-SIG,utf_8_sig
meishichina.com,,ascii,ascii
meishij.net,utf-8,utf-8,utf_8
mejorescomparativas.es,,utf-8,utf_8
mekanika.com.my,UTF-8,ascii,ascii
mekomit.co.il,UTF-8,utf-8,utf_8
mekonomen.no,utf-8,utf-8,utf_8
mekonomen.se,utf-8,utf-8,utf_8
mekshat.com,windows-1256,ascii,ascii
mel.fm,utf-8,utf-8,utf_8
melabes.co.il,UTF-8,utf-8,utf_8
melarossa.it,UTF-8,utf-8,utf_8
melazetags.com,utf-8,ascii,ascii
melbourne.vic.gov.au,utf-8,utf-8,
melectronics.ch,utf-8,utf-8,utf_8
melex.id,UTF-8,ascii,ascii
melhorcomsaude.com.br,utf-8,utf-8,utf_8
melhorescola.com.br,UTF-8,utf-8,utf_8
melhoresdestinos.com.br,UTF-8,utf-8,utf_8
melinterest.com,UTF-8,utf-8,utf_8
melk.no,UTF-8,utf-8,utf_8
melkoghonning.no,UTF-8,utf-8,utf_8
melodweb.com,UTF-8,utf-8,utf_8
melody4arab.com,,utf-8,utf_8
meloman.kz,UTF-8,utf-8,utf_8
melonbooks.co.jp,UTF-8,utf-8,utf_8
melty.fr,utf-8,utf-8,utf_8
membershop.ee,UTF-8,utf-8,utf_8
membershop.lt,UTF-8,utf-8,utf_8
membershop.lv,UTF-8,utf-8,utf_8
meme-arsenal.com,utf-8,utf-8,utf_8
memeburn.com,UTF-8,utf-8,utf_8
memoriachilena.gob.cl,UTF-8,ascii,ascii
memorial.com.tr,,,utf-8
memorialcampivitale.it,,ascii,ascii
memrise.com,UTF-8,utf-8,utf_8
memurlar.net,iso-8859-9,ISO-8859-1,cp1254
men-joy.jp,UTF-8,utf-8,utf_8
men.gov.pl,UTF-8,utf-8,utf_8
menafn.com,utf-8,utf-8,utf_8
menara.ma,utf-8,utf-8,utf_8
menards.com,,ascii,ascii
menda.rs,utf-8,utf-8,utf_8
mendelu.cz,UTF-8,utf-8,utf_8
mendetails.com,,ascii,ascii
mendoza.edu.ar,UTF-8,utf-8,utf_8
mendozapost.com,,ISO-8859-1,cp1252
meneame.net,utf-8,ascii,ascii
menessaptieka.lv,UTF-8,utf-8,utf_8
menicka.cz,windows-1250,Windows-1254,cp1250
meniu.lt,UTF-8,utf-8,utf_8
menpan.go.id,utf-8,utf-8,utf_8
mensagenscomamor.com,UTF-8,utf-8,utf_8
mensenlinq.nl,,ascii,ascii
menshealth.com,UTF-8,utf-8,utf_8
menshealth.de,utf-8,utf-8,utf_8
menshealth.rs,UTF-8,utf-8,utf_8
menshouse.gr,UTF-8,utf-8,utf_8
mensjournal.com,UTF-8,utf-8,utf_8
mensxp.com,utf-8,utf-8,utf_8
mentalfloss.com,UTF-8,utf-8,utf_8
mentelocale.it,UTF-8,utf-8,utf_8
mentorbizlist.com,UTF-8,ascii,ascii
menuburada.com,utf-8,utf-8,utf_8
menucka.sk,UTF-8,utf-8,utf_8
menuegypt.com,UTF-8,utf-8,utf_8
menuiresgeekfestival.com,UTF-8,utf-8,utf_8
menuism.com,UTF-8,utf-8,utf_8
menulog.co.nz,,ascii,ascii
menulog.com.au,,ascii,ascii
menumag.bg,utf-8,utf-8,utf_8
menunedeli.ru,UTF-8,utf-8,utf_8
menupix.com,utf-8,utf-8,utf_8
menus.co.nz,,utf-8,utf_8
menuu.ee,UTF-8,utf-8,utf_8
menuwithprice.com,UTF-8,ascii,ascii
meny.dk,utf-8,utf-8,utf_8
meny.no,utf-8,utf-8,utf_8
meo.pt,utf-8,utf-8,utf_8
mephisto.com.tr,utf-8,utf-8,utf_8
merahmaron.com,utf-8,ascii,ascii
merahputih.com,UTF-8,utf-8,utf_8
merca2.es,UTF-8,utf-8,utf_8
merca20.com,UTF-8,utf-8,utf_8
mercadolibre.cl,utf-8,utf-8,utf_8
mercadolibre.co.cr,utf-8,utf-8,utf_8
mercadolibre.com,,utf-8,utf_8
mercadolibre.com.ar,utf-8,utf-8,utf_8
mercadolibre.com.bo,utf-8,utf-8,utf_8
mercadolibre.com.co,utf-8,utf-8,utf_8
mercadolibre.com.do,utf-8,utf-8,utf_8
mercadolibre.com.ec,utf-8,utf-8,utf_8
mercadolibre.com.mx,utf-8,utf-8,utf_8
mercadolibre.com.pe,utf-8,utf-8,utf_8
mercadolibre.com.uy,utf-8,utf-8,utf_8
mercadolibre.com.ve,utf-8,utf-8,utf_8
mercadolivre.com.br,utf-8,utf-8,utf_8
mercadoshops.cl,utf-8,utf-8,utf_8
mercadoshops.com.ar,utf-8,utf-8,utf_8
mercadoshops.com.br,utf-8,utf-8,utf_8
mercadoshops.com.co,utf-8,utf-8,utf_8
mercadoshops.com.mx,utf-8,utf-8,utf_8
mercantil.com,us-ascii,ascii,ascii
mercari.com,utf-8,ascii,ascii
mercateo.com,UTF-8,ascii,ascii
mercatinousato.com,utf-8,utf-8,
mercator.si,utf-8,utf-8,utf_8
merce.hu,UTF-8,utf-8,utf_8
mercell.com,utf-8,utf-8,utf_8
merckmanuals.com,utf-8,utf-8,utf_8
mercubuana.ac.id,,ascii,ascii
mercular.com,UTF-8,utf-8,utf_8
mercurynews.com,UTF-8,utf-8,utf_8
merdeka.com,utf-8,ascii,ascii
meremobil.dk,UTF-8,Windows-1254,utf_8
merhavimsong.com,utf-8,ascii,ascii
merinfo.se,UTF-8,utf-8,utf_8
meritnation.com,UTF-8,Windows-1252,utf_8
meritschool.com,UTF-8,UTF-8-SIG,utf_8_sig
merkbagus.id,UTF-8,utf-8,utf_8
merkur.de,utf-8,utf-8,utf_8
merkur.si,UTF-8,utf-8,utf_8
merkurymarket.hu,,ascii,ascii
merkurymarket.pl,,ascii,ascii
merkurymarket.sk,,ascii,ascii
merlin.pl,UTF-8,Windows-1254,utf_8
merlininkazani.com,utf-8,utf-8,utf_8
merriam-webster.com,UTF-8,utf-8,utf_8
mersin.edu.tr,UTF-8,utf-8,utf_8
mersinhaber.com,utf-8,utf-8,utf_8
mersuforum.net,UTF-8,Windows-1252,iso8859_9
mersz.hu,utf-8,utf-8,utf_8
merumo.ne.jp,UTF-8,ascii,ascii
merxu.com,utf-8,utf-8,
mery.jp,UTF-8,utf-8,
mesec.cz,UTF-8,utf-8,utf_8
meshok.net,UTF-8,utf-8,utf_8
mesicnikzdravi.cz,,Windows-1252,cp1250
meska.hu,"""utf-8""",utf-8,utf_8
mesta.net,UTF-8,utf-8,utf_8
mesterszakacs.hu,UTF-8,utf-8,utf_8
mestertidende.dk,UTF-8,utf-8,utf_8
mestmotor.se,UTF-8,utf-8,utf_8
mesto-bohumin.cz,iso-8859-1,ascii,ascii
mestomladih.si,UTF-8,utf-8,utf_8
met.hu,utf-8,utf-8,utf_8
meta-preisvergleich.de,,Windows-1252,iso8859_10
meta.ua,,utf-8,utf_8
meta.vn,utf-8,Windows-1254,utf_8
metabook.gr,UTF-8,utf-8,utf_8
metacritic.com,utf-8,ascii,ascii
metajob.at,UTF-8,utf-8,utf_8
metal-supply.dk,UTF-8,utf-8,utf_8
metalac.com,utf-8,utf-8,utf_8
metalbridges.com,UTF-8,utf-8,utf_8
meteli.net,utf-8,utf-8,utf_8
meteo.gr,UTF-8,utf-8,utf_8
meteo.hr,UTF-8,utf-8,utf_8
meteo.lt,UTF-8,utf-8,utf_8
meteo.lv,,ascii,ascii
meteoam.it,UTF-8,ascii,ascii
meteoblue.com,UTF-8,utf-8,utf_8
meteobox.cz,utf-8,utf-8,utf_8
meteobox.sk,utf-8,utf-8,utf_8
meteocentrale.ch,utf-8,utf-8,utf_8
meteocentrum.cz,utf-8,utf-8,utf_8
meteocity.com,UTF-8,utf-8,utf_8
meteoconsult.es,UTF-8,utf-8,utf_8
meteoconsult.fr,UTF-8,utf-8,utf_8
meteofrance.com,UTF-8,utf-8,utf_8
meteojob.com,utf-8,utf-8,utf_8
meteolive.it,UTF-8,ISO-8859-1,iso8859_16
meteonews.ch,utf-8,utf-8,utf_8
meteonova.ru,,utf-8,utf_8
meteoprog.ua,utf-8,utf-8,utf_8
meteor-turystyka.pl,UTF-8,utf-8,utf_8
meteored.cl,UTF-8,utf-8,utf_8
meteored.com.ar,UTF-8,utf-8,utf_8
meteored.com.uy,UTF-8,utf-8,
meteored.mx,UTF-8,utf-8,big5
meteovista.be,utf-8,utf-8,utf_8
meteoweb.eu,UTF-8,utf-8,utf_8
meteoweek.com,,utf-8,utf_8
metlife.eg,utf-8,utf-8,utf_8
metodista.br,utf-8,utf-8,utf_8
metrip.vn,utf-8,utf-8,
metro-cc.ru,utf-8,utf-8,utf_8
metro-online.pk,UTF-8,ascii,ascii
metro-portal.hr,,utf-8,utf_8
metro.bg,utf-8,utf-8,utf_8
metro.ca,UTF-8,ascii,ascii
metro.co.uk,UTF-8,utf-8,utf_8
metro.cz,windows-1250,Windows-1252,cp1250
metro.de,utf-8,utf-8,utf_8
metro.fr,,ascii,ascii
metro.pk,utf-8,utf-8,utf_8
metro.sk,utf-8,utf-8,utf_8
metrobyt-mobile.com,utf-8,utf-8,utf_8
metrocentro.com,utf-8,utf-8,utf_8
metrocuadrado.com,,ascii,ascii
metroecuador.com.ec,utf-8,utf-8,utf_8
metrolagu.site,UTF-8,ISO-8859-1,utf_8
metrolagu1.me,UTF-8,ascii,ascii
metrolyrics.com,,utf-8,utf_8
metromode.se,UTF-8,utf-8,utf_8
metronieuws.nl,UTF-8,utf-8,utf_8
metropol.hu,UTF-8,utf-8,utf_8
metropoles.com,iso-8859-1,ascii,ascii
metropoli.net,UTF-8,utf-8,utf_8
metropolia.fi,UTF-8,utf-8,utf_8
metropoliabierta.com,UTF-8,utf-8,utf_8
metropolitan.si,utf-8,utf-8,utf_8
metropolitanmagazine.it,UTF-8,utf-8,utf_8
metropotam.ro,utf-8,utf-8,utf_8
metroscubicos.com,UTF-8,utf-8,utf_8
metrosport.gr,UTF-8,utf-8,utf_8
metrotime.be,UTF-8,utf-8,utf_8
metroturizm.com.tr,utf-8,utf-8,utf_8
metrotvnews.com,UTF-8,ISO-8859-1,utf_8
metsa.fi,UTF-8,utf-8,utf_8
metservice.com,UTF-8,ascii,ascii
metu.edu.tr,utf-8,utf-8,utf_8
metukimil.co.il,UTF-8,utf-8,utf_8
metukimsheli.com,UTF-8,ascii,ascii
meu.edu.jo,UTF-8,utf-8,utf_8
meubel2outlet.nl,utf-8,ascii,ascii
meudicionario.org,utf-8,utf-8,utf_8
meuhedet.co.il,utf-8,ascii,ascii
meupositivo.com.br,UTF-8,utf-8,utf_8
meutimao.com.br,windows-1252,ISO-8859-1,cp1252
mev.hr,,ascii,ascii
mevaker.gov.il,utf-8,utf-8,utf_8
mevzuat.gov.tr,utf-8,utf-8,utf_8
mewa.gov.sa,utf-8,utf-8,utf_8
mexatk.com,UTF-8,utf-8,utf_8
mexicodesconocido.com.mx,,ascii,ascii
mexicoo.mx,,ascii,ascii
mextudia.com,UTF-8,utf-8,utf_8
meyers.dk,utf-8,utf-8,utf_8
meygeia.gr,utf-8,utf-8,utf_8
mfa.bg,UTF-8,utf-8,utf_8
mfa.gov.cy,UTF-8,utf-8,utf_8
mfa.gov.il,utf-8,ascii,ascii
mfa.gov.lv,utf-8,utf-8,utf_8
mfa.gov.rs,UTF-8,utf-8,utf_8
mfa.gov.ua,UTF-8,utf-8,utf_8
mfa.gr,,utf-8,utf_8
mfa.lt,UTF-8,utf-8,utf_8
mfcr.cz,utf-8,utf-8,utf_8
mfd.lv,utf-8,utf-8,utf_8
mfiles.pl,UTF-8,UTF-8-SIG,utf_8_sig
mfin.com.ua,UTF-8,utf-8,utf_8
mfor.hu,UTF-8,utf-8,utf_8
mfrural.com.br,utf-8,utf-8,utf_8
mfsr.sk,utf-8,utf-8,utf_8
mfu.ac.th,utf-8,utf-8,utf_8
mg.co.za,UTF-8,utf-8,utf_8
mgfimoveis.com.br,utf-8,utf-8,utf_8
mgimo.ru,UTF-8,utf-8,utf_8
mgm.gov.tr,utf-8,utf-8,utf_8
mgprojekt.com.pl,UTF-8,utf-8,utf_8
mgronline.com,,utf-8,utf_8
mgsm.pl,UTF-8,utf-8,utf_8
mh.gob.sv,UTF-8,ascii,ascii
mheducation.es,UTF-8,utf-8,utf_8
mhmedical.com,,ascii,ascii
mhqpk.co,UTF-8,utf-8,utf_8
mhtwyat.com,UTF-8,utf-8,utf_8
mi-journey.jp,UTF-8,utf-8,utf_8
mi-mollet.com,utf-8,utf-8,utf_8
mi.com,utf-8,utf-8,utf_8
miadn.mx,,ascii,ascii
miarevista.es,UTF-8,utf-8,utf_8
miastodzieci.pl,UTF-8,utf-8,utf_8
miau.bg,utf-8,utf-8,utf_8
mic.lv,UTF-8,utf-8,utf_8
micasa.ch,utf-8,utf-8,utf_8
micasarevista.com,UTF-8,utf-8,utf_8
michaels.com,UTF-8,utf-8,utf_8
michanikos.gr,UTF-8,utf-8,utf_8
micheleabruzzese.it,UTF-8,ascii,ascii
michelin.com,UTF-8,utf-8,utf_8
michigan.gov,,ascii,ascii
michill.jp,UTF-8,utf-8,utf_8
michlalot.co.il,UTF-8,utf-8,utf_8
micolet.com,utf-8,Windows-1254,utf_8
microless.com,UTF-8,utf-8,utf_8
micromagma.ma,utf-8,utf-8,utf_8
micromania.fr,UTF-8,Windows-1252,utf_8
microsoft.com,utf-8,utf-8,utf_8
microspot.ch,utf-8,utf-8,utf_8
microtelinngatlinburg.net,utf-8,ascii,ascii
mida.org.il,,ascii,ascii
midad.com,UTF-8,utf-8,utf_8
middle-east-online.com,UTF-8,utf-8,utf_8
middle-edge.jp,utf-8,utf-8,utf_8
middlesexhealth.org,UTF-8,utf-8,utf_8
mides.gub.uy,UTF-8,utf-8,utf_8
midhobby.dk,ISO-8859-1,Windows-1252,cp1252
midiamax.com.br,utf-8,utf-8,utf_8
midilibre.fr,UTF-8,utf-8,utf_8
midrag.co.il,utf-8,utf-8,utf_8
midtjyllandsavis.dk,UTF-8,utf-8,utf_8
midtnorskdebatt.no,UTF-8,utf-8,utf_8
midural.ru,UTF-8,utf-8,utf_8
midvakuhava.si,UTF-8,utf-8,utf_8
midwestradio.ie,utf-8,utf-8,utf_8
mieli.fi,utf-8,utf-8,utf_8
miem.gub.uy,UTF-8,utf-8,utf_8
miestai.net,UTF-8,utf-8,utf_8
miestonaujienos.lt,iso-8859-1,ascii,ascii
miete-aktuell.de,,ascii,ascii
mifarma.es,UTF-8,utf-8,utf_8
mifarma.pt,UTF-8,utf-8,utf_8
migalhas.com.br,utf-8,utf-8,utf_8
migdal.co.il,utf-8,utf-8,utf_8
mightyape.co.nz,UTF-8,utf-8,utf_8
mightyape.com.au,UTF-8,utf-8,utf_8
mightytips.com,utf-8,Windows-1254,utf_8
migogaalborg.dk,UTF-8,utf-8,utf_8
migogkbh.dk,UTF-8,utf-8,utf_8
migros-impuls.ch,UTF-8,utf-8,utf_8
migros-service.ch,utf-8,utf-8,utf_8
migros.ch,UTF-8,utf-8,utf_8
migros.com.tr,UTF-8,utf-8,utf_8
miguiaargentina.com.ar,iso-8859-1,ISO-8859-1,cp1252
mihalicdictionary.org,UTF-8,ascii,ascii
mihfadati.com,UTF-8,UTF-8-SIG,utf_8_sig
miil.me,utf-8,utf-8,utf_8
miinto.dk,UTF-8,utf-8,utf_8
miinto.nl,UTF-8,utf-8,utf_8
miinto.no,UTF-8,utf-8,utf_8
miinto.se,UTF-8,utf-8,utf_8
mijn-restaurant.nl,UTF-8,Windows-1252,utf_8
mijntelefoonboek.com,UTF-8,utf-8,utf_8
mijntipsenadvies.be,UTF-8,utf-8,utf_8
mijntuin.org,UTF-8,utf-8,utf_8
mijnwoordenboek.nl,UTF-8,utf-8,utf_8
mikrobitti.fi,,utf-8,utf_8
mikrocontroller.net,utf-8,utf-8,utf_8
mikromarc.no,UTF-8,utf-8,utf_8
miksike.ee,UTF-8,ascii,ascii
mila.bg,utf-8,utf-8,utf_8
milanofinanza.it,utf-8,utf-8,utf_8
milanospettacoli.com,iso-8859-1,ascii,ascii
milanotoday.it,utf-8,utf-8,utf_8
milanuncios.com,utf-8,utf-8,utf_8
milatgazetesi.com,UTF-8,utf-8,utf_8
milenio.com,UTF-8,utf-8,utf_8
milideas.net,UTF-8,utf-8,utf_8
milieucentraal.nl,utf-8,utf-8,utf_8
milijonasazuolu.lt,UTF-8,utf-8,utf_8
milinkuvar.com,UTF-8,utf-8,utf_8
militaar.net,UTF-8,utf-8,utf_8
militaryshop.rs,UTF-8,utf-8,utf_8
miljodirektoratet.no,utf-8,utf-8,utf_8
miljolare.no,UTF-8,utf-8,utf_8
milled.com,UTF-8,ascii,ascii
millenium.gg,UTF-8,utf-8,utf_8
millenniumbcp.pt,utf-8,utf-8,utf_8
milligazete.com.tr,UTF-8,utf-8,utf_8
milliyet.com.tr,utf-8,utf-8,utf_8
mills.no,UTF-8,utf-8,utf_8
milog.co.il,,utf-8,utf_8
milononline.net,windows-1255,windows-1255,ptcp154
milujivareni.cz,UTF-8,utf-8,utf_8
mimersbrunn.se,utf-8,utf-8,utf_8
mimi.hu,,ISO-8859-1,cp1250
mimibazar.cz,UTF-8,utf-8,utf_8
mimibazar.sk,UTF-8,utf-8,utf_8
mimovrste.com,utf-8,utf-8,utf_8
mims.com,utf-8,utf-8,utf_8
minagric.gr,utf-8,utf-8,utf_8
minambiente.gov.co,utf-8,utf-8,utf_8
minambiente.it,utf-8,utf-8,utf_8
minbynews.dk,,ascii,ascii
minci.gob.ve,UTF-8,utf-8,utf_8
mincit.gov.co,utf-8,utf-8,utf_8
mincultura.gov.co,utf-8,utf-8,utf_8
mincyt.gob.ar,utf-8,utf-8,utf_8
mind.ua,windows-1251,windows-1251,cp1251
mindbodygreen.com,utf-8,utf-8,utf_8
mindef.gob.bo,,ascii,ascii
minden-akcio.hu,utf-8,utf-8,utf_8
mindfactory.de,iso-8859-15,ISO-8859-1,iso8859_15
mindillusion.nl,utf-8,ascii,ascii
mindmegette.hu,UTF-8,utf-8,utf_8
mindmeister.com,utf-8,utf-8,utf_8
mindoktor.se,UTF-8,utf-8,
mindomo.com,UTF-8,utf-8,utf_8
mindphp.com,utf-8,utf-8,utf_8
mindy.hu,UTF-8,utf-8,utf_8
mine-3m.com,UTF-8,utf-8,utf_8
mined.gob.ni,UTF-8,utf-8,utf_8
minedu.gov.gr,utf-8,utf-8,utf_8
mineduc.cl,UTF-8,utf-8,utf_8
mineduc.gob.gt,,utf-8,utf_8
mineoppskrifter.no,UTF-8,utf-8,utf_8
minews.id,utf-8,ascii,ascii
minex.gob.gt,iso-8859-1,ISO-8859-1,cp1252
minfin.com.ua,UTF-8,Windows-1254,utf_8
minfin.gob.gt,utf-8,utf-8,utf_8
minfin.gr,UTF-8,utf-8,utf_8
mingguanwanita.my,UTF-8,utf-8,utf_8
mingpao.com,,utf-8,utf_8
minhaji.net,UTF-8,utf-8,utf_8
minhavida.com.br,utf-8,utf-8,utf_8
minhembio.com,UTF-8,utf-8,utf_8
mini-maxi.lt,UTF-8,utf-8,utf_8
minicvaldes.com,utf-8,ascii,ascii
minifarmonline.ro,UTF-8,Windows-1254,utf_8
minijuegos.com,utf-8,Windows-1254,utf_8
minikar.ru,utf-8,utf-8,utf_8
minikid.lv,UTF-8,Windows-1254,iso8859_9
minilex.fi,utf-8,utf-8,utf_8
minimagazin.info,UTF-8,utf-8,utf_8
minimani.fi,UTF-8,utf-8,utf_8
minimed.at,utf-8,utf-8,utf_8
minimore.com,utf-8,Windows-1254,utf_8
mininterior.gov.ar,utf-8,utf-8,utf_8
mininterno.net,,ascii,ascii
minipocketbike.nl,utf-8,utf-8,utf_8
minipreco.pt,utf-8,utf-8,utf_8
miniprix.ro,utf-8,utf-8,utf_8
miniso.com.tr,UTF-8,utf-8,utf_8
minitoys.hu,UTF-8,utf-8,utf_8
minjina-kuhinjica.com,UTF-8,utf-8,utf_8
minjust.gov.ua,UTF-8,utf-8,utf_8
minkabu.jp,utf-8,utf-8,utf_8
minkou.jp,UTF-8,utf-8,utf_8
minmote.no,utf-8,utf-8,utf_8
minnanoshare.net,UTF-8,utf-8,utf_8
minne.com,utf-8,utf-8,utf_8
minpolj.gov.rs,UTF-8,utf-8,utf_8
minrzs.gov.rs,UTF-8,utf-8,utf_8
minsal.cl,UTF-8,GB2312,iso8859_15
minsalud.gob.bo,utf-8,utf-8,utf_8
minskole.no,UTF-8,utf-8,utf_8
minterior.gub.uy,iso-8859-1,ascii,ascii
mintic.gov.co,,ascii,ascii
minuaeg.com,UTF-8,Windows-1252,utf_8
minube.com,UTF-8,utf-8,gb18030
minube.com.ve,UTF-8,utf-8,gb18030
minube.pt,UTF-8,utf-8,gb18030
minukataloogid.ee,utf-8,utf-8,utf_8
minulaps.ee,utf-8,utf-8,utf_8
minuneanaturii.ro,,ascii,ascii
minuntarjouslehteni.fi,utf-8,utf-8,utf_8
minuto30.com,,ascii,ascii
minutoneuquen.com,,Windows-1252,iso8859_15
minutosaudavel.com.br,UTF-8,utf-8,utf_8
minutouno.com,UTF-8,utf-8,utf_8
minutzamene.com,UTF-8,utf-8,utf_8
minv.sk,,utf-8,utf_8
minzp.sk,utf-8,utf-8,utf_8
mio.se,utf-8,utf-8,utf_8
mioaffitto.it,ISO-8859-1,Windows-1252,iso8859_14
miodottore.it,UTF-8,utf-8,utf_8
mir24.tv,UTF-8,utf-8,utf_8
miracomosehace.com,UTF-8,utf-8,utf_8
miragenews.com,,utf-8,utf_8
mirandre.com,,utf-8,utf_8
mirapolnext.pl,utf-8,utf-8,utf_8
mirela.bg,UTF-8,utf-8,utf_8
mirf.ru,UTF-8,utf-8,utf_8
mirkvartir.ru,utf-8,utf-8,utf_8
mirmaninsurance.com,utf-8,ascii,ascii
mironet.cz,UTF-8,utf-8,utf_8
mirovina.hr,UTF-8,utf-8,utf_8
mirovinsko.hr,utf-8,utf-8,utf_8
mirraw.com,utf-8,utf-8,utf_8
mirror.co.uk,,ascii,ascii
mirrormirror.uk.com,utf8,ascii,ascii
mirtesen.ru,utf-8,utf-8,utf_8
misabogados.com,utf-8,utf-8,utf_8
misanimales.com,utf-8,utf-8,utf_8
mishloha.co.il,utf-8,utf-8,utf_8
mishlohim.co.il,utf-8,UTF-8-SIG,utf_8_sig
misiamoiatdom.com,UTF-8,utf-8,utf_8
misionesonline.net,UTF-8,utf-8,utf_8
misiuneacasa.ro,utf-8,utf-8,utf_8
misr-alan.com,UTF-8,Windows-1254,utf_8
misr365.com,UTF-8,utf-8,utf_8
misr5.com,UTF-8,utf-8,utf_8
miss.at,UTF-8,utf-8,utf_8
missbloom.gr,utf-8,utf-8,utf_8
missethoreca.nl,UTF-8,ascii,ascii
missrubycombi.fr,utf-8,ascii,ascii
misssgibi.com,utf-8,utf-8,utf_8
misstamchiak.com,UTF-8,utf-8,utf_8
missupermercados.com,UTF-8,utf-8,utf_8
mistaua.com,iso-8859-1,ascii,ascii
misterimprese.it,UTF-8,utf-8,utf_8
misterwhat.co.uk,utf-8,utf-8,utf_8
misterwhat.dk,UTF-8,utf-8,utf_8
misterwhat.pl,utf-8,utf-8,utf_8
mistgrand.news,UTF-8,utf-8,utf_8
mistopisy.cz,UTF-8,utf-8,utf_8
mistoprodeje.cz,UTF-8,utf-8,utf_8
mistore.jp,,ascii,ascii
misya.info,UTF-8,Windows-1252,cp437
mit.edu,,utf-8,utf_8
mit4mit.co.il,UTF-8,GB2312,utf_8
mitchatnim.co.il,utf-8,utf-8,utf_8
miteco.gob.es,utf-8,utf-8,utf_8
mitgaisim.idf.il,utf-8,utf-8,utf_8
mitiendanube.com,UTF-8,,utf-8
mitihoon.com,UTF-8,utf-8,utf_8
mitre10.co.nz,UTF-8,utf-8,utf_8
mitre10.com.au,UTF-8,utf-8,utf_8
mitsui-shopping-park.com,utf-8,utf-8,utf_8
mittag.at,UTF-8,utf-8,utf_8
mittanbud.no,utf-8,utf-8,utf_8
mitti.se,UTF-8,utf-8,utf_8
mitula.ae,UTF-8,utf-8,utf_8
mitula.at,UTF-8,utf-8,utf_8
mitula.be,UTF-8,utf-8,utf_8
mitula.ca,UTF-8,utf-8,utf_8
mitula.ch,UTF-8,utf-8,utf_8
mitula.cl,UTF-8,utf-8,utf_8
mitula.co.id,UTF-8,utf-8,utf_8
mitula.co.ke,UTF-8,utf-8,utf_8
mitula.co.nz,UTF-8,utf-8,utf_8
mitula.co.uk,UTF-8,utf-8,utf_8
mitula.co.za,UTF-8,utf-8,utf_8
mitula.com,UTF-8,utf-8,utf_8
mitula.com.ar,UTF-8,utf-8,utf_8
mitula.com.au,utf-8,utf-8,utf_8
mitula.com.br,UTF-8,utf-8,utf_8
mitula.com.co,UTF-8,utf-8,utf_8
mitula.com.ng,UTF-8,utf-8,utf_8
mitula.com.pl,UTF-8,utf-8,utf_8
mitula.com.tr,UTF-8,utf-8,utf_8
mitula.com.ua,UTF-8,utf-8,utf_8
mitula.com.ve,UTF-8,utf-8,utf_8
mitula.dk,UTF-8,utf-8,utf_8
mitula.ec,UTF-8,utf-8,utf_8
mitula.fr,UTF-8,utf-8,utf_8
mitula.ie,UTF-8,utf-8,utf_8
mitula.in,UTF-8,utf-8,utf_8
mitula.in.th,UTF-8,utf-8,utf_8
mitula.it,UTF-8,utf-8,utf_8
mitula.ma,UTF-8,utf-8,utf_8
mitula.mx,UTF-8,utf-8,utf_8
mitula.my,UTF-8,utf-8,utf_8
mitula.nl,UTF-8,utf-8,utf_8
mitula.pk,UTF-8,utf-8,utf_8
mitula.pt,UTF-8,utf-8,utf_8
mitula.ro,UTF-8,utf-8,utf_8
mitula.se,UTF-8,utf-8,utf_8
mitula.tn,UTF-8,utf-8,utf_8
mitur.gob.sv,UTF-8,utf-8,utf_8
mitvergnuegen.com,UTF-8,utf-8,utf_8
miuhcats.site,iso-8859-1,ascii,ascii
miur.gov.it,UTF-8,utf-8,utf_8
mivnit.co.il,utf-8,utf-8,utf_8
mivzaklive.co.il,UTF-8,utf-8,utf_8
mixanitouxronou.com.cy,UTF-8,utf-8,utf_8
mixanitouxronou.gr,UTF-8,utf-8,utf_8
mixcloud.com,utf-8,ascii,ascii
mixi-caravaning.si,UTF-8,utf-8,utf_8
mixi.jp,EUC-JP,EUC-JP,euc_jis_2004
mixzote.com,UTF-8,utf-8,utf_8
mizrahi-tefahot.co.il,utf-8,utf-8,utf_8
mj-krasazdravi.cz,UTF-8,utf-8,utf_8
mjakmama24.pl,utf-8,utf-8,utf_8
mjam.net,utf-8,utf-8,utf_8
mk.gov.lv,UTF-8,utf-8,utf_8
mk.ru,UTF-8,utf-8,utf_8
mkaleh.com,UTF-8,utf-8,utf_8
mkik.hu,UTF-8,utf-8,utf_8
mklj.si,UTF-8,Windows-1254,utf_8
mkm.ee,utf-8,utf-8,utf_8
mkrestaurant.com,UTF-8,Windows-1254,utf_8
mkusz.ru,iso-8859-1,ascii,ascii
ml7z.com,UTF-8,utf-8,utf_8
mladina.si,utf-8,utf-8,utf_8
mladipodjetnik.si,UTF-8,utf-8,utf_8
mlaikas.lt,iso-8859-1,ascii,ascii
mlap.hu,UTF-8,utf-8,utf_8
mlb.com,utf-8,utf-8,utf_8
mlive.com,utf-8,utf-8,utf_8
mll.fi,UTF-8,utf-8,utf_8
mlp.cz,utf-8,utf-8,utf_8
mlsd.gov.bh,utf-8,utf-8,utf_8
mlsz.hu,,ascii,ascii
mlzamty.com,UTF-8,utf-8,utf_8
mma.gob.cl,UTF-8,utf-8,utf_8
mmanpis.ro,UTF-8,utf-8,utf_8
mmc.nl,UTF-8,utf-8,utf_8
mmlakaty.com,,ascii,ascii
mmm.dk,utf-8,utf-8,utf_8
mmo.org.tr,utf-8,utf-8,utf_8
mmo13.ru,UTF-8,utf-8,utf_8
mmr.cz,utf-8,utf-8,utf_8
mmreality.cz,UTF-8,utf-8,utf_8
mmsp.gov.ma,us-ascii,ascii,ascii
mmuncii.ro,iso-8859-1,ascii,ascii
mmymagazine.com,utf-8,ascii,ascii
mn2ol.com,UTF-8,utf-8,utf_8
mnamrecepty.eu,,utf-8,utf_8
mnb.hu,utf-8,utf-8,utf_8
mncjobs.co.za,UTF-8,ascii,ascii
mncjobsgulf.com,UTF-8,ascii,ascii
mne.gov.pt,utf-8,utf-8,utf_8
mnemagazin.me,UTF-8,utf-8,utf_8
mnemonicdictionary.com,UTF-8,ascii,ascii
mniammniam.com,ISO-8859-2,Windows-1252,iso8859_2
mnovine.hr,UTF-8,utf-8,utf_8
mnre.go.th,iso-8859-1,ascii,ascii
mnt.ee,utf-8,utf-8,utf_8
mo-72.spb.ru,utf-8,utf-8,utf_8
mo.gov,UTF-8,ascii,ascii
mo5talfoon.com,UTF-8,utf-8,utf_8
moa.gov.cy,,ascii,ascii
moag.gov.il,utf-8,utf-8,utf_8
mob.hr,UTF-8,utf-8,utf_8
mobareco.jp,UTF-8,utf-8,utf_8
mobcup.net,utf-8,ISO-8859-1,utf_8
mobelringen.no,UTF-8,utf-8,utf_8
mobexpert.ro,utf-8,utf-8,utf_8
mobiauto.com.br,utf-8,utf-8,utf_8
mobihall.com,UTF-8,utf-8,utf_8
mobiili.fi,UTF-8,utf-8,utf_8
mobil.nu,UTF-8,utf-8,utf_8
mobil.se,utf-8,utf-8,utf_8
mobil123.com,UTF-8,utf-8,utf_8
mobilarena.hu,utf-8,utf-8,utf_8
mobilcadde.com,,ISO-8859-1,cp1254
mobile-phone.pk,UTF-8,Windows-1252,utf_8
mobile-review.com,UTF-8,utf-8,utf_8
mobile.bg,,windows-1251,cp1251
mobile.de,UTF-8,utf-8,utf_8
mobile01.com,UTF-8,ascii,ascii
mobile57.com,UTF-8,ISO-8859-1,utf_8
mobilebd.co,UTF-8,utf-8,utf_8
mobilebulgaria.com,UTF-8,Windows-1254,ptcp154
mobilecentre.am,UTF-8,utf-8,utf_8
mobilecity.vn,UTF-8,ascii,ascii
mobiledokan.co,UTF-8,ascii,ascii
mobiledokan.com,,ascii,ascii
mobiledor.com,UTF-8,utf-8,utf_8
mobilefactbd.com,UTF-8,utf-8,utf_8
mobilefun.co.uk,iso-8859-1,ascii,ascii
mobilefun.com,iso-8859-1,ascii,ascii
mobilemall.pk,UTF-8,utf-8,utf_8
mobilemaya.com,,utf-8,utf_8
mobilenet.cz,UTF-8,utf-8,utf_8
mobileplanet.ua,,utf-8,utf_8
mobileprice-bangladesh.com,,utf-8,utf_8
mobilepriceall.com,UTF-8,utf-8,utf_8
mobilesacademy.com,,utf-8,utf_8
mobilesyrup.com,UTF-8,Windows-1252,cp1125
mobilewithprices.com,UTF-8,ascii,ascii
mobili.lt,,Windows-1252,cp1257
mobilissimo.ro,utf-8,utf-8,utf_8
mobilizujeme.cz,utf-8,utf-8,utf_8
mobilluck.com.ua,WINDOWS-1251,windows-1251,cp1251
mobilmania.cz,utf-8,utf-8,utf_8
mobilonline.sk,utf-8,utf-8,utf_8
mobilsiden.dk,UTF-8,utf-8,utf_8
mobiltelefon.ru,windows-1251,windows-1251,cp1251
mobimaniak.pl,UTF-8,utf-8,utf_8
mobirank.pl,UTF-8,utf-8,utf_8
mobis.hr,utf-8,utf-8,utf_8
mobisee.com,UTF-8,utf-8,utf_8
mobitel.lk,utf-8,ascii,ascii
mobizil.com,UTF-8,Windows-1254,utf_8
mobly.com.br,utf-8,utf-8,
mobmob.ro,utf-8,utf-8,utf_8
mobtada.com,UTF-8,utf-8,utf_8
moc.go.th,utf-8,utf-8,utf_8
moc.gov.vn,utf-8,utf-8,
mocbilja.rs,UTF-8,utf-8,utf_8
mod.gov.il,,ascii,ascii
mod.gov.lv,UTF-8,utf-8,utf_8
mod.gov.rs,UTF-8,utf-8,utf_8
modacruz.com,UTF-8,utf-8,utf_8
modamoda.ro,utf-8,utf-8,utf_8
modanisa.com,UTF-8,utf-8,
modars1.com,utf-8,utf-8,utf_8
modenaora.it,UTF-8,ascii,ascii
modernaskola.sk,,utf-8,utf_8
modernschemers.com,utf-8,ascii,ascii
modesdemploi.fr,utf-8,utf-8,utf_8
modette.se,UTF-8,utf-8,utf_8
modiin.muni.il,,ascii,ascii
modiinapp.com,UTF-8,Windows-1254,utf_8
modio.cz,utf-8,utf-8,utf_8
modio.sk,utf-8,utf-8,utf_8
modivo.pl,utf-8,utf-8,utf_8
modna.si,,ascii,ascii
modnipeklo.cz,UTF-8,utf-8,utf_8
modrastrecha.cz,utf-8,utf-8,utf_8
modrastrecha.sk,utf-8,Windows-1254,utf_8
modrsbook.com,UTF-8,utf-8,utf_8
modrykonik.cz,utf-8,Windows-1254,utf_8
modrykonik.sk,utf-8,Windows-1254,utf_8
moe.gov.bh,utf-8,utf-8,utf_8
moe.gov.sa,utf-8,utf-8,utf_8
moe.gov.sg,utf-8,utf-8,utf_8
moebel-und-garten.de,UTF-8,utf-8,utf_8
moebel.de,,ascii,ascii
moebelix.at,,ISO-8859-1,utf_8
moebelix.cz,,ISO-8859-1,utf_8
moebelix.hu,,ISO-8859-1,utf_8
moebelix.sk,,ISO-8859-1,utf_8
moec.gov.cy,,ascii,ascii
moemax.at,,ISO-8859-1,utf_8
moemax.de,,ISO-8859-1,utf_8
moemax.hr,,ISO-8859-1,utf_8
moemax.hu,,ISO-8859-1,utf_8
moemax.si,,ISO-8859-1,utf_8
moet.gov.vn,utf-8,utf-8,utf_8
moeto-zdrave.com,utf-8,utf-8,utf_8
moetodete.bg,,utf-8,utf_8
moezdorovie.ru,utf-8,utf-8,utf_8
mof.gov.cy,,utf-8,utf_8
mof.gov.il,utf-8,ascii,ascii
mof.gov.sa,utf-8,utf-8,utf_8
mofaic.gov.ae,utf-8,utf-8,utf_8
mofibo.com,,Windows-1252,utf_8
mognavi.jp,iso-8859-1,ascii,ascii
mogujatosama.rs,utf-8,utf-8,utf_8
moguna.com,utf-8,utf-8,utf_8
moh.gov.gr,,ascii,ascii
moh.gov.sa,utf-8,utf-8,utf_8
moh.gov.sg,utf-8,utf-8,utf_8
moh.gov.vn,UTF-8,utf-8,utf_8
moha.gov.vn,utf-8,utf-8,utf_8
mohe.gov.jo,utf-8,utf-8,utf_8
mohito.com,,utf-8,utf_8
mohw.gov.tw,utf-8,utf-8,utf_8
moi.go.th,,ascii,ascii
moi.gov.ae,,ascii,ascii
