passion.ru,utf-8,utf-8,utf_8
passportnews.co.il,,ascii,ascii
pastemagazine.com,,ascii,ascii
pasttenses.com,UTF-8,ISO-8859-1,utf_8
pasveik.lt,UTF-8,utf-8,utf_8
patakis.gr,utf-8,utf-8,utf_8
patarimupasaulis.lt,utf-8,utf-8,utf_8
patasdacasa.com.br,utf-8,utf-8,utf_8
patbat.com,UTF-8,utf-8,utf_8
patch.com,utf-8,utf-8,utf_8
patee.ru,utf-8,,utf_8
patentati.it,utf-8,ascii,ascii
pathe.nl,utf-8,utf-8,utf_8
pathee.com,utf-8,utf-8,utf_8
patient.info,utf-8,utf-8,utf_8
patika24.hu,UTF-8,utf-8,utf_8
patilanci.bg,UTF-8,utf-8,utf_8
patiotuerca.com,,utf-8,utf_8
patirti.com,utf-8,utf-8,utf_8
patogupirkti.lt,UTF-8,utf-8,utf_8
patpat.lk,UTF-8,utf-8,utf_8
patrasevents.gr,utf-8,utf-8,utf_8
patria.cz,utf-8,utf-8,utf_8
patricedebruxelles.com,utf-8,ascii,big5
patricinhaesperta.com.br,UTF-8,Windows-1254,utf_8
patrika.com,UTF-8,utf-8,utf_8
patrimoniocultural.gov.pt,utf-8,utf-8,utf_8
patris.gr,UTF-8,utf-8,utf_8
patrisnews.com,UTF-8,utf-8,utf_8
patronlardunyasi.com,,utf-8,utf_8
patuah.co.il,UTF-8,utf-8,utf_8
pau.edu.tr,utf-8,utf-8,utf_8
paulinacocina.net,UTF-8,utf-8,utf_8
paultan.org,UTF-8,utf-8,utf_8
pauta.cl,utf-8,utf-8,utf_8
pauza.hr,UTF-8,utf-8,
pavb.lt,UTF-8,utf-8,utf_8
pavilosta.lv,utf-8,utf-8,utf_8
paxinasgalegas.es,utf-8,utf-8,utf_8
payngo.co.il,UTF-8,utf-8,utf_8
payot.ch,utf-8,utf-8,utf_8
paypay.ne.jp,utf-8,utf-8,utf_8
paysandu.gub.uy,UTF-8,utf-8,utf_8
payscale.com,UTF-8,utf-8,utf_8
paysera.com,UTF-8,utf-8,utf_8
paytm.com,utf-8,utf-8,utf_8
paytmmall.com,utf-8,utf-8,utf_8
pazarlamasyon.com,UTF-8,utf-8,utf_8
pazarluk.com,UTF-8,ascii,ascii
pazaruvai-lesno.bg,UTF-8,utf-8,utf_8
pazaruvaj.com,utf-8,utf-8,utf_8
pazienti.it,utf-8,utf-8,utf_8
pazitka.cz,,utf-8,utf_8
pb.pl,utf-8,utf-8,utf_8
pbs.org,utf-8,utf-8,utf_8
pbtech.co.nz,UTF-8,utf-8,utf_8
pbz.hr,UTF-8,utf-8,utf_8
pc-koubou.jp,,ascii,ascii
pc-magazin.de,UTF-8,utf-8,utf_8
pc.co.il,UTF-8,utf-8,utf_8
pcase.it,,Windows-1252,cp1252
pcastuces.com,,Windows-1252,iso8859_15
pcbaby.com.cn,,GB2312,gb18030
pcchip.hr,UTF-8,utf-8,utf_8
pccomponentes.com,UTF-8,ascii,ascii
pccomponentes.pt,UTF-8,utf-8,utf_8
pcdiga.com,UTF-8,utf-8,utf_8
pcekspert.com,UTF-8,utf-8,utf_8
pcel.com,utf-8,utf-8,utf_8
pcfactory.cl,UTF-8,ascii,ascii
pcforum.hu,utf-8,utf-8,utf_8
pcforum.sk,UTF-8,utf-8,utf_8
pcgamer.com,UTF-8,Windows-1252,utf_8
pcgames.de,UTF-8,utf-8,utf_8
pcgameshardware.de,UTF-8,utf-8,utf_8
pcgamesn.com,UTF-8,ascii,ascii
pcgarage.ro,UTF-8,ascii,ascii
pcguia.pt,UTF-8,utf-8,utf_8
pcguru.hu,utf-8,utf-8,utf_8
pchocasi.com.tr,UTF-8,utf-8,utf_8
pchome.co.th,UTF-8,utf-8,utf_8
pchome.com.tw,,Windows-1254,utf_8
pciconcursos.com.br,UTF-8,utf-8,utf_8
pcland.hu,UTF-8,utf-8,utf_8
pcmac.download,UTF-8,utf-8,utf_8
pcmag.com,UTF-8,utf-8,utf_8
pcnen.com,UTF-8,utf-8,utf_8
pcone.com.tw,,ascii,ascii
pcp.pt,utf-8,utf-8,utf_8
pcpress.rs,UTF-8,utf-8,utf_8
pcrevue.sk,UTF-8,utf-8,utf_8
pcshop.ua,utf-8,utf-8,utf_8
pcsteps.gr,utf-8,utf-8,utf_8
pcstore.com.tw,,utf-8,utf_8
pctipp.ch,UTF-8,utf-8,utf_8
pcwelt.de,UTF-8,utf-8,utf_8
pcworld.com,UTF-8,utf-8,utf_8
pcworld.es,UTF-8,utf-8,utf_8
pcworld.hu,utf-8,utf-8,utf_8
pcworld.pl,UTF-8,ascii,ascii
pcx.hu,ISO-8859-2,ISO-8859-1,cp1250
pd.co.ke,iso-8859-1,ascii,ascii
pd.no,utf-8,utf-8,utf_8
pdalife.ru,UTF-8,Windows-1254,utf_8
pdamobiz.com,UTF-8,utf-8,utf_8
pdevice.com,UTF-8,Windows-1252,utf_8
pdf4pro.com,UTF-8,utf-8,utf_8
pdfcoffee.com,UTF-8,utf-8,utf_8
pdfdrive.com,UTF-8,ascii,ascii
pdffiller.com,UTF-8,utf-8,utf_8
pdfmanualer.dk,utf-8,utf-8,utf_8
pdfprof.com,,utf-8,cp1252
pdfslide.net,UTF-8,utf-8,utf_8
pdfslide.tips,UTF-8,utf-8,utf_8
pe-harta.ro,UTF-8,utf-8,utf_8
pea.co.th,us-ascii,ascii,ascii
peaaura.com,UTF-8,utf-8,utf_8
peakshop.hu,,utf-8,utf_8
pealinn.ee,UTF-8,utf-8,utf_8
pearl.ch,UTF-8,utf-8,utf_8
pearl.de,UTF-8,utf-8,utf_8
pearl.fr,UTF-8,utf-8,utf_8
pearson.com,,utf-8,utf_8
peatix.com,utf-8,utf-8,utf_8
pebmed.com.br,UTF-8,utf-8,utf_8
pecene-varene.sk,UTF-8,utf-8,utf_8
peckmedia.ro,utf-8,ascii,big5
pecsma.hu,UTF-8,utf-8,utf_8
ped-kopilka.ru,iso-8859-1,ascii,ascii
peda.net,UTF-8,utf-8,utf_8
pedestrian.tv,UTF-8,utf-8,utf_8
pediatriaintegral.es,iso-8859-1,ascii,ascii
pedidosya.cl,UTF-8,ascii,ascii
pedidosya.com.ar,UTF-8,ascii,ascii
pedidosya.com.uy,UTF-8,ascii,ascii
peek-cloppenburg.at,UTF-8,utf-8,utf_8
peek-cloppenburg.de,UTF-8,utf-8,utf_8
peekaboo.guru,UTF-8,ascii,ascii
pegasas.lt,UTF-8,utf-8,utf_8
pegem.net,utf-8,utf-8,utf_8
pegipegi.com,utf-8,ascii,ascii
peixe.cl,utf-8,ascii,
peixe.com.ar,UTF-8,utf-8,utf_8
peixe.com.co,utf-8,ascii,
pekis.si,utf-8,utf-8,utf_8
peknebydleni.cz,UTF-8,utf-8,utf_8
pelajaran.co.id,UTF-8,utf-8,utf_8
pelando.com.br,UTF-8,utf-8,utf_8
pelckmans.net,utf-8,utf-8,utf_8
pelephone.co.il,utf-8,utf-8,utf_8
pelipecky.sk,,ascii,ascii
pellervo.fi,,utf-8,utf_8
pelop.gr,utf-8,utf-8,utf_8
pema-karpo.org,utf-8,ascii,big5
pemi.cz,utf-8,utf-8,utf_8
pemkomedan.go.id,UTF-8,ascii,ascii
penalbaweb.com,UTF-8,utf-8,utf_8
pendujatt.net,UTF-8,ascii,ascii
pendulo.com,UTF-8,utf-8,utf_8
pengenytt.no,UTF-8,utf-8,utf_8
penginapan.net,UTF-8,ascii,ascii
penguin.co.nz,utf-8,utf-8,utf_8
penguin.co.uk,utf-8,utf-8,utf_8
penguin.com.au,utf-8,utf-8,utf_8
penguinrandomhouse.com,,ascii,ascii
penize.cz,utf-8,utf-8,utf_8
pennlive.com,utf-8,utf-8,utf_8
pennsylvaniamesa.org,utf-8,utf-8,utf_8
pennyshop.ba,UTF-8,utf-8,utf_8
pensador.com,UTF-8,utf-8,utf_8
pensiontamboer.nl,utf-8,ascii,ascii
pensiuneafaur.ro,utf-8,ascii,big5
pentapostagma.gr,UTF-8,utf-8,utf_8
penti.com,utf-8,utf-8,iso8859_15
penystonevistastables.com,utf-8,ascii,big5
penzcentrum.hu,UTF-8,utf-8,utf_8
penziony.cz,UTF-8,utf-8,utf_8
people.com,utf-8,utf-8,utf_8
people.com.cn,,GB2312,gb18030
peopleenespanol.com,utf-8,utf-8,utf_8
peopleperproject.com,utf-8,utf-8,utf_8
peopletalk.ru,UTF-8,utf-8,utf_8
pep-4o.blogspot.com,UTF-8,utf-8,utf_8
pepco.pl,UTF-8,utf-8,utf_8
pepco.ro,UTF-8,utf-8,utf_8
pepeganga.com,utf-8,utf-8,utf_8
peperonipizzaypasta.com,utf-8,ascii,big5
pepita.hu,UTF-8,utf-8,utf_8
pepper.com,UTF-8,utf-8,utf_8
pepper.pl,UTF-8,utf-8,utf_8
pepper.ru,UTF-8,utf-8,
pepperfry.com,,ascii,ascii
pepstores.com,utf-8,ascii,ascii
pequeocio.com,UTF-8,utf-8,utf_8
pequerecetas.com,UTF-8,utf-8,utf_8
peraktoday.com.my,UTF-8,utf-8,utf_8
peramezat.com,utf-8,utf-8,utf_8
peredpokupkoy.ru,UTF-8,utf-8,utf_8
perekaart.ee,UTF-8,utf-8,iso8859_9
perekool.ee,UTF-8,utf-8,mac_iceland
perenaine.ee,UTF-8,utf-8,utf_8
perfect-english-grammar.com,,ascii,ascii
perfectoys.gr,UTF-8,utf-8,utf_8
perfil.com,UTF-8,utf-8,utf_8
pergikuliner.com,utf-8,utf-8,utf_8
perhonjokilaakso.fi,utf-8,utf-8,utf_8
perinbaba.sk,UTF-8,utf-8,utf_8
periodicobolivia.com.bo,UTF-8,utf-8,utf_8
periodicomensaje.com,utf-8,utf-8,utf_8
periodika.lv,UTF-8,utf-8,gb18030
periodistadigital.com,UTF-8,Windows-1254,utf_8
peritiuniti.it,,utf-8,utf_8
peritoanimal.com.br,UTF-8,utf-8,utf_8
perkamkopa.lv,utf-8,utf-8,utf_8
perlentaucher.de,UTF-8,utf-8,utf_8
perm.ru,UTF-8,utf-8,utf_8
permohonan.my,UTF-8,ascii,ascii
perpusnas.go.id,UTF-8,utf-8,utf_8
perrysport.nl,UTF-8,utf-8,utf_8
persoenlich.com,UTF-8,utf-8,utf_8
personal.com.ar,utf-8,utf-8,utf_8
personaliuudised.ee,utf-8,utf-8,utf_8
personare.com.br,utf-8,utf-8,utf_8
pertamax7.com,UTF-8,utf-8,utf_8
pertanian.go.id,UTF-8,ISO-8859-1,
perthnow.com.au,utf-8,Windows-1254,utf_8
pertinitoys.com,utf-8,utf-8,utf_8
peru.com,UTF-8,utf-8,utf_8
peru21.pe,utf-8,utf-8,utf_8
pervinkaplan.com,UTF-8,utf-8,utf_8
pescanik.net,UTF-8,utf-8,utf_8
pesjanar.si,UTF-8,utf-8,utf_8
peskiadmin.ru,utf-8,utf-8,utf_8
pesmarica.rs,utf-8,utf-8,utf_8
pesmojprijatelj.si,utf-8,utf-8,utf_8
pesni.guru,utf-8,utf-8,utf_8
pesni.net,utf-8,utf-8,utf_8
pespoti.si,UTF-8,UTF-8-SIG,utf_8
pessinaweb.it,,ascii,ascii
pestisracok.hu,UTF-8,utf-8,utf_8
pestre.ro,UTF-8,utf-8,utf_8
pesweb.cz,utf-8,utf-8,utf_8
pet-centar.hr,utf-8,utf-8,utf_8
pet-centar.rs,utf-8,utf-8,utf_8
petalokasi.org,UTF-8,ascii,ascii
petbarn.com.au,UTF-8,utf-8,utf_8
petcity.ee,UTF-8,utf-8,utf_8
petcity.lv,UTF-8,utf-8,utf_8
petel.bg,UTF-8,utf-8,utf_8
peterburg2.ru,utf-8,utf-8,utf_8
peterwhybrow.com,UTF-8,utf-8,utf_8
petiscos.com,UTF-8,utf-8,utf_8
petitchef.com,UTF-8,utf-8,utf_8
petitchef.es,UTF-8,utf-8,utf_8
petitchef.it,UTF-8,utf-8,utf_8
petitchef.ro,UTF-8,utf-8,utf_8
petitfute.co.uk,utf-8,utf-8,utf_8
petitfute.com,utf-8,utf-8,utf_8
petlove.com.br,utf-8,Windows-1254,utf_8
petmaya.com,,utf-8,utf_8
petofilive.hu,,utf-8,utf_8
petra.ac.id,UTF-8,utf-8,utf_8
petra.gov.jo,UTF-8,utf-8,utf_8
petrguziana.cz,utf-8,ascii,big5
petrol.si,UTF-8,utf-8,utf_8
petrotimes.vn,utf-8,utf-8,utf_8
petrovich.ru,UTF-8,utf-8,utf_8
petsie.fi,utf-8,utf-8,utf_8
petsplace.nl,UTF-8,utf-8,utf_8
pettitshire.net,utf-8,ascii,big5
petz.com.br,,ascii,ascii
peugeot-klubas.lt,UTF-8,utf-8,utf_8
peugeotclub.info,UTF-8,utf-8,utf_8
pevex.hr,UTF-8,utf-8,utf_8
pexels.com,UTF-8,ascii,
pezinok.sk,UTF-8,utf-8,utf_8
pfarma.ro,UTF-8,utf-8,utf_8
pfister.ch,utf-8,utf-8,utf_8
pfizer.com.br,UTF-8,utf-8,utf_8
pg.edu.pl,UTF-8,utf-8,utf_8
pgcasa.it,UTF-8,utf-8,utf_8
pgmall.my,utf-8,utf-8,utf_8
pgrweb.go.cr,utf-8,utf-8,utf_8
pgsskroton.com,UTF-8,ascii,ascii
pgz.hr,UTF-8,utf-8,utf_8
ph.ee,UTF-8,utf-8,utf_8
ph100.org,utf-8,ascii,big5
phacdochuabenh.com,UTF-8,utf-8,utf_8
phaidepviet.com,utf-8,utf-8,utf_8
phapluatplus.vn,UTF-8,utf-8,utf_8
pharm24.gr,utf-8,utf-8,utf_8
pharma-gdd.com,UTF-8,utf-8,utf_8
pharmacafennica.fi,utf-8,utf-8,utf_8
pharmacia1.com,iso-8859-1,ascii,ascii
pharmacity.vn,UTF-8,utf-8,utf_8
pharmacy-home.gr,utf-8,utf-8,utf_8
pharmacy128.gr,UTF-8,utf-8,utf_8
pharmacy2go.gr,utf-8,utf-8,utf_8
pharmacy4u.gr,UTF-8,utf-8,utf_8
pharmacyboutique.gr,utf-8,utf-8,utf_8
pharmacydiscount.gr,utf-8,utf-8,utf_8
pharmacymegastore.gr,utf-8,utf-8,utf_8
pharmacyonclick.gr,UTF-8,utf-8,utf_8
pharmadvice.gr,utf-8,utf-8,utf_8
pharmagoods.gr,utf-8,utf-8,utf_8
pharmalife.bg,utf-8,utf-8,utf_8
pharmamarket.be,UTF-8,ascii,ascii
pharmamedica.rs,UTF-8,utf-8,utf_8
pharmasimple.com,utf-8,utf-8,utf_8
pharmatop1.com,UTF-8,utf-8,utf_8
pharmawiki.ch,utf-8,utf-8,utf_8
pharmazeutische-zeitung.de,utf-8,utf-8,utf_8
pharmcare.gr,UTF-8,ascii,ascii
pharmeasy.in,utf-8,Windows-1254,utf_8
pharmindex-online.hu,utf-8,utf-8,utf_8
pharmnet.gr,utf-8,utf-8,utf_8
phatgiao.org.vn,utf-8,utf-8,utf_8
phephimz.net,UTF-8,UTF-8-SIG,utf_8
phfireballs.com,utf-8,ascii,big5
philenews.com,utf-8,utf-8,utf_8
phileweb.com,,SHIFT_JIS,shift_jis
philips.com.tr,utf-8,utf-8,utf_8
philips.cz,utf-8,utf-8,utf_8
philips.nl,utf-8,utf-8,utf_8
philips.ro,utf-8,utf-8,utf_8
philips.sk,utf-8,utf-8,utf_8
phimsex.red,UTF-8,utf-8,utf_8
phinemo.com,UTF-8,ascii,ascii
phitsanulokhotnews.com,UTF-8,utf-8,utf_8
phoenix-sol.co.jp,UTF-8,utf-8,utf_8
phoenixcertifiedhomeinspections.com,utf-8,ascii,big5
pholfoodmafia.com,UTF-8,utf-8,utf_8
phonandroid.com,UTF-8,utf-8,utf_8
phoneaqua.com,UTF-8,utf-8,utf_8
phonearena.com,UTF-8,utf-8,utf_8
phonebook.lk,UTF-8,ascii,ascii
phonebunch.com,UTF-8,ascii,ascii
phonecorridor.com,UTF-8,utf-8,utf_8
phonegg.com,,ISO-8859-1,utf_8
phonehouse.es,UTF-8,utf-8,utf_8
phoneindex.co.il,utf-8,utf-8,utf_8
phoneky.com,,utf-8,utf_8
phonemore.com,utf-8,utf-8,utf_8
phones.com.bd,UTF-8,utf-8,utf_8
phonescoop.com,utf-8,utf-8,utf_8
phonesdata.com,UTF-8,utf-8,utf_8
phoneworld.com.pk,UTF-8,utf-8,utf_8
phongvu.vn,utf-8,utf-8,
photo-forum.net,UTF-8,utf-8,utf_8
photo-memories-to-digital.com,UTF-8,ascii,ascii
photolibrary.jp,,EUC-JP,euc_jis_2004
photopoint.ee,utf-8,utf-8,utf_8
phucanh.vn,UTF-8,utf-8,utf_8
phukhaopost.com,UTF-8,Windows-1254,ptcp154
phununet.com,utf-8,utf-8,utf_8
phunuonline.com.vn,UTF-8,ascii,ascii
phunusuckhoe.vn,utf-8,utf-8,utf_8
phunutoday.vn,utf-8,utf-8,utf_8
phunuvagiadinh.vn,utf-8,utf-8,utf_8
phunuvietnam.vn,utf-8,utf-8,utf_8
phutho.gov.vn,UTF-8,utf-8,utf_8
phyathai.com,utf-8,utf-8,utf_8
phymmoi.net,UTF-8,utf-8,utf_8
phymnhanh.net,UTF-8,utf-8,utf_8
phys.org,,ascii,ascii
physics-quest.com,utf-8,ascii,big5
physio-pedia.com,UTF-8,utf-8,utf_8
physiology.org,utf-8,utf-8,utf_8
pi-schools.gr,,ISO-8859-7,cp1253
pia.co.jp,None,utf-8,utf_8
pia.jp,,utf-8,utf_8
piacesprofit.hu,UTF-8,utf-8,utf_8
pianetacellulare.it,UTF-8,utf-8,utf_8
pianetadesign.it,UTF-8,utf-8,utf_8
pianetadonna.it,UTF-8,utf-8,utf_8
pianetamamma.it,UTF-8,utf-8,utf_8
pianobattagliaemadonie.it,,utf-8,utf_8
piazz.com,UTF-8,utf-8,utf_8
pib.gov.in,utf-8,ascii,shift_jis_2004
piccantino.si,UTF-8,utf-8,utf_8
picchu.it,,ascii,ascii
picclick.at,UTF-8,utf-8,utf_8
picclick.co.uk,UTF-8,utf-8,utf_8
picclick.com,UTF-8,utf-8,utf_8
picclick.com.au,UTF-8,utf-8,utf_8
picclick.de,UTF-8,utf-8,utf_8
picclick.fr,UTF-8,utf-8,utf_8
picclick.it,UTF-8,utf-8,utf_8
picenatrasporti.it,,ascii,ascii
pichincha.com,,,ascii
pickaboo.com,UTF-8,utf-8,utf_8
pickybest.id,UTF-8,utf-8,utf_8
pico.vn,utf-8,utf-8,utf_8
picodi.com,UTF-8,utf-8,utf_8
pictame.com,UTF-8,Windows-1252,utf_8
picturacameracopii.ro,utf-8,ascii,big5
picturemydress.com,utf-8,ascii,big5
picuki.com,UTF-8,ascii,ascii
picwictoys.com,,ascii,ascii
pidru4niki.com,WINDOWS-1251,windows-1251,cp1251
piearsta.lv,UTF-8,utf-8,utf_8
pieb.com.bo,iso-8859-1,ascii,ascii
piecesauto24.com,UTF-8,ascii,ascii
pieci.lv,UTF-8,utf-8,utf_8
piegalda.lv,UTF-8,utf-8,utf_8
pienimatkaopas.com,,Windows-1252,iso8859_10
pienipunainenkeittio.com,UTF-8,Windows-1252,utf_8
piercingsbyveronica.com,utf-8,ascii,big5
pieseauto.ro,"""UTF-8""",utf-8,utf_8
piestanskydennik.sk,UTF-8,utf-8,utf_8
pietarsaarensanomat.fi,utf-8,utf-8,utf_8
pietiek.com,UTF-8,UTF-8-SIG,utf_8
pigiame.co.ke,UTF-8,ascii,ascii
pigments.live,UTF-8,utf-8,utf_8
pigu.lt,UTF-8,utf-8,utf_8
pihlajalinna.fi,utf-8,utf-8,utf_8
pijanitvor.com,utf-8,utf-8,utf_8
pik.bg,UTF-8,utf-8,utf_8
pikapolonica.si,UTF-8,utf-8,utf_8
pikbest.com,utf-8,utf-8,utf_8
pikiran-rakyat.com,UTF-8,utf-8,utf_8
pikist.com,UTF-8,utf-8,utf_8
pilateshealtheur.it,,ascii,ascii
pilatustoday.ch,utf-8,utf-8,utf_8
pilet.ee,utf-8,utf-8,utf_8
piletilevi.ee,UTF-8,utf-8,utf_8
piletimaailm.com,UTF-8,utf-8,utf_8
piliapp.com,utf-8,Windows-1254,utf_8
pilotas.lt,UTF-8,utf-8,utf_8
pilseta24.lv,UTF-8,utf-8,utf_8
pilulka.cz,utf-8,utf-8,utf_8
pilulka.ro,utf-8,utf-8,utf_8
pilulka.sk,utf-8,utf-8,utf_8
pilulka24.sk,utf-8,utf-8,utf_8
pim.in.th,utf-8,utf-8,utf_8
pinbook.pl,UTF-8,utf-8,utf_8
pincetas.lt,UTF-8,utf-8,utf_8
pincode.net.in,UTF-8,ascii,ascii
pincodes.info,UTF-8,ascii,ascii
pinda.in,UTF-8,utf-8,utf_8
pindahlubang.com,UTF-8,ascii,ascii
pinecrestqc.com,utf-8,ascii,big5
pinger.pl,utf-8,utf-8,utf_8
pingodoce.pt,UTF-8,utf-8,utf_8
pingvinpatika.hu,UTF-8,utf-8,utf_8
pink.rs,,utf-8,utf_8
pinkvilla.com,utf-8,utf-8,utf_8
pinkvulpes.net,UTF-8,ascii,ascii
pinky-media.jp,utf-8,utf-8,utf_8
pinodonno.it,,ascii,ascii
pinterest.at,utf-8,Windows-1252,utf_8
pinterest.ca,utf-8,ascii,ascii
pinterest.ch,utf-8,ascii,ascii
pinterest.cl,utf-8,ascii,ascii
pinterest.co.kr,utf-8,utf-8,utf_8
pinterest.co.uk,utf-8,ascii,ascii
pinterest.com,utf-8,ascii,ascii
pinterest.com.au,utf-8,ascii,ascii
pinterest.com.mx,utf-8,ISO-8859-1,utf_8
pinterest.de,utf-8,ascii,ascii
pinterest.dk,utf-8,ascii,ascii
pinterest.es,utf-8,ISO-8859-1,utf_8
pinterest.fr,utf-8,ascii,ascii
pinterest.ie,utf-8,ascii,ascii
pinterest.it,utf-8,ascii,ascii
pinterest.jp,utf-8,utf-8,utf_8
pinterest.nz,utf-8,ascii,ascii
pinterest.ph,utf-8,ascii,ascii
pinterest.pt,utf-8,ascii,ascii
pinterest.ru,utf-8,utf-8,utf_8
pinterest.se,utf-8,ascii,ascii
pinturasvenier.com,UTF-8,utf-8,utf_8
pio.gov.cy,UTF-8,utf-8,utf_8
pioneerbuttonclub.org,utf-8,ascii,big5
piotrkow.pl,UTF-8,utf-8,utf_8
piraeusbank.gr,utf-8,utf-8,utf_8
piritajoepark.ee,UTF-8,utf-8,utf_8
pirk.lt,UTF-8,utf-8,utf_8
pirkimai365.lt,utf-8,utf-8,utf_8
pirkumins.com,UTF-8,utf-8,utf_8
pirogov.eu,UTF-8,utf-8,utf_8
piroshairandbeauty.ro,utf-8,ascii,big5
pirs.si,UTF-8,ascii,ascii
pis.sk,UTF-8,utf-8,utf_8
pisapapeles.net,UTF-8,utf-8,utf_8
pisatoday.it,utf-8,utf-8,utf_8
piscanecmatematika.xyz,,ascii,ascii
pisnicky-akordy.cz,utf-8,utf-8,utf_8
pisos.com,utf-8,utf-8,utf_8
pisrs.si,UTF-8,utf-8,utf_8
pistik.net,,ascii,ascii
pistonheads.com,utf-8,Windows-1252,utf_8
pit.pl,utf-8,utf-8,utf_8
pitaronfree.blogspot.com,UTF-8,utf-8,utf_8
pitchbook.com,UTF-8,utf-8,utf_8
pitchfork.com,utf-8,utf-8,cp1251
pitomakavarna.cz,utf-8,ascii,big5
pitria.com,UTF-8,utf-8,utf_8
pitt.edu,utf-8,ascii,ascii
piunikaweb.com,UTF-8,utf-8,utf_8
pixabay.com,UTF-8,ascii,ascii
pixers.cz,UTF-8,utf-8,utf_8
pixers.es,UTF-8,utf-8,utf_8
pixers.nl,UTF-8,utf-8,utf_8
pixers.pl,UTF-8,utf-8,utf_8
pixers.se,UTF-8,utf-8,utf_8
pixiv.net,UTF-8,utf-8,utf_8
pixizoo.dk,UTF-8,utf-8,utf_8
pixnet.net,,utf-8,utf_8
pixsell.hr,utf-8,utf-8,utf_8
pixta.jp,utf-8,,utf_8
pizzahut.co.il,UTF-8,utf-8,utf_8
pizzakartan.se,,utf-8,utf_8
pizzamadama.it,UTF-8,ascii,ascii
pizzariasabordefrutas.com.br,iso-8859-1,ascii,ascii
pjd.ma,utf-8,utf-8,utf_8
pk.edu.pl,utf-8,utf-8,utf_8
pkobp.pl,utf-8,utf-8,utf_8
pks.rs,utf-8,utf-8,utf_8
pkspartner.rs,UTF-8,utf-8,utf_8
pkt.pl,utf-8,utf-8,
pkw.de,UTF-8,utf-8,utf_8
pl.tl,utf-8,utf-8,hp_roman8
place-advisor.com,UTF-8,ascii,ascii
placebo.hr,,ISO-8859-1,cp1250
placebuzz.com,utf-8,utf-8,utf_8
placedestendances.com,ISO-8859-1,ISO-8859-1,cp1252
placemakers.co.nz,utf-8,ascii,ascii
placementindia.com,UTF-8,ISO-8859-1,cp1125
placeralplato.com,UTF-8,utf-8,utf_8
places.co.za,UTF-8,utf-8,utf_8
plaisio.gr,utf-8,utf-8,utf_8
plala.or.jp,,utf-8,utf_8
plandoact.com,utf-8,ascii,big5
planeo.cz,utf-8,utf-8,utf_8
planeo.sk,utf-8,utf-8,utf_8
planet-lepote.com,UTF-8,utf-8,utf_8
planet-wissen.de,utf-8,utf-8,utf_8
planet.ee,UTF-8,utf-8,utf_8
planet.fr,utf-8,utf-8,utf_8
planetabrasileiro.com,UTF-8,ascii,ascii
planetacolombia.com,,utf-8,utf_8
planetadelibros.com,UTF-8,utf-8,utf_8
planetamexico.com.mx,,utf-8,utf_8
planetasport.rs,UTF-8,utf-8,utf_8
planetauruguay.com,,utf-8,utf_8
planetavenezuela.com.ve,UTF-8,ascii,ascii
planetazdorovo.ru,UTF-8,Windows-1254,ptcp154
planetenjorden.dk,,ascii,ascii
planetlaguz.site,UTF-8,utf-8,utf_8
planetofhotels.com,utf-8,utf-8,utf_8
planificacion.gob.ec,iso-8859-1,ascii,ascii
plankepriser.no,utf-8,utf-8,utf_8
plannedparenthood.org,utf-8,utf-8,utf_8
planningalerts.ie,utf-8,utf-8,utf_8
planplus.rs,utf-8,utf-8,utf_8
plantagen.fi,UTF-8,utf-8,utf_8
plantagen.se,UTF-8,utf-8,utf_8
plantasjen.no,UTF-8,utf-8,utf_8
planteea.ro,UTF-8,UTF-8-SIG,utf_8
plantetorvet.dk,UTF-8,utf-8,utf_8
plantorama.dk,utf-8,utf-8,utf_8
plantura.garden,UTF-8,utf-8,
planviewer.nl,UTF-8,utf-8,utf_8
plasico.bg,utf-8,utf-8,utf_8
plasto-tech.com,utf-8,ascii,big5
plataformaarquitectura.cl,utf-8,utf-8,utf_8
plataformaurbana.cl,UTF-8,utf-8,utf_8
platekompaniet.no,utf-8,utf-8,utf_8
platformazakupowa.pl,UTF-8,utf-8,utf_8
plavakamenica.hr,UTF-8,utf-8,utf_8
plavinunovads.lv,utf-8,utf-8,utf_8
play-azlabs.com,UTF-8,utf-8,utf_8
play-life.jp,utf-8,utf-8,utf_8
play.pl,UTF-8,utf-8,utf_8
player.fm,utf-8,utf-8,cp1252
player.hu,UTF-8,utf-8,utf_8
player.pl,UTF-8,utf-8,utf_8
playground.ru,UTF-8,utf-8,utf_8
playstation.com,utf-8,utf-8,utf_8
playtech.ro,UTF-8,utf-8,utf_8
plazapublica.com.gt,utf-8,utf-8,utf_8
plazavea.com.pe,utf-8,utf-8,utf_8
plcforum.it,iso-8859-1,ascii,ascii
pleanala.ie,utf-8,utf-8,utf_8
pleasure-travel.it,utf-8,ascii,big5
pleer.ru,,,big5
plein.nl,UTF-8,utf-8,utf_8
pleinevie.fr,utf-8,utf-8,utf_8
plejada.pl,utf-8,utf-8,utf_8
plesio.bg,UTF-8,utf-8,utf_8
plevenzapleven.bg,UTF-8,utf-8,utf_8
plivamed.net,utf-8,,utf_8
plivazdravlje.hr,utf-8,utf-8,utf_8
plo.vn,utf-8,utf-8,utf_8
plodine.hr,UTF-8,utf-8,utf_8
plos.org,UTF-8,Windows-1252,utf_8
ploshtadslaveikov.com,UTF-8,utf-8,utf_8
plotek.pl,iso-8859-2,ISO-8859-1,cp1252
plovdiv-press.bg,UTF-8,utf-8,utf_8
plovdiv24.bg,utf-8,utf-8,utf_8
plovdivnow.bg,UTF-8,utf-8,utf_8
pluggakuten.se,utf-8,utf-8,utf_8
pluricosmetica.com,utf-8,utf-8,utf_8
plus.nl,,ascii,ascii
plus4u.gr,ISO-8859-7,windows-1253,iso8859_7
plusbog.dk,utf-8,utf-8,utf_8
plusdebonsplans.com,UTF-8,utf-8,utf_8
pluska.sk,UTF-8,utf-8,utf_8
plusonline.nl,utf-8,utf-8,
plusvalia.com,UTF-8,ascii,ascii
plutonlogistics.com,UTF-8,utf-8,utf_8
plweb.online,UTF-8,utf-8,utf_8
plwiki.pl,utf-8,utf-8,utf_8
plz.lv,UTF-8,utf-8,utf_8
plzen.cz,utf-8,utf-8,utf_8
plzen.eu,utf-8,utf-8,utf_8
pm.gov.jo,UTF-8,utf-8,utf_8
pmg.org.za,utf-8,utf-8,utf_8
pmi.it,UTF-8,utf-8,utf_8
pmlp.gov.lv,UTF-8,utf-8,utf_8
pn.com.ua,UTF-8,utf-8,utf_8
pnas.org,utf-8,utf-8,utf_8
pnet.co.za,UTF-8,utf-8,utf_8
pneumonologos.com,utf-8,utf-8,utf_8
pngdownload.id,utf-8,ISO-8859-1,utf_8
pngegg.com,UTF-8,utf-8,utf_8
pngindir.com,utf-8,utf-8,utf_8
pngtree.com,UTF-8,utf-8,cp1125
pngwing.com,UTF-8,ascii,ascii
pnky.sk,UTF-8,utf-8,utf_8
pnp.de,utf-8,utf-8,utf_8
pnp.ru,utf-8,utf-8,utf_8
pnu.edu.sa,utf-8,utf-8,
po-kraj.sk,utf-8,utf-8,utf_8
po-krupnomu.ru,utf-8,utf-8,utf_8
po-sloveniji.com,,utf-8,utf_8
pobeda-mf.ru,utf-8,utf-8,utf_8
pobjeda.me,,utf-8,utf_8
pobpad.com,,utf-8,utf_8
pochivka.bg,UTF-8,utf-8,utf_8
pochivka.com,utf-8,utf-8,utf_8
pocitnice.si,utf-8,utf-8,utf_8
pocket-lint.com,UTF-8,utf-8,utf_8
pocketresto.be,utf-8,utf-8,utf_8
poco.de,UTF-8,utf-8,utf_8
poczta-polska.pl,UTF-8,utf-8,utf_8
podaci.net,,ascii,ascii
podarimo.si,UTF-8,utf-8,utf_8
podarokideal.ru,iso-8859-1,ascii,ascii
podatki.biz,,Windows-1252,iso8859_2
podcast.ee,UTF-8,utf-8,utf_8
podcastid.ee,,ascii,ascii
podcastluisteren.nl,utf-8,Windows-1252,utf_8
podcasts.nu,utf-8,Windows-1254,utf_8
poddtoppen.se,UTF-8,utf-8,utf_8
podecomparar.com.br,UTF-8,utf-8,utf_8
poder360.com.br,UTF-8,utf-8,utf_8
poderjudicial.gub.uy,UTF-8,ISO-8859-1,utf_8
podimo.com,utf-8,Windows-1254,utf_8
podjetniski-portal.si,UTF-8,utf-8,utf_8
podmosta.bg,UTF-8,utf-8,utf_8
podnikajte.sk,,utf-8,utf_8
podnikam.sk,UTF-8,utf-8,utf_8
podnikatel.cz,UTF-8,utf-8,utf_8
podravka.hr,UTF-8,utf-8,utf_8
podravski.hr,UTF-8,utf-8,utf_8
podsvojostreho.net,UTF-8,utf-8,utf_8
podtail.com,UTF-8,utf-8,utf_8
podtail.se,UTF-8,utf-8,utf_8
podtepeto.com,UTF-8,utf-8,utf_8
podunavlje.info,iso-8859-1,ascii,ascii
poduzetnistvo.org,,Windows-1254,iso8859_9
podyplomie.pl,utf-8,utf-8,utf_8
poehalisnami.ua,utf-8,UTF-8-SIG,utf_8
poenta.co.il,utf-8,utf-8,utf_8
poet.hu,,ISO-8859-1,cp1250
pofta-buna.com,UTF-8,utf-8,utf_8
pogastro.com,utf-8,utf-8,
pogrebno-pama.com,utf-8,ascii,big5
pohjalainen.fi,utf-8,utf-8,utf_8
pohoda.cz,utf-8,utf-8,utf_8
pohodo.sk,UTF-8,Windows-1254,utf_8
point.bg,windows-1251,windows-1251,cp1251
point2homes.com,,ascii,ascii
pointp.fr,UTF-8,utf-8,utf_8
pojoksatu.id,UTF-8,Windows-1252,utf_8
pokelagu.com,,ISO-8859-1,utf_8
poki.com,utf-8,Windows-1254,utf_8
pokupon.ua,utf-8,utf-8,utf_8
polar.cz,UTF-8,utf-8,utf_8
pole-emploi.fr,utf-8,utf-8,utf_8
police.go.th,utf-8,utf-8,utf_8
police.gov.il,utf-8,ascii,ascii
police.govt.nz,utf-8,utf-8,utf_8
police.hu,UTF-8,utf-8,utf_8
policia.gob.ni,UTF-8,ascii,ascii
policie.cz,UTF-8,utf-8,utf_8
policija.si,utf-8,Windows-1254,utf_8
policja.gov.pl,UTF-8,utf-8,utf_8
policja.pl,UTF-8,utf-8,utf_8
policybazaar.com,,ascii,ascii
polignosi.com,,Windows-1253,cp1253
poligon-1.lt,UTF-8,,cp1253
poliklinika-aviva.hr,UTF-8,utf-8,utf_8
poliklinika-harni.hr,UTF-8,utf-8,utf_8
poliklinika-mazalin.hr,UTF-8,utf-8,utf_8
poliklinikaconsilium.com,UTF-8,UTF-8-SIG,utf_8
polimi.it,utf-8,utf-8,utf_8
polisen.se,utf-8,utf-8,utf_8
polispages.gr,,utf-8,utf_8
polit.ru,,utf-8,utf_8
politeianet.gr,,utf-8,utf_8
politeka.net,UTF-8,utf-8,utf_8
politiaromana.ro,,utf-8,utf_8
politie.be,UTF-8,utf-8,utf_8
politie.nl,UTF-8,utf-8,utf_8
politiet.no,utf-8,utf-8,utf_8
politika.bg,UTF-8,utf-8,utf_8
politika.co.rs,UTF-8,ascii,ascii
politika.rs,UTF-8,utf-8,utf_8
politiken.dk,UTF-8,utf-8,utf_8
politikis.si,UTF-8,utf-8,utf_8
politis.com.cy,UTF-8,utf-8,utf_8
politize.com.br,UTF-8,utf-8,utf_8
politsei.ee,,utf-8,
polity.org.za,UTF-8,utf-8,utf_8
polityka.pl,UTF-8,utf-8,utf_8
poliziadistato.it,UTF-8,utf-8,utf_8
poljoinfo.com,utf-8,utf-8,utf_8
poljoprivredni-forum.com,utf-8,utf-8,utf_8
polki.pl,utf-8,utf-8,utf_8
polleosport.hr,utf-8,utf-8,utf_8
pollumajandus.ee,utf-8,utf-8,utf_8
polomap.com,,ascii,ascii
polovni-delovi.com,UTF-8,utf-8,utf_8
polovniautomobili.com,utf-8,ascii,ascii
polri.go.id,UTF-8,ascii,ascii
polsat.pl,,ascii,ascii
polsatnews.pl,,ascii,ascii
polsatsport.pl,,ascii,ascii
polska-org.pl,UTF-8,utf-8,utf_8
polska.travel,utf-8,utf-8,utf_8
polskaniezwykla.pl,utf-8,utf-8,utf_8
polskatimes.pl,UTF-8,utf-8,utf_8
polskieradio.pl,utf-8,utf-8,utf_8
polskieradio24.pl,utf-8,utf-8,
polskieszlaki.pl,UTF-8,GB2312,utf_8
polsri.ac.id,UTF-8,utf-8,utf_8
poltekkes-denpasar.ac.id,UTF-8,ascii,ascii
poltekkesjogja.ac.id,UTF-8,utf-8,utf_8
polygon.com,utf-8,utf-8,utf_8
pomagalo.com,auto,windows-1251,cp1251
pomagalo1.com,UTF-8,utf-8,utf_8
pomoceszkola.pl,utf-8,utf-8,utf_8
pomorska.pl,UTF-8,utf-8,utf_8
pompo.cz,UTF-8,utf-8,utf_8
pomponik.pl,UTF-8,utf-8,utf_8
pomurec.com,UTF-8,Windows-1254,utf_8
pomurske-lekarne.si,,ascii,ascii
poncy.ru,utf-8,utf-8,utf_8
ponparemall.com,utf-8,utf-8,utf_8
pons.com,utf-8,utf-8,utf_8
ponudadana.hr,,utf-8,utf_8
pood24.ee,UTF-8,utf-8,utf_8
popaganda.gr,UTF-8,utf-8,utf_8
popasia.net,UTF-8,ascii,ascii
popbela.com,UTF-8,utf-8,utf_8
popcorntv.it,UTF-8,utf-8,utf_8
popmama.com,UTF-8,utf-8,utf_8
popmech.ru,utf-8,utf-8,utf_8
popolnapostava.com,UTF-8,Windows-1254,utf_8
popolsku24.pl,,ascii,ascii
popsugar.co.uk,utf-8,utf-8,utf_8
popsugar.com,utf-8,utf-8,utf_8
popularabarer.se,iso-8859-1,ascii,ascii
popularacafeer.se,iso-8859-1,ascii,ascii
popularafrisorer.se,iso-8859-1,ascii,ascii
popularahotell.se,iso-8859-1,ascii,ascii
popularhistoria.se,utf-8,utf-8,utf_8
popularmechanics.com,UTF-8,utf-8,utf_8
popularonline.com.my,UTF-8,ascii,ascii
popxo.com,,utf-8,utf_8
porada.sk,UTF-8,utf-8,utf_8
poradna.net,UTF-8,utf-8,utf_8
poradnikprzedsiebiorcy.pl,utf-8,utf-8,utf_8
poradnikzdrowie.pl,utf-8,utf-8,utf_8
poradte.cz,windows1250,Windows-1254,cp1250
poranny.pl,UTF-8,utf-8,utf_8
porch.com,UTF-8,Windows-1252,utf_8
porestina.info,UTF-8,utf-8,utf_8
pori.fi,utf-8,utf-8,utf_8
pornhub.com,UTF-8,Windows-1252,utf_8
porodnice.cz,utf-8,utf-8,utf_8
porscheinterauto.net,UTF-8,utf-8,utf_8
port.hu,UTF-8,utf-8,utf_8
portafolio.co,UTF-8,utf-8,utf_8
portal-info.ro,utf-8,ascii,ascii
portal-srbija.com,UTF-8,utf-8,utf_8
portal.cz,utf-8,utf-8,utf_8
portal.gub.uy,UTF-8,utf-8,utf_8
portal.lviv.ua,UTF-8,utf-8,utf_8
portalanalitika.me,,utf-8,utf_8
portalangop.co.ao,,ascii,shift_jis_2004
portalautomotriz.com,,utf-8,utf_8
portalcbncampinas.com.br,UTF-8,utf-8,utf_8
portalchile.org,UTF-8,utf-8,utf_8
portalcorreio.com.br,UTF-8,utf-8,utf_8
portaldacidade.com,UTF-8,utf-8,utf_8
portaldalinguaportuguesa.org,UTF-8,utf-8,utf_8
portaldaqueixa.com,,ascii,ascii
portaldeangola.com,UTF-8,utf-8,utf_8
portaldelcomercio.com,,ascii,ascii
portaleabruzzo.com,UTF-8,utf-8,utf_8
portaleducacao.com.br,utf-8,utf-8,utf_8
portaleducativo.net,utf-8,utf-8,utf_8
portalesdeluruguay.com.uy,UTF-8,utf-8,utf_8
portalinmobiliario.com,utf-8,utf-8,utf_8
portalmladi.com,,utf-8,utf_8
portalnacional.com.pt,utf-8,utf-8,utf_8
portalnovosti.com,utf-8,utf-8,utf_8
portaloko.hr,utf-8,utf-8,utf_8
portalplus.si,utf-8,utf-8,utf_8
portalpopline.com.br,UTF-8,utf-8,utf_8
portalprogramas.com,iso-8859-1,ascii,ascii
portalridice.cz,UTF-8,utf-8,utf_8
portalsamorzadowy.pl,UTF-8,utf-8,utf_8
portalsantaclara.com,utf-8,ascii,big5
portalsaofrancisco.com.br,iso-8859-1,ascii,ascii
portalspozywczy.pl,UTF-8,utf-8,utf_8
portalturism.com,utf-8,ascii,ascii
portalvs.sk,utf-8,utf-8,utf_8
portes.tn,UTF-8,utf-8,utf_8
portfolio.hu,UTF-8,utf-8,utf_8
portfolio.no,UTF-8,utf-8,utf_8
porto.pt,utf-8,utf-8,utf_8
portoeditora.pt,UTF-8,utf-8,utf_8
portoenorte.pt,utf-8,utf-8,utf_8
portogente.com.br,utf-8,utf-8,utf_8
portoroz.si,utf-8,utf-8,utf_8
portoviejo.gob.ec,iso-8859-1,ascii,ascii
portugal.gov.pt,,utf-8,utf_8
portugal2020.pt,,ascii,ascii
portugaldenorteasul.pt,,ascii,ascii
portugalglobal.pt,utf-8,utf-8,iso8859_14
portugalio.com,utf-8,utf-8,utf_8
portugues.com.br,UTF-8,utf-8,utf_8
portuguesaletra.com,UTF-8,utf-8,utf_8
porvoo.fi,utf-8,ascii,ascii
posaljirecept.rs,UTF-8,utf-8,utf_8
posao.hr,UTF-8,utf-8,utf_8
posavskiobzornik.si,UTF-8,utf-8,utf_8
posb.com.sg,UTF-8,ascii,ascii
poshmark.com,utf-8,utf-8,utf_8
posicinamientoweb.pro,UTF-8,,utf_8
positanonews.it,UTF-8,utf-8,utf_8
positioningmag.com,,utf-8,utf_8
poskota.co.id,UTF-8,ascii,ascii
poslovi.rs,,utf-8,utf_8
poslovna.hr,utf-8,utf-8,utf_8
poslovni-savjetnik.com,utf-8,utf-8,utf_8
poslovni.hr,UTF-8,Windows-1254,mac_greek
poslovniforum.hr,,Windows-1252,cp1250
poslovnivodic.com,iso-8859-1,ascii,ascii
post-gazette.com,utf-8,ascii,ascii
post.ch,utf-8,utf-8,utf_8
post.lt,UTF-8,utf-8,utf_8
posta-romana.ro,UTF-8,utf-8,utf_8
posta.co.il,UTF-8,utf-8,utf_8
posta.com.tr,utf-8,utf-8,utf_8
posta.hr,UTF-8,utf-8,utf_8
posta.hu,UTF-8,utf-8,utf_8
posta.rs,utf-8,utf-8,
posta.si,,ascii,ascii
posta.sk,utf-8,utf-8,utf_8
postal.pt,utf-8,utf-8,utf_8
postaonline.cz,UTF-8,utf-8,utf_8
postauto.ch,utf-8,utf-8,utf_8
postavy.cz,UTF-8,utf-8,utf_8
postbank.bg,utf-8,utf-8,utf_8
postcode-adresboek.nl,,utf-8,utf_8
postcodearea.co.uk,,ascii,ascii
postcodebijadres.nl,UTF-8,ascii,ascii
poste.it,UTF-8,utf-8,utf_8
posten.no,UTF-8,utf-8,utf_8
postfinance.ch,utf-8,utf-8,utf_8
posthaus.com.br,utf-8,utf-8,
posti.fi,,utf-8,utf_8
postiindeks.ee,utf-8,utf-8,utf_8
postila.ru,utf-8,Windows-1254,utf_8
postimees-documents.s3.amazonaws.com,,ascii,ascii
postimees.ee,utf-8,Windows-1254,utf_8
postjung.com,UTF-8,Windows-1254,utf_8
postmates.com,UTF-8,ascii,ascii
postoffice.co.uk,UTF-8,utf-8,utf_8
postoj.sk,UTF-8,utf-8,utf_8
postovabanka.sk,utf-8,utf-8,utf_8
postovnezdarma.cz,UTF-8,utf-8,utf_8
postsod.com,,ascii,ascii
posttoday.com,UTF-8,utf-8,utf_8
postupi.online,windows-1251,windows-1251,cp1251
posvetu.si,UTF-8,utf-8,utf_8
potepuh.si,UTF-8,utf-8,utf_8
potilaanlaakarilehti.fi,utf-8,utf-8,utf_8
potnik.si,UTF-8,utf-8,utf_8
potv.bg,UTF-8,utf-8,utf_8
pourfemme.it,UTF-8,utf-8,utf_8
pourquoidocteur.fr,UTF-8,utf-8,utf_8
pov.international,,ascii,ascii
povar.ru,utf-8,utf-8,utf_8
povarenok.ru,windows-1251,windows-1251,cp1251
povezujemo.si,utf-8,utf-8,utf_8
povijest.hr,UTF-8,utf-8,utf_8
power.dk,utf-8,utf-8,
power.fi,utf-8,ascii,
power.no,utf-8,ascii,
powerbuy.co.th,utf-8,utf-8,utf_8
powercity.ie,UTF-8,Windows-1252,utf_8
powersport.lt,utf-8,utf-8,utf_8
powerthesaurus.org,,ascii,ascii
poxnel.com,UTF-8,utf-8,utf_8
pozanimaj.se,utf-8,utf-8,utf_8
pozareport.si,UTF-8,utf-8,utf_8
pozary.cz,utf-8,utf-8,utf_8
pozdravok.ru,windows-1251,windows-1251,cp1251
poziadavka.sk,,utf-8,utf_8
pp.lv,,utf-8,utf_8
ppe.pl,utf-8,UTF-8-SIG,utf_8
