real.gr,,utf-8,utf_8
realadvisor.ch,utf-8,Windows-1254,utf_8
realcity.cz,utf-8,utf-8,utf_8
realcommercial.com.au,,ascii,ascii
realestate.co.nz,,ascii,ascii
realestate.com.au,,ascii,ascii
realestatecroatia.com,,utf-8,utf_8
realestateview.com.au,utf-8,ascii,ascii
realhomes.com,UTF-8,utf-8,utf_8
realingo.cz,utf-8,utf-8,utf_8
realitatea.net,UTF-8,utf-8,utf_8
realites.com.tn,,ascii,ascii
realites.sk,,Windows-1254,cp1250
realitica.com,utf-8,utf-8,iso8859_13
reality.sk,UTF-8,utf-8,utf_8
realitymix.cz,UTF-8,utf-8,utf_8
realitymorava.cz,CP1250,Windows-1252,cp1250
really-learn-english.com,,ISO-8859-1,utf_8
realnoevremya.ru,utf-8,utf-8,utf_8
realo.be,UTF-8,utf-8,utf_8
realpython.com,utf-8,Windows-1254,utf_8
realsimple.com,utf-8,utf-8,utf_8
realsound.jp,UTF-8,utf-8,utf_8
realtalk.nl,,ascii,ascii
realtid.se,utf-8,utf-8,utf_8
realtor.ca,,ascii,ascii
realtor.com,,ascii,ascii
reanguitar.com,UTF-8,utf-8,utf_8
reassurez-moi.fr,UTF-8,utf-8,utf_8
reatimes.vn,UTF-8,utf-8,utf_8
rebaltica.lv,UTF-8,utf-8,utf_8
rebanando.com,UTF-8,utf-8,utf_8
rebanas.com,UTF-8,ascii,ascii
rebatngo.org,UTF-8,utf-8,utf_8
rebato.no,UTF-8,utf-8,utf_8
rebelsport.co.nz,utf-8,ascii,ascii
rebelsport.com.au,UTF-8,utf-8,utf_8
reblog.hu,UTF-8,utf-8,utf_8
rebooks.org.il,,utf-8,utf_8
rebounderzjacksonville.com,utf-8,ascii,big5
rebuy.de,UTF-8,utf-8,utf_8
recantodasletras.com.br,,Windows-1252,iso8859_14
receitadevovo.com.br,utf-8,utf-8,utf_8
receitas-sem-fronteiras.com,UTF-8,utf-8,utf_8
receitasdeminuto.com,,ascii,ascii
receitasemenus.net,,ascii,ascii
receitasnarede.com,UTF-8,utf-8,utf_8
receitasnestle.com.br,UTF-8,utf-8,utf_8
receiteria.com.br,UTF-8,utf-8,utf_8
recenzer.cz,UTF-8,utf-8,utf_8
recepedia.com,,ascii,ascii
recept.se,UTF-8,utf-8,utf_8
receptai.lt,UTF-8,utf-8,utf_8
receptar.sk,UTF-8,utf-8,utf_8
recepten.se,UTF-8,Windows-1254,utf_8
recepten100.nl,,utf-8,utf_8
receptfavoriter.se,utf-8,utf-8,utf_8
recepti-svijeta.com,UTF-8,utf-8,utf_8
recepti.com,UTF-8,utf-8,utf_8
recepti.hr,utf-8,utf-8,utf_8
recepti365.com,UTF-8,utf-8,utf_8
receptite.com,UTF-8,utf-8,utf_8
receptitenababa.com,UTF-8,utf-8,utf_8
receptkollekcio.com,utf-8,utf-8,utf_8
receptletoltes.hu,UTF-8,utf-8,utf_8
receptmuhely.hu,,ascii,ascii
receptnajedlo.sk,,utf-8,utf_8
receptnajidlo.cz,UTF-8,utf-8,utf_8
receptneked.hu,,utf-8,utf_8
receptopedija.com,UTF-8,utf-8,utf_8
receptoteka.rs,UTF-8,utf-8,utf_8
recepttar.hu,utf-8,ascii,ascii
recepttura.com,UTF-8,utf-8,utf_8
receptvarazs.hu,utf-8,utf-8,utf_8
recepty.bg,,windows-1251,cp1251
recepty.cz,utf-8,utf-8,utf_8
recepty.eu,UTF-8,utf-8,utf_8
receptykulinarium.sk,UTF-8,utf-8,utf_8
receptyonline.cz,UTF-8,utf-8,utf_8
receptyprimanapadu.cz,UTF-8,utf-8,utf_8
recetario.es,UTF-8,utf-8,utf_8
recetasdeescandalo.com,UTF-8,utf-8,utf_8
recetasderechupete.com,UTF-8,utf-8,utf_8
recetasgratis.net,UTF-8,utf-8,utf_8
recetasnestle.com.mx,UTF-8,utf-8,utf_8
recetavenezolana.com,UTF-8,Windows-1254,utf_8
recettes.de,UTF-8,utf-8,utf_8
rechnik.info,UTF-8,utf-8,utf_8
recht.nl,iso-8859-1,Windows-1252,iso8859_10
rechtspraak.nl,utf-8,utf-8,utf_8
recipe-blog.jp,,utf-8,utf_8
recipeci.com,UTF-8,utf-8,utf_8
recipetineats.com,UTF-8,utf-8,utf_8
recipetypes.com,UTF-8,ascii,ascii
reclameaqui.com.br,utf-8,utf-8,utf_8
reclamefolder.nl,utf-8,Windows-1252,utf_8
reclamos.cl,utf-8,utf-8,utf_8
recnik.org,utf-8,utf-8,utf_8
reco.se,UTF-8,utf-8,utf_8
recochoku.jp,UTF-8,utf-8,
recollect.co.nz,UTF-8,ascii,ascii
recomespar.ro,utf-8,ascii,big5
record.com.mx,utf-8,utf-8,utf_8
record.pt,utf-8,utf-8,utf_8
recordere.dk,UTF-8,utf-8,utf_8
recordowl.com,UTF-8,ascii,ascii
recorrido.cl,utf-8,utf-8,utf_8
recruit.se,,ascii,ascii
recruter.tn,UTF-8,Windows-1254,utf_8
recube-best.site,iso-8859-1,ascii,ascii
redaccionmedica.com,UTF-8,utf-8,utf_8
redalyc.org,UTF-8,utf-8,utf_8
redargentina.com.ar,,utf-8,utf_8
redbook.com.au,utf-8,ascii,ascii
redbubble.com,utf-8,utf-8,utf_8
redbull.com,utf-8,utf-8,
redbus.in,utf-8,utf-8,cp863
redcube.lk,UTF-8,ISO-8859-1,utf_8
reddit.com,utf-8,Windows-1254,utf_8
reddoorz.com,utf-8,ascii,ascii
redeangola.info,UTF-8,utf-8,utf_8
redebrasilatual.com.br,UTF-8,utf-8,utf_8
rededorsaoluiz.com.br,utf-8,utf-8,utf_8
redeszone.net,UTF-8,utf-8,utf_8
redfin.ca,,ascii,ascii
redfin.com,,ascii,ascii
redflagdeals.com,UTF-8,utf-8,utf_8
redfoxsanakirja.fi,,utf-8,utf_8
redgol.cl,UTF-8,utf-8,utf_8
redicces.org.sv,,ascii,ascii
rediff.com,,ascii,ascii
redmagisterial.com,utf-8,utf-8,utf_8
redoakcommodityadvisors.com,utf-8,ascii,big5
redportal.rs,,Windows-1254,utf_8
redro.pl,UTF-8,utf-8,utf_8
redsalud.cl,UTF-8,utf-8,utf_8
redstore.am,UTF-8,utf-8,utf_8
redundantdecimate.org,UTF-8,utf-8,utf_8
reduno.com.bo,utf-8,utf-8,utf_8
reduza.com.br,utf-8,utf-8,
redwillemiitilburg.nl,utf-8,ascii,ascii
redzet.eu,,utf-8,utf_8
reed.co.uk,utf-8,utf-8,utf_8
reedsy.com,UTF-8,ascii,ascii
reezocar.be,utf-8,utf-8,cp1125
reezocar.com,utf-8,utf-8,utf_8
referatele.com,,Windows-1252,iso8859_14
referati.org,,utf-8,utf_8
referatite.org,,Windows-1254,utf_8
referee.lv,UTF-8,utf-8,utf_8
reference.com,utf-8,utf-8,utf_8
refinery29.com,utf-8,,
reflex.cz,UTF-8,utf-8,utf_8
reforma.com,,ISO-8859-1,cp1252
reformatus.hu,utf-8,utf-8,utf_8
refra.eu,iso-8859-1,ascii,ascii
refresher.cz,UTF-8,utf-8,utf_8
refresher.sk,UTF-8,utf-8,utf_8
refworld.org,utf-8,utf-8,gb18030
regeringen.se,utf-8,utf-8,utf_8
regiao-sul.pt,UTF-8,utf-8,utf_8
regiaodeleiria.pt,UTF-8,utf-8,utf_8
regielive.ro,UTF-8,utf-8,utf_8
regikonyvek.hu,UTF-8,utf-8,utf_8
reginamaria.ro,UTF-8,utf-8,utf_8
regiobedrijf.nl,UTF-8,utf-8,utf_8
regiodom.pl,utf-8,utf-8,utf_8
regioinbedrijf.nl,utf-8,utf-8,utf_8
regiojatek.hu,UTF-8,utf-8,utf_8
region-du-leman.ch,UTF-8,utf-8,utf_8
region20.com.ar,,ISO-8859-1,cp1252
regionaalhaigla.ee,utf-8,utf-8,utf_8
regionalexpress.hr,UTF-8,utf-8,utf_8
regionalni.com,UTF-8,utf-8,utf_8
regione.abruzzo.it,,ascii,ascii
regione.campania.it,UTF-8,utf-8,utf_8
regione.emilia-romagna.it,utf-8,utf-8,utf_8
regione.lazio.it,LATIN-1,Windows-1252,iso8859_15
regione.lombardia.it,UTF-8,ascii,ascii
regione.sardegna.it,,utf-8,utf_8
regione.toscana.it,UTF-8,utf-8,utf_8
regione.veneto.it,UTF-8,utf-8,utf_8
regionews.at,utf8,utf-8,utf_8
regionh.dk,utf-8,utf-8,utf_8
regionhalland.se,UTF-8,utf-8,utf_8
regionkosice.com,UTF-8,ascii,ascii
regionkronoberg.se,utf-8,UTF-8-SIG,utf_8_sig
regionostergotland.se,utf-8,UTF-8-SIG,
regionsjaelland.dk,utf-8,utf-8,utf_8
regionsjob.com,utf-8,utf-8,utf_8
regionsyddanmark.dk,,Windows-1252,iso8859_9
regionunaujienos.lt,UTF-8,utf-8,utf_8
regionuppsala.se,utf-8,utf-8,utf_8
regionvasterbotten.se,utf-8,utf-8,utf_8
regiowiki.at,UTF-8,utf-8,utf_8
registeruz.sk,,ascii,
registracija-vozila.rs,iso-8859-1,ascii,ascii
registrocivil.gob.ec,UTF-8,utf-8,utf_8
registros19862.cl,UTF-8,utf-8,utf_8
registrucentras.lt,UTF-8,utf-8,utf_8
regitra.lt,utf-8,utf-8,utf_8
regjeringen.no,utf-8,utf-8,utf_8
regmarkets.ru,UTF-8,utf-8,utf_8
regnskapstall.no,utf-8,utf-8,utf_8
regnum.ru,utf-8,utf-8,utf_8
regtorg.ru,,ascii,ascii
rehabilitace.info,UTF-8,utf-8,utf_8
rehovot.muni.il,UTF-8,utf-8,utf_8
reichelt.de,,utf-8,
reiseguiden.no,utf-8,utf-8,utf_8
reisgraag.nl,iso-8859-1,ISO-8859-1,cp1250
reisi.guru,UTF-8,utf-8,utf_8
reisiekspert.ee,UTF-8,utf-8,
reisijutud.com,UTF-8,utf-8,utf_8
reisroutes.be,utf-8,utf-8,utf_8
reitingi.lv,UTF-8,utf-8,utf_8
rejestr.io,UTF-8,utf-8,utf_8
rejtvenylexikon.hu,UTF-8,utf-8,utf_8
reka.ch,utf-8,utf-8,utf_8
rekhta.org,utf-8,utf-8,utf_8
rekhtadictionary.com,utf-8,utf-8,utf_8
rekki.fi,UTF-8,utf-8,utf_8
reklaam.ee,UTF-8,utf-8,utf_8
reklama.lv,,utf-8,utf_8
rekrute.com,UTF-8,utf-8,utf_8
rekrytointi.com,UTF-8,Windows-1254,utf_8
rekurzeme.lv,utf-8,utf-8,utf_8
relaa.com,utf-8,utf-8,utf_8
relaxtrip2018.com,UTF-8,utf-8,utf_8
reliancedigital.in,utf-8,utf-8,utf_8
reliefweb.int,utf-8,utf-8,utf_8
relis.no,utf-8,utf-8,utf_8
rema.no,,ascii,ascii
rema1000.dk,UTF-8,utf-8,utf_8
remab.sk,utf-8,utf-8,utf_8
remaja.my,UTF-8,utf-8,utf_8
remat-mg.ro,utf-8,ascii,big5
remauh.cz,utf-8,utf-8,utf_8
remax-czech.cz,UTF-8,utf-8,utf_8
remax.at,UTF-8,utf-8,utf_8
remax.ca,,utf-8,utf_8
remax.co.za,UTF-8,utf-8,cp1125
remax.com,utf-8,utf-8,utf_8
remax.com.tr,UTF-8,utf-8,utf_8
remax.it,utf-8,utf-8,utf_8
remax.pt,,ascii,ascii
remax.ro,UTF-8,utf-8,utf_8
remediobarato.com,UTF-8,utf-8,utf_8
remediu.ro,utf-8,utf-8,utf_8
remedium.bg,UTF-8,utf-8,
remediumfarm.ro,UTF-8,utf-8,utf_8
remixshop.com,UTF-8,utf-8,utf_8
remoo.ru,UTF-8,utf-8,utf_8
remotvet.ru,UTF-8,utf-8,utf_8
renaud-bray.com,utf-8,utf-8,
renault-bg.com,,ascii,ascii
rencanamu.id,UTF-8,utf-8,utf_8
reneezeylmans.nl,UTF-8,utf-8,latin_1
renkuosilietuva.lt,iso-8859-1,ascii,ascii
reno.ro,iso-8859-2,ISO-8859-1,cp1250
renodepot.com,UTF-8,utf-8,utf_8
renonation.sg,UTF-8,utf-8,utf_8
renovamedikal.com.tr,UTF-8,utf-8,utf_8
renovat.ro,UTF-8,utf-8,utf_8
renovateforum.com,ISO-8859-1,Windows-1252,iso8859_13
rent.com,UTF-8,ascii,
rent.com.au,,ascii,ascii
rent.ie,,ascii,ascii
rentalia.com,UTF-8,utf-8,utf_8
rentcafe.com,utf-8,utf-8,utf_8
renthub.in.th,utf-8,utf-8,utf_8
rentuncle.co.za,UTF-8,utf-8,utf_8
renuane3.com,UTF-8,utf-8,utf_8
repco.co.nz,UTF-8,ascii,
repco.com.au,UTF-8,ascii,
repec.org,,ascii,ascii
replicaonline.ro,UTF-8,utf-8,utf_8
reporteindigo.com,UTF-8,utf-8,utf_8
reporteinmobiliario.com,iso-8859-1,ISO-8859-1,hp_roman8
reporter.com.cy,utf-8,utf-8,utf_8
reporter.gr,UTF-8,utf-8,utf_8
reporter.si,UTF-8,utf-8,utf_8
repretel.com,UTF-8,utf-8,utf_8
repubblica.it,utf-8,utf-8,utf_8
republica.com,UTF-8,utf-8,utf_8
republica.gt,UTF-8,utf-8,utf_8
republica.ro,UTF-8,utf-8,utf_8
republicain-lorrain.fr,utf-8,Windows-1252,utf_8
republicworld.com,UTF-8,utf-8,utf_8
republika.co.id,UTF-8,utf-8,utf_8
republika.rs,UTF-8,utf-8,utf_8
requaluonne.com,UTF-8,utf-8,utf_8
rescateanimalmarinaalta.org,utf-8,ascii,big5
rescue.ee,,utf-8,utf_8
researchgate.net,utf-8,ISO-8859-1,utf_8
researchmap.jp,UTF-8,utf-8,utf_8
researchsnipers.com,UTF-8,utf-8,utf_8
researchweb.org,,ascii,ascii
reseau-canope.fr,utf-8,Windows-1254,cp1252
reseguiden.se,utf-8,utf-8,utf_8
resemom.jp,utf-8,utf-8,utf_8
resene.co.nz,UTF-8,utf-8,utf_8
resepkoki.id,UTF-8,utf-8,utf_8
resepmasakanku.net,,ascii,ascii
reseptiohje.com,utf-8,Windows-1254,iso8859_9
reseptitaivas.fi,UTF-8,utf-8,utf_8
reserved.com,,utf-8,utf_8
reserving.com,UTF-8,utf-8,utf_8
resh.edu.ru,UTF-8,utf-8,utf_8
reshopper.com,utf8,utf-8,utf_8
residence-plein-soleil.com,utf-8,ascii,big5
residences.in.th,utf-8,utf-8,ptcp154
residenzak1.it,,utf-8,utf_8
resmigazete.gov.tr,utf-8,utf-8,utf_8
respekt.cz,utf-8,utf-8,utf_8
response.jp,utf-8,utf-8,utf_8
respublica.ru,utf-8,utf-8,utf_8
respublika.lt,UTF-8,utf-8,utf_8
ressourcen.dk,,ascii,ascii
restartme.it,,ascii,ascii
restate.ru,UTF-8,ascii,ascii
restaurangkartan.se,,utf-8,utf_8
restaurangtoppen.se,iso-8859-1,ascii,ascii
restaurant.info,utf-8,utf-8,utf_8
restaurantbuffalo.dk,,ascii,ascii
restaurantconti.ro,utf-8,ascii,big5
restauranterinorge.com,UTF-8,utf-8,iso8859_9
restaurantguru.com,utf-8,ascii,ascii
restaurantguru.com.br,utf-8,ascii,ascii
restaurantguru.it,utf-8,ascii,ascii
restauranthub.co.nz,utf-8,utf-8,utf_8
restaurantji.com,UTF-8,utf-8,utf_8
restaurants.nl,,utf-8,utf_8
restaurantscorner.com,UTF-8,utf-8,utf_8
restauranttester.at,utf-8,utf-8,utf_8
resto.be,UTF-8,utf-8,big5
restoclub.ru,UTF-8,Windows-1254,utf_8
restoranking.fr,utf-8,utf-8,utf_8
restplatzboerse.at,utf-8,utf-8,utf_8
restu.cz,utf-8,utf-8,utf_8
restu.hu,utf-8,utf-8,utf_8
restu.sk,utf-8,utf-8,utf_8
restudy.dk,UTF-8,utf-8,utf_8
result.pk,UTF-8,ascii,ascii
resultadosdigitais.com.br,,ascii,ascii
resume.se,utf-8,utf-8,utf_8
ret.co.il,utf-8,utf-8,utf_8
retail.ro,UTF-8,utf-8,utf_8
retail.ru,UTF-8,utf-8,utf_8
retaildetail.be,utf-8,utf-8,utf_8
retailmenot.com,UTF-8,ascii,ascii
retailnews.dk,UTF-8,utf-8,utf_8
retailtrends.nl,UTF-8,utf-8,utf_8
reteimprese.it,utf-8,,utf-8
retete-gustoase.ro,UTF-8,utf-8,utf_8
retete-usoare.info,UTF-8,utf-8,utf_8
retetepractice.ro,UTF-8,UTF-8-SIG,utf_8_sig
retikul.hu,UTF-8,utf-8,utf_8
retkipaikka.fi,UTF-8,utf-8,utf_8
retro.bg,UTF-8,utf-8,utf_8
retseptisahtel.ee,UTF-8,utf-8,utf_8
retsinformation.dk,,ascii,ascii
retten.no,utf-8,Windows-1254,utf_8
retty.co.th,utf-8,Windows-1254,
retty.me,UTF-8,utf-8,utf_8
reumaliitto.fi,UTF-8,utf-8,utf_8
reuters.com,utf-8,utf-8,utf_8
revbul.com,UTF-8,utf-8,utf_8
revenue.ie,,ascii,ascii
reverseaustralia.com,UTF-8,ascii,ascii
reverso.net,,utf-8,utf_8
reviewaraidee.com,UTF-8,utf-8,utf_8
reviewbox.com.br,UTF-8,utf-8,utf_8
reviewchiangmai.com,UTF-8,utf-8,utf_8
revieweuro.com,UTF-8,,utf-8
reviewit.pk,UTF-8,utf-8,utf_8
reviews.org,UTF-8,utf-8,utf_8
reviewsaudi.com,UTF-8,,utf-8
revija-vita.com,UTF-8,utf-8,utf_8
revijahak.hr,UTF-8,utf-8,utf_8
revijazamojezdravje.si,UTF-8,utf-8,utf_8
revijazarja.si,UTF-8,utf-8,utf_8
revista.inf.br,,utf-8,utf_8
revistaad.es,UTF-8,utf-8,utf_8
revistaartesanato.com.br,UTF-8,Windows-1252,cp1252
revistabiz.ro,UTF-8,utf-8,utf_8
revistabula.com,UTF-8,utf-8,utf_8
revistadiners.com.co,UTF-8,utf-8,utf_8
revistaespacios.com,,utf-8,utf_8
revistagalenus.ro,UTF-8,utf-8,utf_8
revistagestion.ec,UTF-8,utf-8,utf_8
revistagq.com,utf-8,utf-8,utf_8
revistalideres.ec,UTF-8,utf-8,utf_8
revistasbolivianas.org.bo,,utf-8,utf_8
revistasumma.com,UTF-8,utf-8,utf_8
revistavanityfair.es,UTF-8,utf-8,utf_8
revita.bg,utf-8,utf-8,utf_8
revizoronline.com,UTF-8,utf-8,utf_8
revlucija.com,UTF-8,utf-8,utf_8
revmed.ch,UTF-8,utf-8,utf_8
revngo.com,UTF-8,utf-8,utf_8
rew.ca,utf-8,utf-8,utf_8
rewardia.com.au,utf-8,utf-8,cp932
rewe.de,UTF-8,utf-8,
rewind.sk,UTF-8,utf-8,utf_8
rexbo.lt,UTF-8,ascii,ascii
rexter.cz,UTF-8,Windows-1254,utf_8
rezekne.lv,,ascii,ascii
rezeknesnovads.lv,UTF-8,utf-8,utf_8
rezeptwelt.de,UTF-8,utf-8,utf_8
rezervaciq.com,utf-8,utf-8,utf_8
rezervesdalas24.lv,UTF-8,ascii,ascii
rezerviraj.hr,UTF-8,utf-8,utf_8
rezervniavtodeli24.si,UTF-8,ascii,ascii
rezka.ag,UTF-8,utf-8,utf_8
rezultati.com,UTF-8,utf-8,
rfa.org,,ascii,ascii
rfi.fr,,ascii,ascii
rfi.ro,utf-8,utf-8,utf_8
rfj.ch,utf-8,utf-8,utf_8
rfzo.rs,utf-8,UTF-8-SIG,utf_8_sig
rg.ru,utf-8,utf-8,utf_8
rgboutique.it,,utf-8,utf_8
rgj.com,utf-8,utf-8,utf_8
rheinpfalz.de,utf-8,utf-8,utf_8
rhportal.com.br,UTF-8,utf-8,utf_8
rhs.org.uk,utf-8,utf-8,utf_8
rhymezone.com,UTF-8,ascii,ascii
ria.com,utf-8,ascii,ascii
ria.ru,utf-8,utf-8,utf_8
riachuelo.com.br,,ascii,ascii
riamo.ru,UTF-8,utf-8,utf_8
riavrn.ru,UTF-8,utf-8,utf_8
ribnica24.eu,UTF-8,utf-8,utf_8
ricardo.ch,utf-8,utf-8,cp1252
ricardocuisine.com,utf-8,utf-8,utf_8
ricardoeletro.com.br,ISO-8859-1,ISO-8859-1,cp1252
ricebowl.my,utf-8,ISO-8859-1,utf_8
ricetta.it,utf-8,utf-8,utf_8
ricettario-bimby.it,UTF-8,utf-8,utf_8
ricettasprint.it,UTF-8,utf-8,utf_8
ricette100.it,,utf-8,utf_8
ricettedalmondo.it,utf-8,utf-8,utf_8
ricettedellanonna.net,UTF-8,utf-8,utf_8
ricetteperbimby.it,UTF-8,utf-8,utf_8
richmondfuture.org,utf-8,ascii,big5
richtlijnendatabase.nl,UTF-8,utf-8,utf_8
ricmais.com.br,UTF-8,utf-8,utf_8
rid.go.th,,ascii,ascii
ridikul.hu,UTF-8,utf-8,utf_8
rieltor.ua,UTF-8,utf-8,utf_8
riemurasia.net,utf-8,utf-8,utf_8
rieoei.org,utf-8,utf-8,utf_8
riepulideris.lv,utf-8,utf-8,utf_8
riga-airport.com,UTF-8,utf-8,utf_8
riga.lv,UTF-8,utf-8,utf_8
rigaslaiks.lv,UTF-8,utf-8,utf_8
rigassatiksme.lv,UTF-8,utf-8,utf_8
rigasveseliba.lv,UTF-8,utf-8,utf_8
rightmove.co.uk,ISO-8859-1,ascii,ascii
rigla.ru,,ascii,ascii
rigshospitalet.dk,utf-8,utf-8,utf_8
rihappy.com.br,utf-8,utf-8,utf_8
riigikogu.ee,UTF-8,utf-8,utf_8
riigiteataja.ee,UTF-8,utf-8,utf_8
riihimaki.fi,UTF-8,utf-8,utf_8
riimc.lv,,ascii,ascii
rijeka.hr,UTF-8,utf-8,utf_8
rijksmuseum.nl,utf-8,ascii,ascii
rijksoverheid.nl,UTF-8,utf-8,utf_8
rijnmond.nl,utf-8,utf-8,utf_8
rik.ee,utf-8,utf-8,utf_8
riksarkivet.se,utf-8,utf-8,utf_8
riksdagen.se,utf-8,UTF-8-SIG,utf_8_sig
rikushet.co.il,UTF-8,utf-8,utf_8
rilpedia.org,utf-8,ascii,ascii
rimava.sk,UTF-8,utf-8,utf_8
rimi.ee,UTF-8,utf-8,
rimi.lt,UTF-8,utf-8,
rimi.lv,UTF-8,utf-8,
rincondelvago.com,utf-8,utf-8,utf_8
ring.org.ua,utf-8,utf-8,utf_8
ringaraja.net,,utf-8,utf_8
ringblad.no,utf-8,utf-8,utf_8
ringeraja.ba,,utf-8,utf_8
ringeraja.hr,,utf-8,utf_8
ringeraja.rs,,utf-8,utf_8
ringgitplus.com,utf-8,ISO-8859-1,utf_8
ringmobi.com,UTF-8,ascii,ascii
ringsted.dk,utf-8,utf-8,utf_8
rinka.lt,UTF-8,utf-8,utf_8
rinkosaikste.lt,UTF-8,utf-8,utf_8
rinta-jouppi.com,,utf-8,utf_8
rintamamiestalo.fi,UTF-8,utf-8,utf_8
rio.bg,UTF-8,utf-8,utf_8
rio.rj.gov.br,UTF-8,utf-8,utf_8
rionegro.com.ar,UTF-8,utf-8,utf_8
rionegro.gov.ar,,utf-8,utf_8
rip.ie,UTF-8,utf-8,utf_8
ripley.cl,UTF-8,utf-8,
ripley.com.pe,utf-8,utf-8,utf_8
ripost.hu,UTF-8,utf-8,utf_8
risco.ro,UTF-8,Windows-1252,utf_8
riseba.lv,UTF-8,utf-8,utf_8
risingbd.com,UTF-8,utf-8,utf_8
riskommunal.net,utf-8,utf-8,cp775
risorseimmobiliari.it,,utf-8,utf_8
ristekbrin.go.id,UTF-8,utf-8,utf_8
ristorantedatonino.it,,ascii,ascii
ristorantefricandoagazzano.it,,ascii,ascii
ristorantelafamiglia.com.au,UTF-8,ascii,ascii
risy.cz,UTF-8,utf-8,utf_8
ritakafija.lv,UTF-8,utf-8,utf_8
ritlen.ru,UTF-8,utf-8,utf_8
rito.dk,utf-8,Windows-1254,utf_8
ritzau.dk,UTF-8,utf-8,utf_8
riverisland.com,utf-8,utf-8,utf_8
riviu.vn,utf-8,Windows-1254,
rivm.nl,UTF-8,utf-8,utf_8
riyadbank.com,utf-8,utf-8,utf_8
riyapola.com,UTF-8,utf-8,utf_8
riyasewana.com,UTF-8,ascii,ascii
riznicasrpska.net,,ascii,ascii
rizospastis.gr,UTF-8,utf-8,utf_8
rjeem.com,UTF-8,utf-8,utf_8
rjl.se,utf-8,utf-8,utf_8
rkalert.in,UTF-8,utf-8,utf_8
rkc.si,UTF-8,utf-8,utf_8
rkligonine.lt,UTF-8,utf-8,utf_8
rksk.dk,utf-8,utf-8,utf_8
rlp.de,utf-8,utf-8,utf_8
rlsnet.ru,windows-1251,windows-1251,cp1251
rm.dk,utf-8,utf-8,utf_8
rmf.fm,ISO-8859-2,ISO-8859-1,iso8859_2
rmf24.pl,UTF-8,utf-8,utf_8
rmfmaxxx.pl,utf-8,Windows-1254,utf_8
rmit.edu.au,utf-8,utf-8,utf_8
rmj.ru,UTF-8,utf-8,utf_8
rmk.ee,utf-8,utf-8,utf_8
rmmg.org,utf-8,utf-8,cp1252
rmol.id,UTF-8,ISO-8859-1,utf_8
rmp.ee,iso-8859-1,ascii,ascii
rmserviss.lv,UTF-8,utf-8,utf_8
rmu.ac.th,UTF-8,utf-8,utf_8
rmuti.ac.th,UTF-8,utf-8,utf_8
rmutl.ac.th,UTF-8,utf-8,utf_8
rmutp.ac.th,UTF-8,utf-8,utf_8
rmutphysics.com,us-ascii,ascii,ascii
rmutsb.ac.th,,utf-8,utf_8
rmutsv.ac.th,,ascii,ascii
rmutt.ac.th,,ascii,ascii
rmwcondos.com,utf-8,ascii,big5
rn.dk,utf-8,utf-8,utf_8
rnd.de,UTF-8,utf-8,utf_8
rnparvaldnieks.lv,UTF-8,utf-8,utf_8
rnz.co.nz,utf-8,utf-8,utf_8
rnz.de,utf-8,utf-8,utf_8
ro-geo.ro,utf-8,ascii,big5
roadtrippers.com,,ascii,ascii
roar.media,utf-8,ascii,
robadadonne.it,UTF-8,utf-8,utf_8
robbreport.com.sg,UTF-8,utf-8,utf_8
robertdyas.co.uk,UTF-8,utf-8,utf_8
robiebooks.com,utf-8,ascii,big5
robinson.co.th,utf-8,utf-8,utf_8
robsoft.nu,UTF-8,utf-8,utf_8
rocha.gub.uy,,ascii,ascii
rochester.edu,,utf-8,utf_8
rockabillyart.com,utf-8,ascii,big5
rockandpop.cl,,utf-8,utf_8
rockcontent.com,UTF-8,utf-8,utf_8
rocketnews24.com,UTF-8,utf-8,utf_8
rocketreach.co,utf-8,utf-8,
rockinon.com,utf-8,utf-8,utf_8
rockit.it,UTF-8,utf-8,utf_8
rockol.com,UTF-8,utf-8,utf_8
rockol.it,UTF-8,utf-8,utf_8
rockpoint.cz,UTF-8,utf-8,utf_8
roda.hr,UTF-8,utf-8,utf_8
roda.rs,UTF-8,UTF-8-SIG,utf_8_sig
rodekors.no,utf-8,utf-8,
rodelillo.cl,UTF-8,utf-8,utf_8
rodi.nl,utf-8,utf-8,utf_8
rodiaki.gr,UTF-8,ascii,ascii
rodina.cz,,ascii,ascii
rodinka.sk,utf-8,utf-8,utf_8
roditel.bg,UTF-8,utf-8,utf_8
roditelji.hr,UTF-8,utf-8,utf_8
roditelji.me,UTF-8,utf-8,utf_8
roditeljsrbija.com,UTF-8,utf-8,utf_8
rodopi24.blogspot.com,UTF-8,utf-8,utf_8
rodzice.pl,UTF-8,utf-8,utf_8
roede.com,,utf-8,utf_8
rogerebert.com,utf-8,utf-8,utf_8
rohlik.cz,UTF-8,ascii,ascii
rojakdaily.com,utf-8,Windows-1254,utf_8
rokiskiosirena.lt,UTF-8,utf-8,utf_8
rokomari.com,UTF-8,IBM866,utf_8
roksh.com,,utf-8,utf_8
rol.co.il,UTF-8,utf-8,utf_8
roladin.co.il,,ascii,ascii
rolexforum.ru,utf-8,utf-8,utf_8
roller.de,UTF-8,utf-8,utf_8
rollingpin.at,UTF-8,utf-8,utf_8
rollingstone.com,UTF-8,utf-8,utf_8
rollingstone.de,UTF-8,utf-8,utf_8
rollingstone.it,UTF-8,utf-8,utf_8
roma.rs,UTF-8,ascii,ascii
romania-actualitati.ro,UTF-8,utf-8,utf_8
romania-insider.com,UTF-8,utf-8,utf_8
romanialibera.ro,UTF-8,utf-8,utf_8
romaniatv.net,UTF-8,utf-8,utf_8
romatoday.it,utf-8,utf-8,utf_8
rome2rio.com,utf-8,utf-8,cp1125
romedic.ro,UTF-8,utf-8,utf_8
romimo.ro,utf-8,ascii,ascii
romjob.ro,utf-8,utf-8,utf_8
romstal.ro,,ascii,ascii
rona.ca,UTF-8,utf-8,utf_8
rondel.pl,UTF-8,utf-8,utf_8
rongbay.com,UTF-8,utf-8,utf_8
ronhaleber.nl,utf-8,ascii,ascii
ronis.hr,utf-8,utf-8,utf_8
ronnes-degruijter.nl,utf-8,ascii,ascii
ronnie.cz,,Windows-1254,cp1250
ronorp.net,utf-8,Windows-1252,iso8859_10
rontimmerwerk.nl,UTF-8,utf-8,utf_8
ronyohananov.com,UTF-8,utf-8,utf_8
roojai.com,UTF-8,utf-8,utf_8
roomclip.jp,utf-8,utf-8,utf_8
roomed.nl,UTF-8,utf-8,utf_8
roomie.jp,UTF-8,utf-8,utf_8
rooms.bg,UTF-8,utf-8,utf_8
roomsforafrica.com,ISO-8859-1,ascii,ascii
root.cz,UTF-8,utf-8,utf_8
rootstudio.es,UTF-8,Windows-1252,utf_8
ropazi.lv,UTF-8,utf-8,utf_8
ropdf.info,UTF-8,utf-8,utf_8
rosaelyoussef.com,utf-8,utf-8,utf_8
rosario.gob.ar,utf-8,utf-8,utf_8
rosario3.com,UTF-8,utf-8,
rosariogarage.com,iso-8859-1,ISO-8859-1,cp1252
rosh-haayin.muni.il,,ascii,ascii
rosheta.com,utf-8,utf-8,utf_8
roskilde.dk,utf-8,utf-8,utf_8
rospotrebnadzor.ru,windows-1251,windows-1251,cp1251
rossaprimavera.ru,,utf-8,
rossmann.com.tr,UTF-8,utf-8,utf_8
rossmann.cz,utf-8,utf-8,utf_8
rossmann.de,UTF-8,utf-8,utf_8
rossmann.hu,UTF-8,utf-8,utf_8
rossmann.pl,,utf-8,utf_8
rosuchebnik.ru,UTF-8,utf-8,utf_8
rotana.net,UTF-8,utf-8,utf_8
rotanaprojects.com,utf-8,ascii,big5
rotise.gr,,utf-8,utf_8
rotteml.com,UTF-8,Windows-1254,utf_8
rottentomatoes.com,,ascii,ascii
rotter.name,,utf-8,utf_8
rotter.net,,windows-1255,cp1255
rotter.se,utf-8,utf-8,utf_8
rotterdam.nl,UTF-8,utf-8,utf_8
roundmenu.com,UTF-8,utf-8,utf_8
routard.com,utf-8,utf-8,utf_8
route.nl,UTF-8,utf-8,utf_8
routeyou.com,UTF-8,utf-8,utf_8
routledge.com,UTF-8,ascii,ascii
rovaniemi.fi,utf-8,utf-8,utf_8
rowadalaamal.com,UTF-8,utf-8,utf_8
rowadbusiness.com,UTF-8,utf-8,utf_8
rowladyland.com,UTF-8,ISO-8859-1,utf_8
roy2a.com,UTF-8,utf-8,utf_8
roya.tv,UTF-8,utf-8,utf_8
royaldesign.dk,utf-8,utf-8,utf_8
royaldesign.no,utf-8,utf-8,utf_8
royaldesign.se,utf-8,utf-8,utf_8
royallepage.ca,utf-8,utf-8,utf_8
royallib.com,utf-8,utf-8,utf_8
royalsocietypublishing.org,utf-8,utf-8,
royalthaipolice.go.th,utf-8,utf-8,utf_8
royanews.tv,UTF-8,utf-8,utf_8
rozee.pk,UTF-8,ascii,ascii
rozenfeld.co.il,UTF-8,utf-8,utf_8
rozetka.com.ua,utf-8,Windows-1254,utf_8
rozhlas.cz,,utf-8,utf_8
rp-online.de,UTF-8,utf-8,utf_8
rp.pl,windows-1250,Windows-1254,cp1250
rp5.ru,UTF-8,utf-8,utf_8
rpls.si,utf-8,utf-8,gb18030
rpo.gov.pl,utf-8,utf-8,utf_8
rpp.pe,UTF-8,utf-8,utf_8
rqeeqa.com,UTF-8,utf-8,utf_8
rree.gob.sv,UTF-8,utf-8,utf_8
rri.co.id,UTF-8,utf-8,utf_8
rri.ro,UTF-8,utf-8,utf_8
rrif.hr,UTF-8,utf-8,utf_8
rrr.co.il,utf-8,Windows-1254,utf_8
rrr.lt,utf-8,utf-8,utf_8
rs-plovdiv.com,UTF-8,utf-8,utf_8
rsc.org,utf-8,utf-8,utf_8
rshb.ru,UTF-8,utf-8,utf_8
rsi.ch,UTF-8,utf-8,utf_8
rspdf.info,UTF-8,utf-8,utf_8
rssing.com,UTF-8,utf-8,utf_8
rst.ua,windows-1251,windows-1251,cp1251
rsu.ac.th,,utf-8,utf_8
rsu.lv,UTF-8,utf-8,utf_8
rsvid.info,UTF-8,Windows-1254,utf_8
rsvplive.ie,,ascii,ascii
rt.com,UTF-8,utf-8,utf_8
rt.ru,UTF-8,utf-8,utf_8
rta.ae,,ascii,ascii
rta.lv,UTF-8,utf-8,utf_8
rtaf.mi.th,utf-8,utf-8,shift_jis_2004
rtarf.mi.th,,TIS-620,iso8859_11
rtbf.be,utf-8,utf-8,utf_8
rtcg.me,UTF-8,utf-8,utf_8
rtdco.ru,,utf-8,utf_8
rte.ie,utf-8,utf-8,utf_8
rti.org.tw,UTF-8,utf-8,utf_8
rtl.be,UTF-8,UTF-8-SIG,utf_8_sig
rtl.de,utf-8,utf-8,utf_8
rtl.fr,UTF-8,utf-8,utf_8
rtl.hr,UTF-8,utf-8,utf_8
rtl.hu,utf-8,utf-8,utf_8
rtlboulevard.nl,,ascii,ascii
rtlnieuws.nl,,ascii,ascii
rtlxl.nl,,ascii,ascii
rtp.pt,ISO-8859-1,Windows-1252,cp1252
rtrp.jp,utf-8,utf-8,utf_8
rtrs.tv,UTF-8,utf-8,utf_8
rts-tender.ru,utf-8,utf-8,utf_8
rts.ch,UTF-8,utf-8,utf_8
rts.rs,UTF-8,utf-8,utf_8
rtsplaneta.rs,utf-8,utf-8,utf_8
rtu.com.ec,,ascii,ascii
rtu.lv,UTF-8,utf-8,utf_8
rtv.be,utf-8,utf-8,utf_8
rtv.rs,UTF-8,utf-8,utf_8
rtvbn.com,UTF-8,utf-8,utf_8
rtvbudva.me,UTF-8,utf-8,utf_8
rtvdrenthe.nl,utf-8,utf-8,utf_8
rtve.es,,ascii,ascii
rtvmaniak.pl,UTF-8,utf-8,utf_8
rtvnoord.nl,utf-8,utf-8,utf_8
rtvonline.com,UTF-8,utf-8,utf_8
rtvoost.nl,utf-8,utf-8,utf_8
rtvs.sk,UTF-8,utf-8,utf_8
rtvslo.si,,ascii,ascii
rtvutrecht.nl,,Windows-1252,cp1125
rtwab.com,UTF-8,Windows-1254,utf_8
ru-music.com,UTF-8,utf-8,utf_8
ru.ac.za,,ascii,ascii
ru.lv,UTF-8,utf-8,utf_8
ru.nl,utf-8,utf-8,utf_8
ruachtova.org.il,UTF-8,utf-8,utf_8
ruangguru.com,utf-8,utf-8,utf_8
ruarrijoseph.com,UTF-8,utf-8,utf_8
rubberlesque.com,utf-8,ascii,big5
rubese.net,UTF-8,utf-8,utf_8
rubrikator.org,UTF-8,utf-8,utf_8
rubrikk.no,utf-8,utf-8,utf_8
ruc.dk,UTF-8,utf-8,utf_8
rucecuador.com,UTF-8,utf-8,utf_8
rudersdal.dk,,ascii,ascii
rudn.ru,UTF-8,ascii,ascii
rue20.com,UTF-8,utf-8,utf_8
rueducommerce.fr,UTF-8,utf-8,utf_8
rug.nl,UTF-8,ascii,ascii
ruh.ac.lk,utf-8,utf-8,utf_8
ruhr24.de,utf-8,utf-8,utf_8
ruhrnachrichten.de,utf-8,utf-8,utf_8
rujiena.lv,,utf-8,utf_8
rukita.co,utf-8,Windows-1254,utf_8
rukkola.hu,utf-8,utf-8,utf_8
ruling.co.il,utf-8,utf-8,utf_8
rulit.me,UTF-8,utf-8,utf_8
rumah.com,UTF-8,ascii,ascii
rumahdijual.com,UTF-8,Windows-1254,utf_8
rumaysho.com,UTF-8,utf-8,utf_8
rumba.fi,,ascii,ascii
rumbo.es,utf-8,utf-8,utf_8
rumboeconomico.net,iso-8859-1,ascii,ascii
rumenestrani.si,UTF-8,utf-8,utf_8
rumonline.net,utf-8,utf-8,utf_8
rumusrumus.com,UTF-8,ISO-8859-1,utf_8
rund-ums-baby.de,,ISO-8859-1,cp1250
rundale.lv,UTF-8,utf-8,utf_8
rundschau-online.de,UTF-8,utf-8,utf_8
runeberg.org,,ISO-8859-1,cp1252
rung.vn,,ascii,ascii
runnersworld.com,UTF-8,utf-8,utf_8
runrun.es,UTF-8,utf-8,utf_8
ruoanhinta.fi,UTF-8,utf-8,utf_8
ruohonjuuri.fi,utf-8,utf-8,utf_8
ruokatieto.fi,utf-8,utf-8,utf_8
ruokavirasto.fi,utf-8,utf-8,utf_8
rup.ee,UTF-8,utf-8,utf_8
ruparupa.com,,ascii,ascii
rurubu.jp,utf-8,utf-8,utf_8
rurubu.travel,utf-8,utf-8,utf_8
rusprofile.ru,utf-8,utf-8,utf_8
russianfood.com,windows-1251,windows-1251,cp1251
rusta.com,utf-8,UTF-8-SIG,utf_8_sig
rustica.fr,UTF-8,utf-8,utf_8
ruta0.com,utf-8,utf-8,utf_8
rutamotor.com,UTF-8,Windows-1252,utf_8
rutgers.edu,UTF-8,utf-8,utf_8
rutube.ru,,ascii,ascii
rutxt.ru,utf-8,utf-8,utf_8
ruutu.fi,,utf-8,utf_8
ruvik.co.il,utf-8,utf-8,
ruyaanlami.com,UTF-8,utf-8,utf_8
ruyatabirleri.gen.tr,UTF-8,utf-8,utf_8
ruzinov.sk,utf-8,utf-8,utf_8
rvn.se,utf-8,UTF-8-SIG,utf_8_sig
rvo.nl,utf-8,utf-8,utf_8
rvp.cz,UTF-8,utf-8,utf_8
rvt.lv,,ascii,ascii
rwth-aachen.de,,,utf-8
rxlist.com,,ascii,ascii
rxwab.com,UTF-8,Windows-1254,utf_8
ryanscomputers.com,UTF-8,utf-8,utf_8
rydo.ru,utf-8,utf-8,utf_8
rynekpierwotny.pl,utf-8,utf-8,utf_8
rynekzdrowia.pl,UTF-8,utf-8,utf_8
ryoiireview.com,utf-8,UTF-8-SIG,utf_8_sig
ryt9.com,UTF-8,utf-8,utf_8
ryutsuu.biz,UTF-8,utf-8,utf_8
rzgmu.ru,UTF-8,UTF-8-SIG,utf_8_sig
s-ge.com,UTF-8,utf-8,utf_8
s-kanava.fi,utf-8,utf-8,utf_8
s-n.no,UTF-8,utf-8,utf_8
s-oman.net,UTF-8,utf-8,utf_8
s-style.be,utf-8,utf-8,utf_8
s3waas.gov.in,UTF-8,ascii,ascii
s5tech.net,UTF-8,UTF-8-SIG,utf_8_sig
sa-venues.com,ISO-8859-1,Windows-1252,iso8859_13
sa.lt,UTF-8,utf-8,utf_8
sa.no,utf-8,utf-8,utf_8
saab-nieuwkoop.online,UTF-8,utf-8,utf_8
saabclub.fi,UTF-8,utf-8,utf_8
saabiklubi.ee,utf-8,utf-8,utf_8
saaecearamirim.com.br,UTF-8,utf-8,utf_8
saaid.net,,ISO-8859-9,cp1256
saarbruecker-zeitung.de,UTF-8,utf-8,utf_8
saarlane.ee,,Windows-1252,iso8859_9
saartehaal.ee,utf-8,utf-8,utf_8
saastopankki.fi,utf-8,utf-8,utf_8
sabado.pt,utf-8,utf-8,utf_8
sabah.com.tr,,utf-8,utf_8
sabaharabi.com,UTF-8,utf-8,utf_8
saberespractico.com,UTF-8,Windows-1254,utf_8
saberviver.pt,,ascii,ascii
sabervivirtv.com,utf-8,utf-8,utf_8
sabor.hr,UTF-8,utf-8,utf_8
saboresajinomoto.com.br,UTF-8,utf-8,utf_8
saborintenso.com,,ascii,ascii
sabq.org,UTF-8,Windows-1254,utf_8
sabresim.co.il,utf-8,utf-8,utf_8
sac-cas.ch,utf-8,utf-8,utf_8
sac.or.th,UTF-8,utf-8,utf_8
sachbaitap.com,UTF-8,utf-8,utf_8
sachgiaibaitap.com,UTF-8,utf-8,utf_8
sachsen-anhalt.de,utf-8,utf-8,utf_8
sachsen.de,UTF-8,UTF-8-SIG,utf_8_sig
saco.sa,UTF-8,utf-8,utf_8
sadafah.com,,ISO-8859-9,cp1256
sadikanadom.si,UTF-8,utf-8,utf_8
sadursme.lv,UTF-8,utf-8,utf_8
saechsische.de,UTF-8,utf-8,utf_8
saeima.lv,UTF-8,utf-8,utf_8
saf.co.il,UTF-8,utf-8,utf_8
safaricom.co.ke,utf-8,utf-8,utf_8
safarinow.com,utf-8,utf-8,utf_8
safeforpc.com,UTF-8,utf-8,utf_8
safehavenhomeinspect.com,utf-8,ascii,big5
safetysolutions.lv,UTF-8,utf-8,utf_8
saflii.org,,ascii,ascii
saga-s.co.jp,utf-8,utf-8,utf_8
saga.co.uk,utf-8,utf-8,utf_8
sagepub.com,utf-8,utf-8,utf_8
sageyogact.com,utf-8,ascii,big5
sagit.cz,,Windows-1252,cp1250
sagligabiradim.com,utf-8,utf-8,utf_8
sagligim.gov.tr,utf-8,utf-8,utf_8
saglik.gov.tr,utf-8,utf-8,utf_8
saglikaktuel.com,UTF-8,Windows-1254,iso8859_9
sahadan.com,utf-8,utf-8,utf_8
saharareporters.com,utf-8,utf-8,utf_8
sahealth.sa.gov.au,UTF-8,utf-8,utf_8
sahhawhana.com,,utf-8,utf_8
sahkonumerot.fi,"""UTF-8""",utf-8,utf_8
sahlgrenska.se,utf-8,utf-8,utf_8
sahometraders.co.za,utf-8,utf-8,utf_8
sahubs.com,UTF-8,utf-8,utf_8
saib.com.sa,UTF-8,utf-8,utf_8
saigonvina.edu.vn,utf-8,UTF-8-SIG,utf_8_sig
saij.gob.ar,UTF-8,utf-8,utf_8
sailorsforsailors.nl,utf-8,ascii,ascii
saimnieks.lv,UTF-8,utf-8,utf_8
sainsburys.co.uk,,utf-8,utf_8
saint-flour-communaute.fr,UTF-8,utf-8,utf_8
saintif.com,UTF-8,ISO-8859-1,utf_8
saiyasune.com,iso-8859-1,ascii,ascii
sakarya.edu.tr,utf-8,UTF-8-SIG,utf_8_sig
sakaryahostel.com,utf-8,ascii,big5
sakh.com,utf-8,utf-8,utf_8
sakidori.co,UTF-8,utf-8,utf_8
sakigake.jp,UTF-8,utf-8,utf_8
sakshi.com,utf-8,utf-8,utf_8
sakura.ne.jp,UTF-8,utf-8,utf_8
sakuvald.ee,UTF-8,utf-8,utf_8
salacgriva.lv,UTF-8,utf-8,utf_8
salamadian.com,UTF-8,utf-8,utf_8
salaodocarro.com.br,UTF-8,utf-8,utf_8
salasarpackagingsolution.com,utf-8,ascii,big5
salasnovads.lv,UTF-8,utf-8,utf_8
salcininkai.lt,utf-8,utf-8,utf_8
salcobrand.cl,utf-8,utf-8,utf_8
salegoodth.com,UTF-8,utf-8,utf_8
salehere.co.th,utf-8,utf-8,utf_8
saleme.lk,UTF-8,utf-8,utf_8
salepepe.it,UTF-8,utf-8,utf_8
salernocorallorooms.it,,ascii,ascii
salesforce.com,,utf-8,utf_8
saletur.ru,UTF-8,UTF-8-SIG,utf_8_sig
salezone.vn,utf-8,UTF-8-SIG,utf_8_sig
salidzini.lv,utf-8,utf-8,utf_8
salir.com,UTF-8,utf-8,utf_8
salkunrakentaja.fi,UTF-8,utf-8,utf_8
salla.sa,UTF-8,utf-8,utf_8
salling.dk,utf-8,utf-8,utf_8
salomon.si,UTF-8,utf-8,utf_8
salon24.pl,utf-8,utf-8,utf_8
salonpohistva.si,UTF-8,utf-8,utf_8
saloona.co.il,UTF-8,utf-8,utf_8
salsaloca.be,,ascii,ascii
salto.gub.uy,utf-8,utf-8,utf_8
