vgregion.se,utf-8,utf-8,utf_8
vgtimes.ru,utf-8,Windows-1254,utf_8
vgtu.lt,utf-8,utf-8,utf_8
vgtv.no,utf-8,utf-8,utf_8
vi.gov.lv,UTF-8,utf-8,utf_8
vi.nl,UTF-8,ascii,ascii
vi.no,UTF-8,utf-8,utf_8
via.dk,utf-8,utf-8,utf_8
viaa.gov.lv,,utf-8,utf_8
viabovag.nl,utf-8,utf-8,utf_8
viacarreira.com,UTF-8,utf-8,utf_8
viaconfort.com.uy,utf-8,utf-8,utf_8
viagginews.com,UTF-8,utf-8,utf_8
viaggiolddream.it,utf-8,ascii,ascii
viajeauruguay.com,UTF-8,utf-8,utf_8
viajecomigo.com,UTF-8,Windows-1254,utf_8
viajenaviagem.com,utf-8,utf-8,utf_8
viajeselcorteingles.es,UTF-8,utf-8,utf_8
viamedica.pl,UTF-8,utf-8,utf_8
viamichelin.at,utf-8,utf-8,utf_8
viamichelin.be,utf-8,utf-8,utf_8
viamichelin.ch,utf-8,utf-8,utf_8
viamichelin.co.uk,utf-8,utf-8,utf_8
viamichelin.com,utf-8,utf-8,utf_8
viamichelin.de,utf-8,utf-8,utf_8
viamichelin.es,utf-8,utf-8,utf_8
viamichelin.fr,utf-8,Windows-1254,utf_8
viamichelin.ie,utf-8,utf-8,utf_8
viamichelin.it,utf-8,utf-8,utf_8
viamichelin.nl,utf-8,utf-8,utf_8
viamichelin.pl,utf-8,utf-8,utf_8
viamichelin.pt,utf-8,utf-8,utf_8
vianica.com,utf-8,utf-8,utf_8
viapais.com.ar,utf-8,Windows-1254,utf_8
viaplay.dk,utf-8,utf-8,utf_8
viaplay.fi,utf-8,utf-8,utf_8
viaplay.no,utf-8,utf-8,utf_8
viaplay.se,utf-8,utf-8,utf_8
viasanvitale11.it,,ascii,ascii
viaslovenia.com,UTF-8,utf-8,utf_8
viata-libera.ro,utf-8,utf-8,utf_8
viata-medicala.ro,UTF-8,utf-8,utf_8
viata.be,UTF-8,utf-8,utf_8
viataverdeviu.ro,UTF-8,utf-8,utf_8
viator.com,utf-8,utf-8,utf_8
viaverde.pt,,ascii,ascii
vibilagare.se,utf-8,utf-8,utf_8
vibirai.ru,UTF-8,utf-8,utf_8
viblo.asia,UTF-8,ascii,ascii
viborg-folkeblad.dk,utf-8,utf-8,utf_8
viborg.dk,utf-8,utf-8,utf_8
vice.com,utf-8,utf-8,utf_8
vicko.gr,UTF-8,utf-8,utf_8
vicky.in,UTF-8,ascii,ascii
vickyleandros.nl,utf-8,utf-8,utf_8
victoria.ac.nz,utf-8,utf-8,utf_8
victormatara.com,UTF-8,utf-8,utf_8
victoryonline.co.il,UTF-8,ascii,ascii
vid.gov.lv,utf-8,utf-8,utf_8
vidaativa.pt,,utf-8,utf_8
vidaextra.com,UTF-8,utf-8,utf_8
vidal.fr,UTF-8,utf-8,utf_8
vidal.ru,UTF-8,utf-8,utf_8
vidas.pt,utf-8,utf-8,utf_8
vidaxl.dk,UTF-8,utf-8,utf_8
vidaxl.ee,UTF-8,utf-8,utf_8
vidaxl.lt,UTF-8,utf-8,utf_8
vidaxl.lv,UTF-8,utf-8,utf_8
vidaxl.nl,utf-8,Windows-1252,utf_8
vidaxl.se,utf-8,Windows-1252,utf_8
vidaxl.si,UTF-8,utf-8,utf_8
vidaxl.sk,UTF-8,utf-8,utf_8
videa.hu,UTF-8,utf-8,utf_8
videdressing.com,UTF-8,Windows-1252,utf_8
videkize.hu,UTF-8,utf-8,utf_8
videnov.bg,UTF-8,utf-8,utf_8
videnskab.dk,,ascii,ascii
video-recept.sk,,utf-8,utf_8
videoara.ws,UTF-8,Windows-1254,utf_8
videoclip.bg,utf-8,utf-8,utf_8
videoindirelim.com,utf-8,utf-8,utf_8
videoindirxa.net,UTF-8,Windows-1254,utf_8
videoletoltes.com,UTF-8,utf-8,utf_8
videomarket.jp,UTF-8,utf-8,utf_8
videomon.biz,UTF-8,Windows-1254,utf_8
videotesty.pl,utf-8,utf-8,utf_8
videouroki.net,UTF-8,utf-8,utf_8
vider.info,UTF-8,,utf-8
videsvestis.lv,UTF-8,utf-8,utf_8
vidi.hr,utf-8,utf-8,utf_8
vidio.com,utf-8,utf-8,utf_8
vidri.com.sv,utf-8,utf-8,utf_8
vidutinealga.lt,utf-8,utf-8,utf_8
vidzeme.com,utf-8,utf-8,utf_8
vidzeme.lv,UTF-8,UTF-8-SIG,utf_8_sig
vidzemesslimnica.lv,UTF-8,utf-8,utf_8
vie-publique.fr,UTF-8,utf-8,utf_8
vieclam24h.vn,utf-8,utf-8,utf_8
vienna.at,UTF-8,utf-8,utf_8
viepratique.fr,,ascii,ascii
viesunamiem.lv,UTF-8,utf-8,utf_8
viet-biz.com,,utf-8,utf_8
vietas.lv,,utf-8,utf_8
vietcombank.com.vn,utf-8,utf-8,utf_8
vietgiaitri.com,,utf-8,
vietinbank.vn,UTF-8,utf-8,utf_8
vietjack.com,UTF-8,utf-8,utf_8
vietnamairlines.com,utf-8,utf-8,utf_8
vietnambiz.vn,utf-8,utf-8,utf_8
vietnambooking.com,UTF-8,utf-8,utf_8
vietnamfinance.vn,UTF-8,utf-8,utf_8
vietnammoi.vn,utf-8,utf-8,utf_8
vietnamnet.vn,,ascii,ascii
vietnamnews.vn,utf-8,utf-8,utf_8
vietnamplus.vn,utf-8,utf-8,utf_8
vietnamworks.com,utf-8,utf-8,
vietq.vn,,utf-8,utf_8
vietreview.vn,UTF-8,utf-8,utf_8
vietstock.vn,utf8,ascii,ascii
viettel.vn,UTF-8,utf-8,utf_8
viettelstore.vn,utf-8,utf-8,utf_8
vietteltelecom.vn,UTF-8,utf-8,utf_8
viettimes.vn,utf-8,utf-8,utf_8
viewsofia.com,UTF-8,utf-8,utf_8
vigiadepreco.com.br,UTF-8,utf-8,utf_8
viimeistamuruamyoten.com,UTF-8,utf-8,utf_8
viimsivald.ee,UTF-8,utf-8,utf_8
viivilla.no,UTF-8,utf-8,utf_8
viivilla.se,utf-8,utf-8,utf_8
vijesti.me,UTF-8,utf-8,utf_8
vijti.com,UTF-8,utf-8,utf_8
vikaspedia.in,,utf-8,utf_8
viken.no,utf-8,utf-8,utf_8
vikidia.org,UTF-8,utf-8,utf_8
vikiwat.com,utf-8,utf-8,utf_8
viko.lt,UTF-8,utf-8,utf_8
viktvaktarna.se,utf-8,utf-8,utf_8
vila.bg,UTF-8,utf-8,utf_8
vilbli.no,,ascii,ascii
viljandi.ee,UTF-8,utf-8,utf_8
viljandivald.ee,UTF-8,utf-8,utf_8
vilkaviskis.lt,UTF-8,utf-8,utf_8
village-justice.com,utf-8,utf-8,utf_8
villagiulia-senigallia.it,,ascii,ascii
villanyautosok.hu,UTF-8,utf-8,utf_8
villarealedimonza.it,,ascii,ascii
ville-data.com,iso-8859-1,Windows-1252,iso8859_14
ville-geneve.ch,UTF-8,utf-8,utf_8
villeeunacasa.it,,ascii,ascii
villegassino.it,,ascii,ascii
villyfriends.com,utf-8,ascii,ascii
vilnius21.lt,UTF-8,utf-8,utf_8
vimcojim.cz,,utf-8,utf_8
vimedbarn.se,UTF-8,utf-8,utf_8
vimeo.com,,Windows-1252,utf_8
vimmerbytidning.se,,utf-8,utf_8
vimvic.cz,utf-8,utf-8,utf_8
vind-open.nl,utf-8,utf-8,utf_8
vinden.be,UTF-8,ascii,ascii
vinden.nl,UTF-8,ascii,ascii
ving.no,utf-8,utf-8,utf_8
vinhphuc.edu.vn,,UTF-8-SIG,utf_8_sig
vinhphuc.gov.vn,utf-8,utf-8,utf_8
vinid.net,UTF-8,ascii,ascii
vinkoprom.com,UTF-8,utf-8,utf_8
vinmec.com,utf-8,utf-8,utf_8
vinmonopolet.no,,ascii,ascii
vinochmatguiden.se,UTF-8,utf-8,utf_8
vinsights.co.uk,utf-8,ascii,ascii
vinted.cz,utf-8,Windows-1254,utf_8
vinted.es,utf-8,Windows-1254,utf_8
vinted.fr,utf-8,Windows-1254,utf_8
vinted.lt,utf-8,Windows-1254,utf_8
vinted.pl,utf-8,Windows-1254,utf_8
vip.de,utf-8,utf-8,utf_8
vip.pt,utf-8,utf-8,utf_8
vipi.tv,UTF-8,Windows-1254,gb18030
vipmobile.rs,UTF-8,utf-8,utf_8
vipnytt.no,UTF-8,utf-8,utf_8
vipoferta.bg,UTF-8,utf-8,utf_8
vira.cz,UTF-8,utf-8,utf_8
virail.bg,UTF-8,utf-8,utf_8
virail.ro,UTF-8,utf-8,utf_8
viralagenda.com,UTF-8,utf-8,utf_8
virelaine.org,utf-8,ascii,ascii
virgilio.it,UTF-8,utf-8,utf_8
virginia.gov,UTF-8,ascii,ascii
virginmedia.com,UTF-8,utf-8,utf_8
virginmegastore.ae,UTF-8,ascii,ascii
virgula.com.br,UTF-8,utf-8,utf_8
viridis.ua,utf-8,utf-8,utf_8
virk.dk,utf-8,utf-8,utf_8
viroweb.ee,,utf-8,utf_8
virtasenkauppa.fi,UTF-8,utf-8,utf_8
virtuaalkliinik.ee,UTF-8,ISO-8859-1,utf_8
virtualne.sk,,ascii,ascii
virumaa.ee,UTF-8,utf-8,utf_8
visainfo.lt,UTF-8,ascii,ascii
visalatvija.lv,UTF-8,utf-8,utf_8
visalietuva.lt,UTF-8,utf-8,utf_8
visapasaule.lv,utf-8,utf-8,utf_8
visasdavanas.lv,UTF-8,utf-8,utf_8
visasverslas.lt,utf-8,utf-8,utf_8
visc.gov.lv,UTF-8,utf-8,utf_8
visicom.ua,UTF-8,utf-8,utf_8
visidarbi.lv,UTF-8,utf-8,utf_8
vision-net.ie,UTF-8,utf-8,utf_8
vision.se,utf-8,utf-8,utf_8
vision1cyclings.com,,ascii,ascii
visit.bg,,ascii,ascii
visit.brussels,UTF-8,utf-8,utf_8
visitabudhabi.ae,utf-8,utf-8,utf_8
visitanicaragua.com,UTF-8,Windows-1254,utf_8
visitarportugal.pt,utf-8,utf-8,utf_8
visitcopenhagen.dk,utf-8,Windows-1254,utf_8
visitcostarica.com,utf-8,utf-8,utf_8
visitcyprus.com,utf-8,utf-8,utf_8
visitdaugavpils.lv,iso-8859-1,ascii,ascii
visitdenmark.dk,utf-8,Windows-1252,utf_8
visitdubai.com,utf-8,utf-8,utf_8
visitdublin.com,,ascii,ascii
visitestonia.com,UTF-8,utf-8,utf_8
visitgreece.gr,utf-8,Windows-1252,utf_8
visitlatgale.com,,utf-8,utf_8
visitljubljana.com,utf-8,utf-8,utf_8
visitmaribor.si,utf-8,utf-8,utf_8
visitnorway.com,utf-8,utf-8,utf_8
visitnorway.no,utf-8,utf-8,utf_8
visitnorway.se,utf-8,utf-8,utf_8
visitnsw.com,UTF-8,utf-8,utf_8
visitoslo.com,utf-8,utf-8,utf_8
visitparnu.com,UTF-8,utf-8,utf_8
visitsingapore.com,,utf-8,utf_8
visittallinn.ee,utf-8,utf-8,utf_8
visittampere.fi,UTF-8,Windows-1252,utf_8
visittartu.com,utf-8,Windows-1254,utf_8
visittukums.lv,UTF-8,utf-8,utf_8
visitventspils.com,UTF-8,utf-8,utf_8
visma.no,utf-8,utf-8,utf_8
vismaspcs.se,utf-8,utf-8,utf_8
visme.co,UTF-8,utf-8,utf_8
visnuk.com.ua,utf-8,utf-8,utf_8
visorando.com,UTF-8,utf-8,utf_8
viss.lt,,utf-8,utf_8
viss.lv,,utf-8,utf_8
viss.nu,UTF-8,utf-8,utf_8
visszajovoksnabba.fun,UTF-8,TIS-620,
vistazo.com,,utf-8,utf_8
visvitalisbg.com,UTF-8,utf-8,utf_8
visymo.com,UTF-8,ascii,ascii
vita.bg,UTF-8,ascii,ascii
vita.it,utf-8,utf-8,utf_8
vita.no,utf-8,utf-8,utf_8
vita4you.gr,UTF-8,utf-8,utf_8
vitadox.com,UTF-8,utf-8,utf_8
vitaexpress.ru,,Windows-1252,utf_8
vitalfemalefifty.com,UTF-8,utf-8,utf_8
vitalia.cz,UTF-8,utf-8,utf_8
vitalion.cz,UTF-8,utf-8,utf_8
vitalitasportal.com,UTF-8,utf-8,
vitals.com,UTF-8,ascii,ascii
vitamini.hr,utf-8,utf-8,utf_8
vitania.bg,utf-8,utf-8,utf_8
vitapur.si,UTF-8,utf-8,utf_8
vite-un-depanneur.fr,UTF-8,utf-8,
vitiscats.site,iso-8859-1,ascii,ascii
vitkigurman.com,UTF-8,utf-8,utf_8
vitonica.com,UTF-8,Windows-1254,utf_8
vitorogpromet.rs,UTF-8,utf-8,utf_8
vittude.com,utf-8,utf-8,utf_8
vitusapotek.no,UTF-8,utf-8,utf_8
viu.com,UTF-8,utf-8,utf_8
viunge.dk,utf-8,utf-8,utf_8
viva.co.id,UTF-8,ascii,ascii
viva.co.nz,utf-8,utf-8,utf_8
viva.gr,utf-8,utf-8,utf_8
viva.nl,UTF-8,utf-8,utf_8
viva.pl,UTF-8,utf-8,utf_8
viva.ro,UTF-8,utf-8,utf_8
viva.si,utf-8,utf-8,utf_8
vivacom.bg,UTF-8,utf-8,utf_8
vivadecora.com.br,,utf-8,utf_8
vivados.es,UTF-8,utf-8,utf_8
vivalocal.com,,utf-8,utf_8
vivanicaragua.com.ni,UTF-8,utf-8,utf_8
vivantis.cz,UTF-8,utf-8,utf_8
vivantis.ro,UTF-8,utf-8,utf_8
vivantis.sk,UTF-8,utf-8,utf_8
vivanuncios.com.mx,utf-8,utf-8,utf_8
vivareal.com.br,utf-8,utf-8,utf_8
vivastreet.cl,,utf-8,utf_8
vivastreet.com,,utf-8,utf_8
vivastreet.it,,utf-8,utf_8
vivatravel.rs,UTF-8,utf-8,utf_8
vivavisos.com.ar,,utf-8,utf_8
vive.dk,utf-8,utf-8,utf_8
vivense.com,UTF-8,ascii,ascii
viveos.net,utf-8,utf-8,
viverepiusani.it,UTF-8,utf-8,utf_8
viversano.net,UTF-8,utf-8,utf_8
vivi.tv,UTF-8,utf-8,utf_8
vivit-tours.com,UTF-8,ascii,ascii
vivo.com,,ascii,ascii
vivo.com.br,,utf-8,
vivre.bg,utf-8,ascii,ascii
vivre.gr,utf-8,ascii,ascii
vivre.hr,utf-8,ascii,ascii
vivre.hu,utf-8,ascii,ascii
vivre.ro,utf-8,ascii,ascii
vivre.si,utf-8,ascii,ascii
vivrehome.sk,utf-8,ascii,ascii
vivreici.be,utf-8,utf-8,utf_8
vix.com,utf-8,ascii,ascii
vizim.co.rs,iso-8859-1,ascii,ascii
vizita.si,,utf-8,utf_8
vk.com,utf-8,utf-8,utf_8
vk.se,utf-8,utf-8,utf_8
vkontrole.lt,utf-8,utf-8,utf_8
vkusi.me,iso-8859-1,ascii,ascii
vkusno-i-prosto.ru,UTF-8,utf-8,
vkuso.ru,UTF-8,utf-8,utf_8
vl.no,utf-8,utf-8,utf_8
vl.ru,UTF-8,utf-8,utf_8
vlaanderen.be,utf-8,utf-8,utf_8
vlada.cz,,utf-8,utf_8
vlada.si,utf-8,utf-8,utf_8
vladars.net,utf-8,utf-8,utf_8
vlan.be,,utf-8,utf_8
vlanshop.be,UTF-8,utf-8,utf_8
vle.lt,utf-8,utf-8,utf_8
vlex.cl,,ascii,ascii
vlex.co.cr,,ascii,ascii
vlex.com.co,,ascii,ascii
vlex.com.mx,,ascii,ascii
vlexvenezuela.com,,ascii,ascii
vliegerworkshop.nl,iso-8859-1,ascii,ascii
vlipa.lv,UTF-8,Windows-1254,utf_8
vlive.tv,UTF-8,Windows-1254,utf_8
vlk.lt,utf-8,utf-8,utf_8
vlkk.lt,utf-8,utf-8,utf_8
vlmedicina.lt,,utf-8,utf_8
vlt.se,utf-8,utf-8,utf_8
vm.fi,utf-8,utf-8,utf_8
vm.gov.lv,UTF-8,utf-8,utf_8
vm.ru,utf-8,utf-8,utf_8
vmart.pk,,ascii,ascii
vmd-drogerie.cz,utf-8,utf-8,utf_8
vmgonline.lt,UTF-8,utf-8,utf_8
vmi.lt,UTF-8,utf-8,utf_8
vmkl.lt,utf-8,utf-8,utf_8
vmnvd.gov.lv,UTF-8,utf-8,utf_8
vmp4.me,UTF-8,IBM866,iso8859_9
vmvt.lt,utf-8,utf-8,utf_8
vmware.com,,ascii,ascii
vn.at,utf-8,utf-8,utf_8
vndoc.com,utf-8,utf-8,utf_8
vneconomy.vn,utf-8,utf-8,utf_8
vnexpress.net,utf-8,Windows-1254,iso8859_11
vng.nl,UTF-8,utf-8,utf_8
vni.lv,UTF-8,utf-8,utf_8
vnmedia.vn,,utf-8,utf_8
vnreview.vn,utf-8,utf-8,utf_8
vntrip.vn,utf-8,utf-8,utf_8
vnu.edu.vn,,utf-8,utf_8
voaindonesia.com,utf-8,utf-8,utf_8
voanews.com,UTF-8,utf-8,utf_8
voaportugues.com,utf-8,utf-8,utf_8
voathai.com,utf-8,utf-8,utf_8
voatiengviet.com,utf-8,utf-8,utf_8
voban.rs,UTF-8,utf-8,utf_8
vocabulary.com,utf-8,utf-8,utf_8
vocabulix.com,,ascii,ascii
vod.pl,utf-8,utf-8,utf_8
voda.hr,utf-8,utf-8,utf_8
vodafone.co.nz,UTF-8,utf-8,
vodafone.co.uk,utf-8,ascii,ascii
vodafone.com.eg,utf-8,utf-8,utf_8
vodafone.com.tr,utf-8,utf-8,utf_8
vodafone.cz,,utf-8,utf_8
vodafone.de,ISO-8859-1,ISO-8859-1,cp1250
vodafone.gr,UTF-8,utf-8,utf_8
vodafone.hu,utf-8,utf-8,utf_8
vodafone.ie,UTF-8,utf-8,utf_8
vodafone.pt,UTF-8,utf-8,utf_8
vodafone.ro,utf-8,utf-8,utf_8
vodkaster.com,UTF-8,utf-8,utf_8
voedingscentrum.nl,utf-8,utf-8,utf_8
voetbalkrant.com,UTF-8,Windows-1252,utf_8
voetbalprimeur.be,UTF-8,utf-8,utf_8
voetbalprimeur.nl,UTF-8,utf-8,utf_8
voetbalzone.nl,UTF-8,utf-8,utf_8
vogel.de,UTF-8,utf-8,utf_8
vogue.co.jp,utf-8,utf-8,utf_8
vogue.co.th,UTF-8,UTF-8-SIG,utf_8_sig
vogue.co.uk,utf-8,utf-8,utf_8
vogue.com,utf-8,utf-8,utf_8
vogue.com.tr,utf-8,utf-8,utf_8
vogue.com.tw,utf-8,utf-8,utf_8
vogue.de,utf-8,utf-8,utf_8
vogue.fr,utf-8,utf-8,utf_8
vogue.in,utf-8,utf-8,utf_8
vogue.it,utf-8,utf-8,utf_8
vogue.me,,ascii,ascii
vogue.mx,utf-8,utf-8,utf_8
vogue.nl,UTF-8,utf-8,utf_8
vogue.pl,UTF-8,utf-8,utf_8
vogue.pt,utf-8,UTF-8-SIG,utf_8_sig
vogue.ru,utf-8,utf-8,utf_8
vogue.ua,UTF-8,utf-8,utf_8
voh.com.vn,utf-8,utf-8,utf_8
voi.id,UTF-8,utf-8,utf_8
voice.fi,utf-8,utf-8,utf_8
voicetube.com,utf-8,utf-8,utf_8
voicetv.co.th,utf-8,utf-8,
voici.fr,UTF-8,utf-8,utf_8
voima.fi,UTF-8,utf-8,utf_8
vojvodina.gov.rs,utf-8,utf-8,utf_8
vojvodina.travel,UTF-8,utf-8,utf_8
vokal.in,utf-8,utf-8,utf_8
vokka.jp,utf-8,utf-8,utf_8
vokrug.tv,UTF-8,ascii,ascii
vol.at,UTF-8,utf-8,utf_8
vol.no,UTF-8,utf-8,utf_8
vola.ro,UTF-8,utf-8,utf_8
volagratis.com,utf-8,utf-8,utf_8
volan.si,UTF-8,utf-8,utf_8
volanbusz.hu,UTF-8,utf-8,utf_8
volantino-24.com,UTF-8,utf-8,utf_8
volantinofacile.it,UTF-8,utf-8,utf_8
volgaprojects.net,,ascii,ascii
volim-meso.hr,UTF-8,utf-8,utf_8
volimsvojdom.rs,UTF-8,utf-8,utf_8
volkskrant.nl,UTF-8,utf-8,utf_8
volksstimme.de,utf-8,utf-8,utf_8
volkswagen-alytus.lt,UTF-8,utf-8,utf_8
volshebnaya-eda.ru,UTF-8,utf-8,utf_8
voltaaomundo.pt,utf-8,ascii,ascii
volvat.no,utf-8,utf-8,utf_8
volvocars.com,utf-8,utf-8,utf_8
volvoclub.ee,,ascii,ascii
vomturmhaus.com,UTF-8,utf-8,utf_8
voody.online,utf-8,utf-8,
voog.com,utf-8,utf-8,utf_8
voordeelmuis.nl,,ascii,ascii
voordeeluitjes.nl,utf-8,ascii,ascii
vooremaa.ee,UTF-8,utf-8,utf_8
vorarlberg.at,UTF-8,utf-8,utf_8
voresmad.dk,utf-8,utf-8,utf_8
voresvilla.dk,,ascii,ascii
voria.gr,UTF-8,utf-8,utf_8
vorkers.com,,ascii,ascii
vortexmag.net,UTF-8,utf-8,utf_8
vorumaateataja.ee,utf-8,Windows-1252,utf_8
voruta.lt,UTF-8,utf-8,utf_8
vos-promos.fr,utf-8,utf-8,utf_8
vosgesmatin.fr,utf-8,Windows-1254,utf_8
voso.vn,UTF-8,utf-8,utf_8
vostv.com.ni,utf-8,Windows-1254,utf_8
vosveteit.sk,UTF-8,utf-8,utf_8
votpusk.ru,,windows-1251,cp1251
vous.hu,UTF-8,utf-8,utf_8
vouwvakantie.online,UTF-8,ascii,ascii
vov.vn,utf-8,ascii,ascii
vovgiaothong.vn,utf-8,utf-8,utf_8
vovlive.vn,utf-8,utf-8,utf_8
vovve.net,,Windows-1252,iso8859_14
vovworld.vn,utf-8,utf-8,utf_8
vox.com,utf-8,utf-8,utf_8
vox.de,utf-8,utf-8,utf_8
vox.pl,UTF-8,utf-8,utf_8
voxy.co.nz,utf-8,utf-8,utf_8
voyageforum.com,UTF-8,ascii,ascii
voydeviaje.com.ar,UTF-8,utf-8,utf_8
voz.vn,utf-8,Windows-1254,utf_8
vozpopuli.com,UTF-8,utf-8,utf_8
vozz.vn,UTF-8,utf-8,utf_8
vp4.me,utf-8,ISO-8859-1,utf_8
vpbank.com.vn,utf-8,utf-8,utf_8
vphealthandfitness.com,iso-8859-1,ascii,ascii
vplate.ru,utf-8,utf-8,utf_8
vpro.nl,UTF-8,utf-8,utf_8
vprogids.nl,UTF-8,utf-8,utf_8
vprok.ru,,ascii,ascii
vraa.gov.lv,UTF-8,utf-8,utf_8
vrabciak.sk,UTF-8,utf-8,utf_8
vranjenews.rs,utf-8,utf-8,utf_8
vrbo.com,utf-8,utf-8,utf_8
vrcf.fi,UTF-8,utf-8,utf_8
vrelegume.rs,UTF-8,Windows-1254,utf_8
vreme-slovenija.si,utf-8,utf-8,utf_8
vreme.com,UTF-8,utf-8,utf_8
vreme.us,,UTF-8-SIG,utf_8_sig
vremeanoua.ro,UTF-8,ascii,ascii
vremebo.com,UTF-8,utf-8,utf_8
vres.gr,utf-8,utf-8,utf_8
vresta.gr,UTF-8,Windows-1254,
vriendin.nl,UTF-8,ascii,ascii
vrijeme.net,utf-8,utf-8,utf_8
vrisko.gr,,ascii,ascii
vrk.lt,UTF-8,utf-8,utf_8
vroom.be,,,utf-8
vroomly.com,utf-8,Windows-1252,utf_8
vrsa.lt,utf-8,utf-8,utf_8
vrt.be,utf-8,utf-8,utf_8
vrttaal.net,UTF-8,utf-8,utf_8
vrum.com.br,,ISO-8859-1,cp1252
vs.ch,UTF-8,utf-8,utf_8
vsaa.gov.lv,UTF-8,utf-8,utf_8
vscht.cz,UTF-8,utf-8,utf_8
vse.cz,UTF-8,utf-8,utf_8
vse.ua,UTF-8,utf-8,utf_8
vseapteki.ru,utf-8,utf-8,utf_8
vseigru.net,utf-8,utf-8,utf_8
vseinstrumenti.ru,utf-8,utf-8,utf_8
vseosvita.ua,UTF-8,utf-8,
vsetkyfirmy.sk,,Windows-1254,cp1250
vsetkyrecepty.sk,UTF-8,utf-8,utf_8
vsi.si,UTF-8,utf-8,utf_8
vsichkioferti.bg,UTF-8,utf-8,utf_8
vsikatalogi.si,UTF-8,utf-8,utf_8
vsikuponi.si,utf-8,utf-8,utf_8
vsluh.ru,utf-8,utf-8,utf_8
vsshp.fi,utf-8,utf-8,utf_8
vssr.sk,utf-8,utf-8,utf_8
vsu.ru,,utf-8,utf_8
vszp.sk,utf-8,utf-8,
vtb.ru,utf-8,utf-8,utf_8
vtc.vn,utf-8,utf-8,utf_8
vtd.lt,utf-8,utf-8,utf_8
vtfk.no,utf-8,utf-8,utf_8
vtm.be,,ascii,ascii
vtt.fi,UTF-8,utf-8,utf_8
vtudien.com,UTF-8,utf-8,utf_8
vtv.vn,utf-8,utf-8,utf_8
vtvgo.vn,UTF-8,utf-8,utf_8
vtwonen.be,UTF-8,utf-8,utf_8
vtwonen.nl,UTF-8,utf-8,utf_8
vu.edu.au,utf-8,Windows-1252,utf_8
vu.lt,utf-8,Windows-1254,utf_8
vu.nl,utf-8,utf-8,utf_8
vuahanghieu.com,UTF-8,utf-8,utf_8
vub.be,utf-8,utf-8,utf_8
vub.sk,utf-8,utf-8,utf_8
vucke.sk,utf-8,utf-8,utf_8
vudu.com,UTF-8,ascii,ascii
vugd.gov.lv,UTF-8,utf-8,utf_8
vukajlija.com,utf-8,utf-8,utf_8
vukovisadunava.com,UTF-8,utf-8,utf_8
vukuzenzele.gov.za,,ascii,ascii
vulcanpost.com,UTF-8,utf-8,utf_8
vulearning.com,utf-8,utf-8,utf_8
vulture.com,utf-8,Windows-1254,utf_8
vungoi.vn,utf-8,utf-8,utf_8
vuodatus.net,UTF-8,utf-8,utf_8
vuokraovi.com,UTF-8,utf-8,utf_8
vup.hr,windows-1250,Windows-1252,cp850
vusz.hr,utf-8,utf-8,utf_8
vutbr.cz,utf-8,utf-8,utf_8
vuuzoo.com,UTF-8,utf-8,utf_8
vvc.gov.lv,utf-8,utf-8,utf_8
vvikipedla.com,UTF-8,ascii,ascii
vvs-eksperten.dk,UTF-8,utf-8,utf_8
vvtat.lt,utf-8,utf-8,utf_8
vw-riga.lv,UTF-8,utf-8,utf_8
vwclub.bg,utf-8,UTF-8-SIG,utf_8_sig
vwforum.ro,UTF-8,Windows-1254,utf_8
vwklubi.eu,utf-8,utf-8,utf_8
vy.no,utf-8,utf-8,utf_8
vychodni-morava.cz,UTF-8,utf-8,utf_8
vydavatel.sk,UTF-8,utf-8,utf_8
vyletnik.cz,UTF-8,ascii,ascii
vyllahome.com,utf-8,utf-8,utf_8
vymaps.com,UTF-8,utf-8,utf_8
vynoteka.lt,UTF-8,utf-8,utf_8
vysokeskoly.cz,UTF-8,utf-8,utf_8
vysokeskoly.sk,UTF-8,utf-8,utf_8
vytvorenenaslovensku.sk,UTF-8,utf-8,utf_8
vz.lt,windows-1257,Windows-1252,cp1257
vzajemci.com,utf-8,utf-8,utf_8
vzajemna.si,UTF-8,utf-8,utf_8
vzajemnost.si,utf-8,utf-8,utf_8
vzone.vn,UTF-8,utf-8,utf_8
vzp.cz,utf-8,utf-8,utf_8
w3.ee,,utf-8,utf_8
w3schools.com,,ascii,ascii
wa.de,utf-8,utf-8,utf_8
wa.gov,,utf-8,utf_8
waa2.co.id,UTF-8,utf-8,utf_8
waa2.it,UTF-8,utf-8,utf_8
waa2.pk,UTF-8,utf-8,utf_8
wadhefa.com,iso-8859-1,ascii,ascii
wafa.ps,utf-8,utf-8,utf_8
wafyapp.com,utf-8,utf-8,utf_8
wahawada2ef.com,,ascii,ascii
waikato.ac.nz,utf-8,utf-8,utf_8
waitrose.com,utf-8,utf-8,utf_8
wakacje.pl,utf-8,utf-8,utf_8
walesonline.co.uk,UTF-8,utf-8,utf_8
walgreens.com,utf-8,utf-8,utf_8
walisongo.ac.id,UTF-8,utf-8,utf_8
walkerplus.com,utf-8,utf-8,utf_8
wall-street.ro,UTF-8,utf-8,
wall.hr,UTF-8,utf-8,utf_8
walla.co.il,utf-8,utf-8,
wallapop.com,UTF-8,ascii,ascii
wallashops.co.il,utf-8,ascii,ascii
wallatours.co.il,utf-8,ascii,ascii
wallonie.be,UTF-8,utf-8,utf_8
walloniebelgietoerisme.be,utf-8,utf-8,utf_8
walloniebelgiquetourisme.be,utf-8,utf-8,utf_8
wallpaperaccess.com,UTF-8,,utf-8
wallpapercave.com,UTF-8,utf-8,utf_8
wallstreetenglish.com,UTF-8,utf-8,utf_8
wallstreetenglish.com.ar,UTF-8,utf-8,utf_8
wallstreetenglish.in.th,UTF-8,utf-8,utf_8
walmart.ca,utf-8,utf-8,utf_8
walmart.com,utf-8,ascii,ascii
walmart.com.ar,utf-8,utf-8,utf_8
walmart.com.mx,,ascii,ascii
walnuts.fun,UTF-8,,utf_8
walpolarahula.org,utf-8,ascii,ascii
waltonbd.com,utf-8,utf-8,utf_8
wam.ae,UTF-8,utf-8,utf_8
wamiz.com,utf-8,utf-8,utf_8
wandaloo.com,UTF-8,utf-8,utf_8
wander-book.com,UTF-8,utf-8,utf_8
wandersite.ch,iso-8859-1,ascii,ascii
wanderungen.ch,,utf-8,
wanhaber.com,utf-8,utf-8,utf_8
wanhasatama.fi,,ascii,ascii
wanista.com,UTF-8,utf-8,utf_8
wannabemagazine.com,UTF-8,utf-8,utf_8
want.nl,UTF-8,utf-8,utf_8
wantedly.com,utf-8,utf-8,utf_8
wantitall.co.za,utf-8,ascii,ascii
wap-won.com,UTF-8,ascii,ascii
wap.vn,UTF-8,utf-8,utf_8
wapcar.my,utf-8,utf-8,utf_8
wapkiz.com,UTF-8,ascii,ascii
wappfodd.net,UTF-8,utf-8,utf_8
wapteka.pl,UTF-8,utf-8,utf_8
waptrick.ltd,UTF-8,utf-8,utf_8
wapwon.live,UTF-8,utf-8,utf_8
warbletoncouncil.org,iso-8859-1,ascii,ascii
warehousestationery.co.nz,UTF-8,utf-8,utf_8
warmschaap.nl,utf-8,ascii,ascii
warwick.ac.uk,UTF-8,utf-8,utf_8
waseet.net,UTF-8,utf-8,utf_8
washington.edu,,utf-8,utf_8
wasi.lk,UTF-8,utf-8,utf_8
waszaedukacja.pl,,utf-8,utf_8
watania.net,UTF-8,utf-8,utf_8
wataninet.com,UTF-8,utf-8,utf_8
watanserb.com,UTF-8,utf-8,utf_8
watchlakorn.in,TIS-620,TIS-620,iso8859_11
waterstones.com,UTF-8,utf-8,utf_8
watertownmanews.com,UTF-8,utf-8,utf_8
watoday.com.au,utf-8,utf-8,utf_8
watson.ch,UTF-8,Windows-1252,utf_8
watson.de,UTF-8,utf-8,utf_8
watsons.com.tr,utf-8,Windows-1254,utf_8
wattan.net,utf-8,utf-8,
wattoo.dk,UTF-8,utf-8,utf_8
wattpad.com,,ascii,ascii
wayfair.ca,UTF-8,ascii,ascii
wayfair.co.uk,UTF-8,utf-8,utf_8
wayfair.com,UTF-8,ascii,ascii
wayfair.de,UTF-8,utf-8,utf_8
waykanankab.go.id,UTF-8,ascii,ascii
wayke.se,utf-8,utf-8,utf_8
waz.de,UTF-8,utf-8,utf_8
wazap.com,Shift_JIS,SHIFT_JIS,cp932
waze.com,utf-8,utf-8,utf_8
wazzadu.com,utf-8,utf-8,utf_8
wazzzup.nl,UTF-8,UTF-8-SIG,utf_8_sig
wbl.sk,UTF-8,utf-8,utf_8
wbs.cz,UTF-8,utf-8,utf_8
wday.ru,utf-8,utf-8,utf_8
wdr.de,utf-8,utf-8,utf_8
wear.jp,utf-8,ascii,ascii
weareteachers.com,UTF-8,utf-8,utf_8
weather.com,utf-8,utf-8,utf_8
weather.gov,UTF-8,ascii,ascii
weather2day.co.il,UTF-8,ascii,ascii
weather2umbrella.com,UTF-8,utf-8,utf_8
weathercrave.com,UTF-8,utf-8,utf_8
weathernews.jp,utf-8,utf-8,utf_8
web-pra.com,utf-8,utf-8,utf_8
web.de,UTF-8,utf-8,utf_8
web.tv,UTF-8,utf-8,utf_8
weba.be,UTF-8,utf-8,utf_8
webapoteket.dk,utf-8,UTF-8-SIG,utf_8_sig
webaptieka.lv,utf-8,utf-8,utf_8
webbeteg.hu,iso-8859-1,ascii,ascii
webcafe.bg,UTF-8,utf-8,utf_8
webcartop.jp,UTF-8,utf-8,utf_8
webcg.net,utf-8,utf-8,utf_8
webcindario.com,iso-8859-1,ISO-8859-1,cp1250
webcolegios.com,,utf-8,utf_8
webconsultas.com,utf-8,utf-8,utf_8
webcontinental.com.br,UTF-8,ascii,ascii
webdelmaestro.com,UTF-8,utf-8,utf_8
webdenal.com,UTF-8,utf-8,utf_8
webdex.ro,UTF-8,utf-8,utf_8
webdo.tn,UTF-8,utf-8,utf_8
webdunia.com,UTF-8,utf-8,utf_8
webflow.com,,utf-8,utf_8
webflow.io,,ascii,ascii
webgarden.cz,utf-8,utf-8,utf_8
webgradnja.hr,UTF-8,utf-8,utf_8
webhallen.com,UTF-8,utf-8,utf_8
webike.net,Shift_JIS,SHIFT_JIS,cp932
webike.vn,UTF-8,utf-8,utf_8
webindia123.com,,ascii,ascii
webinfo.co.il,UTF-8,utf-8,utf_8
weblahko.sk,UTF-8,utf-8,utf_8
weblaw.ch,UTF-8,utf-8,utf_8
weblio.jp,UTF-8,utf-8,utf_8
webmaak.nl,utf-8,ascii,ascii
webmanagercenter.com,,utf-8,utf_8
webmd.com,UTF-8,ascii,ascii
webmotors.com.br,,utf-8,utf_8
webnauan.vn,UTF-8,utf-8,utf_8
webnode.cl,UTF-8,Windows-1252,utf_8
webnode.com,UTF-8,Windows-1252,utf_8
webnode.com.br,UTF-8,Windows-1252,utf_8
webnode.cz,UTF-8,Windows-1254,utf_8
webnode.es,UTF-8,Windows-1252,utf_8
webnode.fi,UTF-8,Windows-1252,utf_8
webnode.gr,UTF-8,Windows-1254,utf_8
webnode.hu,UTF-8,Windows-1254,utf_8
webnode.nl,UTF-8,Windows-1252,utf_8
webnode.pt,UTF-8,Windows-1252,utf_8
webnode.ro,UTF-8,Windows-1254,utf_8
webnode.se,UTF-8,utf-8,utf_8
webnode.sk,UTF-8,Windows-1254,utf_8
webnoviny.sk,utf-8,utf-8,utf_8
webopskrifter.dk,utf-8,utf-8,utf_8
weborvos.hu,UTF-8,UTF-8-SIG,utf_8_sig
webrazzi.com,UTF-8,utf-8,utf_8
webshop.ee,UTF-8,utf-8,utf_8
webshopapp.com,utf-8,ascii,ascii
websites.ca,utf-8,Windows-1252,utf_8
websitesetup.org,UTF-8,utf-8,utf_8
websnadno.cz,UTF-8,utf-8,utf_8
websosanh.co,UTF-8,utf-8,utf_8
websosanh.vn,utf-8,Windows-1254,utf_8
webspoon.ru,utf-8,ascii,ascii
webstage.bg,utf-8,utf-8,utf_8
webstaurantstore.com,UTF-8,utf-8,utf_8
websupplies.gr,utf-8,utf-8,utf_8
webteb.com,utf-8,utf-8,utf_8
webtekno.com,UTF-8,utf-8,utf_8
webthethao.vn,UTF-8,utf-8,utf_8
webtoons.com,UTF-8,utf-8,utf_8
webtretho.com,utf-8,ascii,ascii
webtrh.cz,UTF-8,utf-8,utf_8
webtruyen.com,UTF-8,utf-8,utf_8
webumenia.sk,UTF-8,utf-8,utf_8
webvalid.de,utf-8,utf-8,utf_8
webyempresas.com,UTF-8,GB2312,utf_8
webzdarma.cz,utf-8,utf-8,utf_8
webzone.ee,UTF-8,utf-8,utf_8
wecare.gr,utf-8,utf-8,utf_8
wedding.pl,UTF-8,Windows-1254,utf_8
weddinglist.co.th,UTF-8,utf-8,utf_8
weddingpark.net,UTF-8,utf-8,utf_8
weddingsevermore.com,utf-8,ascii,ascii
weddingsonline.ie,utf-8,ascii,ascii
weddingwire.com,UTF-8,utf-8,utf_8
weddingwire.in,UTF-8,utf-8,utf_8
weddingz.in,utf-8,utf-8,utf_8
wedmegood.com,utf-8,utf-8,utf_8
weebly.com,UTF-8,Windows-1254,utf_8
weekend-family.co.il,utf-8,utf-8,utf_8
weekend.at,UTF-8,utf-8,utf_8
weekend.co.il,utf-8,utf-8,utf_8
weekendavisen.dk,UTF-8,utf-8,utf_8
weekendesk.be,utf-8,Windows-1254,utf_8
weekendhobby.com,,TIS-620,iso8859_11
weekendnotes.com,,ascii,ascii
weekendshoes.ee,UTF-8,utf-8,utf_8
weekendshoes.lv,UTF-8,utf-8,utf_8
weekli.de,UTF-8,utf-8,utf_8
ween.tn,UTF-8,utf-8,utf_8
weeronline.nl,utf-8,utf-8,utf_8
weerplaza.nl,utf-8,utf-8,utf_8
weetas.com,UTF-8,utf-8,utf_8
wefit.gr,utf-8,utf-8,utf_8
weforum.org,utf-8,utf-8,utf_8
wego.ae,UTF-8,ascii,ascii
wego.com,UTF-8,ascii,ascii
wegointer.com,,Windows-1254,utf_8
wegwandern.ch,UTF-8,utf-8,utf_8
wehkamp.nl,utf-8,utf-8,utf_8
weibo.cn,utf-8,utf-8,utf_8
weibo.com,utf-8,Windows-1254,utf_8
weightwatchers.com,utf-8,utf-8,utf_8
weimar-citroen.de,,ascii,ascii
weisse-liste.de,utf-8,utf-8,utf_8
weizmann.ac.il,utf-8,utf-8,utf_8
weka.ch,UTF-8,Windows-1254,utf_8
wekelijkse-folders.nl,UTF-8,ISO-8859-1,utf_8
welcomeargentina.com,ISO-8859-1,ISO-8859-1,cp1252
weldom.fr,utf-8,ascii,ascii
welingelichtekringen.nl,UTF-8,utf-8,utf_8
welke.nl,,ascii,ascii
welkoop.nl,UTF-8,utf-8,utf_8
well.ca,,ascii,ascii
wellandfit.hu,UTF-8,utf-8,utf_8
wellandgood.com,UTF-8,utf-8,utf_8
wellington.govt.nz,utf-8,utf-8,utf_8
wellnessepicenter.com,utf-8,ascii,ascii
welovebudapest.com,utf-8,utf-8,utf_8
welovelithuania.com,iso-8859-1,ascii,ascii
weloveshopping.com,UTF-8,utf-8,utf_8
welt.de,utf-8,utf-8,utf_8
weltbild.at,,utf-8,
weltbild.ch,,utf-8,
weltbild.de,,utf-8,
wemall.com,UTF-8,utf-8,utf_8
wemp.app,,utf-8,utf_8
wemystic.com.br,,utf-8,
wenskaart-bestellen.nl,utf-8,utf-8,utf_8
weplay.cl,UTF-8,utf-8,utf_8
wepqu.com,UTF-8,ascii,ascii
wer-weiss-was.de,utf-8,utf-8,utf_8
wer-zu-wem.de,UTF-8,utf-8,utf_8
wer.ru,UTF-8,utf-8,utf_8
weranda.pl,UTF-8,utf-8,utf_8
werhatoffen.de,UTF-8,utf-8,utf_8
werkaandemuur.nl,utf-8,utf-8,utf_8
werkenntdenbesten.de,UTF-8,utf-8,utf_8
werkspot.nl,utf-8,utf-8,utf_8
werkzoeken.nl,UTF-8,utf-8,utf_8
werstreamt.es,utf-8,utf-8,utf_8
weschool.com,,utf-8,utf_8
weselezklasa.pl,UTF-8,Windows-1254,utf_8
weser-kurier.de,UTF-8,utf-8,utf_8
westendphotography.com.au,UTF-8,Windows-1252,utf_8
westermann.de,UTF-8,utf-8,utf_8
westerncape.gov.za,utf-8,utf-8,utf_8
westernsydney.edu.au,utf-8,utf-8,utf_8
westfalen-blatt.de,utf-8,utf-8,utf_8
westfield.com.au,utf-8,utf-8,utf_8
westlapetsitting.com,utf-8,ascii,ascii
westpac.co.nz,utf-8,utf-8,utf_8
westwing.com.br,utf-8,utf-8,utf_8
westwing.de,utf-8,utf-8,utf_8
westwing.it,utf-8,utf-8,utf_8
westwing.nl,utf-8,utf-8,utf_8
westwing.pl,utf-8,utf-8,utf_8
wetter.at,utf-8,utf-8,
wetter.com,UTF-8,utf-8,utf_8
wetter.de,utf-8,utf-8,utf_8
wetteronline.at,,ascii,ascii
wetteronline.ch,,ascii,ascii
wetteronline.de,,ascii,ascii
wettpoint.com,iso-8859-1,ascii,ascii
wetv.vip,utf-8,utf-8,utf_8
wexphotovideo.com,utf-8,ascii,ascii
wexthuset.com,,utf-8,utf_8
wg-gesucht.de,UTF-8,utf-8,utf_8
wgtn.ac.nz,utf-8,utf-8,utf_8
what-this.com,UTF-8,utf-8,utf_8
whatcar.com,utf-8,ISO-8859-1,utf_8
whatcar.ee,UTF-8,Windows-1254,utf_8
whatcar.lv,UTF-8,Windows-1254,utf_8
whatdoesfreedomlooklike.com,UTF-8,utf-8,utf_8
whatdotheyknow.com,utf-8,Windows-1252,utf_8
whathifi.com,UTF-8,utf-8,utf_8
whatmobile.com.pk,utf-8,ascii,ascii
whatnext.pl,UTF-8,ascii,ascii
whatphone.net,UTF-8,utf-8,utf_8
whatprice.com.pk,utf-8,utf-8,utf_8
whatpub.com,UTF-8,ascii,ascii
whatsapp.com,"""utf-8""",utf-8,utf_8
whatshot.in,utf-8,utf-8,
whatsin.jp,UTF-8,utf-8,utf_8
whatson.ae,UTF-8,utf-8,utf_8
whatsup.es,UTF-8,utf-8,utf_8
whattoexpect.com,utf-8,utf-8,utf_8
wheel.co.il,UTF-8,utf-8,utf_8
wheelers.co.nz,utf-8,ascii,ascii
whereis.com,UTF-8,ascii,ascii
wheretostay.co.za,UTF-8,utf-8,utf_8
which.co.uk,UTF-8,utf-8,utf_8
whichcar.com.au,utf-8,utf-8,utf_8
whiplash.net,UTF-8,ascii,ascii
whirlpool.net.au,UTF-8,ascii,ascii
whitcoulls.co.nz,UTF-8,ascii,ascii
whiteaway.com,UTF-8,utf-8,utf_8
whitepages.co.nz,utf-8,utf-8,utf_8
whitepages.com,utf-8,utf-8,utf_8
whitepages.com.au,utf-8,utf-8,utf_8
who.com.au,utf-8,utf-8,utf_8
who.int,utf-8,utf-8,utf_8
whoscored.com,,ascii,ascii
whowhatwear.co.uk,,utf-8,utf_8
whowhatwear.com,,utf-8,utf_8
whsmith.co.uk,UTF-8,utf-8,utf_8
wiadomoscihandlowe.pl,UTF-8,utf-8,utf_8
wiara.pl,utf-8,utf-8,utf_8
wickes.co.uk,UTF-8,ISO-8859-1,utf_8
wides.pl,utf-8,utf-8,utf_8
wie-sagt-man-noch.de,utf-8,utf-8,utf_8
wielkiezarcie.com,utf-8,utf-8,utf_8
wien.at,UTF-8,utf-8,utf_8
wien.gv.at,UTF-8,utf-8,utf_8
wien.info,UTF-8,utf-8,utf_8
wienerin.at,UTF-8,utf-8,utf_8
wienerzeitung.at,utf-8,utf-8,utf_8
wifeo.com,UTF-8,Windows-1252,utf_8
wifi.at,utf-8,utf-8,utf_8
wiggle.co.uk,utf-8,utf-8,utf_8
wiki-wiki.ru,UTF-8,utf-8,utf_8
wiki.moda,utf8,utf-8,utf_8
wiki2.org,,utf-8,utf_8
wiki2.wiki,UTF-8,ascii,ascii
wikia.org,UTF-8,ascii,ascii
wikiarab.com,UTF-8,utf-8,utf_8
wikiarabi.org,,ascii,ascii
wikiarticle.xyz,UTF-8,utf-8,utf_8
wikibath.ru,utf-8,utf-8,utf_8
wikibooks.org,,utf-8,utf_8
wikicasa.it,UTF-8,utf-8,utf_8
wikicell.org,UTF-8,ascii,ascii
wikidata.org,UTF-8,Windows-1254,utf_8
wikidiff.com,utf-8,ascii,ascii
wikidocumentaries-demo.wmflabs.org,,ascii,ascii
wikienx.ru,cp1251,windows-1251,cp1251
wikiforschool.com,UTF-8,utf-8,utf_8
wikiguate.com.gt,UTF-8,utf-8,utf_8
wikihow.com,UTF-8,utf-8,utf_8
wikihow.com.tr,UTF-8,utf-8,utf_8
wikihow.cz,UTF-8,utf-8,utf_8
wikihow.it,UTF-8,utf-8,utf_8
wikihow.vn,UTF-8,utf-8,utf_8
wikikids.nl,UTF-8,utf-8,utf_8
wikilengua.org,,ascii,ascii
wikiloc.com,,ascii,ascii
wikimapia.org,,ISO-8859-1,utf_8
wikimedia.org,,utf-8,utf_8
wikimisr.com,UTF-8,utf-8,utf_8
wikiorg.ru,,utf-8,utf_8
